case_id,structure,article,status,date_opened,date_closed,investigator,suspect,evidence_count
e274937a-218d-4bbc-aaee-61bbf1e1fe1d,Прокуратура,263,Ожидание экспертизы,2024-08-11,,Опер #164,Гр. Сидоренко 534,4
a115adda-a026-4332-a237-7f257f4f5eec,СБУ,263,Ожидание экспертизы,2020-12-21,,Опер #134,Гр. Гончар 635,4
dddf8e04-393c-4ddf-9843-279700b5eb8b,СБУ,307,В работе,2020-10-10,,Опер #40,Гр. Мельник 798,13
03a90533-4b01-4f58-b020-9e14783e66ad,НПУ,263,Ожидание экспертизы,2020-10-20,2021-04-19,Опер #91,Гр. Коваленко 506,1
90687529-2954-4180-bd40-0a2c28a8768a,СБУ,307,В работе,2023-04-21,2023-06-05,Опер #20,Гр. Мельник 804,4
88337c6f-688f-476f-8b87-a78cbb27a139,Прокуратура,115,В работе,2020-07-06,,Опер #152,Гр. Коваленко 120,14
d36d0c0c-09f7-49eb-b972-3ca1685903c1,Прокуратура,296,Ожидание экспертизы,2020-12-25,2021-10-16,Опер #10,Гр. Петров 268,12
4cfe2b91-ee9e-4515-b49c-0b59d0df0b86,Прокуратура,307,В работе,2021-03-19,2021-10-13,Опер #73,Гр. Коваленко 103,4
c32b0f6f-0e22-4dc4-96d9-6c3a29c727ed,НПУ,309,На розыске,2024-09-01,,Опер #163,Гр. Иванов 244,1
45a5d9d6-9efc-49e3-b870-bfa13fbc4d54,НПУ,289,На розыске,2022-03-12,,Опер #84,Гр. Коваленко 282,9
ef0d6cfb-427c-464c-9c8e-3888b6593ecc,СБУ,307,В работе,2023-06-18,,Опер #40,Гр. Гончар 495,7
5e9120dc-1d4c-4395-9680-aa78c58ce004,Прокуратура,296,Закрыто,2025-07-22,,Опер #180,Гр. Гончар 148,0
c74e326b-379a-43a5-9a3d-db258652273c,Прокуратура,185,На розыске,2020-08-15,2021-06-13,Опер #165,Гр. Петров 350,5
ecda3b77-3a4a-45b4-b3f7-202ef42814e8,НПУ,187,Ожидание экспертизы,2021-04-29,2021-09-25,Опер #198,Гр. Мельник 276,1
9ce236c6-6b6c-4612-8ffe-51143338a644,Прокуратура,263,Закрыто,2024-05-17,,Опер #124,Гр. Иванов 971,0
b5f77b48-31ef-434f-8d11-67259e0c9633,Прокуратура,296,Передано в суд,2024-03-12,2024-09-17,Опер #154,Гр. Петров 230,11
ba8c7671-0eff-4b9d-b16d-e902a2037f5b,СБУ,187,В работе,2023-10-24,,Опер #195,Гр. Гончар 428,8
cef2cefc-bbf1-41bf-9066-1c4691dbc689,НПУ,307,В работе,2024-05-30,,Опер #128,Гр. Коваленко 820,0
aea4bac9-204b-43e1-86d5-a3266c83d2c3,НПУ,121,Передано в суд,2020-08-08,,Опер #157,Гр. Гончар 393,15
d82dd1f8-37b4-4d4f-9d1b-3a01ecf35f7f,Прокуратура,194,Передано в суд,2025-03-15,2026-03-14,Опер #143,Гр. Петров 388,14
101e6e0b-e107-4a2c-b81d-f77697eec801,НПУ,307,Передано в суд,2021-10-06,,Опер #103,Гр. Сидоренко 264,9
2a154b33-1584-484a-abd0-b0b20599a9fd,СБУ,296,Передано в суд,2025-09-08,,Опер #192,Гр. Сидоренко 834,7
577d57e8-da33-41fc-8660-ce8d050e86a0,СБУ,263,В работе,2024-12-08,2026-01-03,Опер #56,Гр. Иванов 587,4
7e2e2456-2a92-406e-b7aa-413e6e2f54c5,НПУ,296,Передано в суд,2025-01-06,2025-08-29,Опер #87,Гр. Коваленко 774,7
2d4090f9-8bc3-41aa-8909-eb13c61ec191,Прокуратура,263,Ожидание экспертизы,2022-08-25,2022-10-20,Опер #62,Гр. Гончар 189,8
79c476bb-72fe-4c4e-ad3d-4b33cc874e0f,НПУ,296,Ожидание экспертизы,2021-07-18,,Опер #81,Гр. Коваленко 700,7
45751d5c-6e73-4c45-9f96-69d438cf2a3b,НПУ,263,Закрыто,2025-11-09,2026-06-29,Опер #24,Гр. Коваленко 741,6
88555301-4894-493e-8862-ca6a4adb478b,НПУ,289,Передано в суд,2021-02-23,2021-07-06,Опер #178,Гр. Мельник 292,2
d762b0a1-553e-4fa2-ba69-8a14ba0851de,СБУ,187,На розыске,2022-06-12,,Опер #64,Гр. Коваленко 446,3
86065bbc-7535-41ea-92d4-4c3886d452df,СБУ,121,Закрыто,2022-05-26,,Опер #102,Гр. Петров 973,11
8cf4658b-e2b3-46c9-99a0-66fa59f09a5b,НПУ,296,Передано в суд,2020-07-18,,Опер #49,Гр. Петров 568,6
c7d960ee-c557-4552-9746-42bc6a7ee14d,СБУ,185,Закрыто,2024-11-02,,Опер #63,Гр. Мельник 608,3
ff5219b0-ef6d-4b5a-96a6-06a00b36c0e1,НПУ,289,Закрыто,2025-11-12,,Опер #24,Гр. Иванов 903,7
b22b8abc-e517-4924-ae74-2d2a32588c86,СБУ,185,Закрыто,2024-03-22,,Опер #169,Гр. Гончар 643,1
213dcf2d-4118-4b1d-88a2-f9472054f6fe,НПУ,289,Ожидание экспертизы,2024-07-29,2025-07-13,Опер #186,Гр. Коваленко 574,5
a28f1dfa-60c9-4a7b-b68a-b2df0301caa6,Прокуратура,289,В работе,2023-10-20,,Опер #130,Гр. Сидоренко 464,8
a15d3571-29f8-4a7b-99b9-b23a0a093bad,НПУ,187,Закрыто,2020-09-24,2020-11-10,Опер #183,Гр. Сидоренко 646,8
f6c1bf34-00ef-4344-893e-a5259ea0d417,НПУ,289,В работе,2023-05-25,2023-08-21,Опер #106,Гр. Коваленко 461,3
4d7f7326-3b91-41b9-87ad-0f67e0f78f3d,НПУ,121,Передано в суд,2022-03-31,,Опер #70,Гр. Мельник 769,4
a28d22a8-cfa5-4bf5-af94-d59e0d4b22ab,Прокуратура,194,На розыске,2020-09-28,2020-10-10,Опер #165,Гр. Петров 920,12
310aaaec-91dc-4ab9-9ba1-1e8bf69e665d,СБУ,289,Ожидание экспертизы,2020-05-30,2021-06-13,Опер #97,Гр. Петров 835,6
3828d321-bd55-4e79-8ed9-9ec2c0fda64c,Прокуратура,194,В работе,2023-06-02,,Опер #25,Гр. Сидоренко 106,10
785af34d-21fc-4d6f-8361-602e62666be8,Прокуратура,194,На розыске,2021-06-15,,Опер #184,Гр. Мельник 547,5
c5322da8-1e4c-45e3-8c51-a8445c9349ca,Прокуратура,121,Ожидание экспертизы,2025-08-06,,Опер #94,Гр. Иванов 411,0
abca5c7e-6949-4ae9-9d0c-3417e5e33b8c,НПУ,194,Передано в суд,2021-12-08,,Опер #70,Гр. Коваленко 422,5
4b21131b-02b2-4c02-9155-a8cfc062703f,Прокуратура,309,На розыске,2025-04-12,2025-10-17,Опер #41,Гр. Сидоренко 675,14
66f21d7c-fd7e-45e1-8842-e0e106f0e3ed,НПУ,187,Передано в суд,2024-04-22,,Опер #150,Гр. Иванов 310,2
b8deabeb-d095-4ba9-9ad5-239fe710bd36,СБУ,307,На розыске,2025-09-03,,Опер #92,Гр. Иванов 842,0
1a99f860-dfbf-4490-afcf-c54cb9360ccd,НПУ,307,На розыске,2020-09-26,2020-12-11,Опер #59,Гр. Коваленко 117,7
f5875250-298d-434b-86ea-a0355d1a1f69,СБУ,187,Передано в суд,2024-08-13,,Опер #170,Гр. Петров 706,10
ef500fa6-30e5-475e-a466-8ebad8e7b44e,СБУ,263,Ожидание экспертизы,2022-04-05,,Опер #172,Гр. Иванов 639,1
d2e10358-807d-4059-8a77-bdb477c131aa,СБУ,194,Передано в суд,2024-11-11,,Опер #94,Гр. Коваленко 536,12
d5366e65-98ec-4fcc-bde2-b1ae7c556298,НПУ,121,Закрыто,2023-07-13,,Опер #81,Гр. Коваленко 760,9
5ce20278-7545-40da-ae98-a516278cd520,СБУ,309,Ожидание экспертизы,2023-03-10,,Опер #149,Гр. Сидоренко 114,9
1897464c-8188-4f0f-b4e6-799ab8fbe5dc,НПУ,115,Закрыто,2023-04-18,,Опер #197,Гр. Иванов 151,2
ce0bf846-d64b-4841-9b53-cd2d6c26122a,НПУ,115,Ожидание экспертизы,2021-09-18,2022-04-20,Опер #40,Гр. Иванов 587,10
7baa4a2f-8ddc-4538-8161-fec69467909a,СБУ,263,На розыске,2020-01-27,2021-02-21,Опер #189,Гр. Коваленко 470,2
f4249757-44a9-4039-9900-dd9c06773824,Прокуратура,296,В работе,2025-10-13,,Опер #20,Гр. Коваленко 626,8
ea9b6254-fb15-4ac6-84e7-52a0d299398c,Прокуратура,115,Ожидание экспертизы,2025-09-06,,Опер #25,Гр. Иванов 747,6
e9530f06-f9ab-43c4-b4d0-97585c09f3e5,СБУ,115,В работе,2023-05-31,,Опер #58,Гр. Иванов 547,8
a2a54cc9-511b-4360-b4ce-07f9c117ce62,СБУ,296,Передано в суд,2022-02-14,2022-03-21,Опер #17,Гр. Петров 572,12
6e64eb1d-c4a8-4229-bc7a-52d00ef67d34,Прокуратура,185,Закрыто,2025-01-06,,Опер #21,Гр. Сидоренко 106,1
af42a830-6158-481d-b3c5-db11a7256349,СБУ,289,Закрыто,2023-11-30,,Опер #100,Гр. Иванов 116,5
10b1486d-a1f9-4ff1-9240-39ef01eeac8a,СБУ,187,Закрыто,2025-10-03,,Опер #18,Гр. Сидоренко 583,10
68f37198-0aac-43a1-a543-75d6a7b07d92,НПУ,121,В работе,2021-03-03,2021-10-22,Опер #61,Гр. Мельник 561,4
244136f3-684f-4473-955b-2f6be451c876,Прокуратура,296,Ожидание экспертизы,2022-03-19,2023-04-19,Опер #180,Гр. Сидоренко 965,4
316cb3c0-066f-42c5-a1c7-1c6edbfcc582,Прокуратура,263,Передано в суд,2021-03-28,2022-03-27,Опер #44,Гр. Сидоренко 759,11
3a887419-763c-42be-92de-5ef509ef3e66,НПУ,115,В работе,2022-10-03,,Опер #193,Гр. Петров 973,10
11d932e6-1a05-44ba-9011-4181c98cfef2,НПУ,309,Ожидание экспертизы,2023-06-03,,Опер #138,Гр. Гончар 916,9
e242e12d-5103-4fca-92f3-a3cbbf087b28,СБУ,115,Закрыто,2022-02-15,,Опер #118,Гр. Гончар 763,4
e9add308-d717-4779-951d-00513974f488,СБУ,187,Закрыто,2021-05-03,,Опер #155,Гр. Мельник 553,15
067a15e4-81d5-46c5-b437-d074903fed88,Прокуратура,296,Ожидание экспертизы,2025-11-20,2026-02-18,Опер #122,Гр. Иванов 309,9
d904f940-d166-40ca-b2c9-5fdec05d439c,СБУ,115,Закрыто,2022-01-01,2022-12-11,Опер #137,Гр. Мельник 282,3
4a36d7ff-4287-454c-8c39-8c9b0eeb2ccc,Прокуратура,187,На розыске,2023-07-14,,Опер #76,Гр. Петров 602,11
852dedc7-1bb2-4292-af68-db9783750903,Прокуратура,187,На розыске,2021-05-21,2022-05-04,Опер #21,Гр. Сидоренко 859,7
d1c1f874-0b98-41f2-bd1e-00cbb139dd39,НПУ,121,В работе,2023-12-27,,Опер #8,Гр. Сидоренко 493,10
881ec59f-5110-4206-9ab4-81135b215683,НПУ,185,Закрыто,2020-01-11,,Опер #115,Гр. Сидоренко 223,0
96d92f84-63eb-424a-966f-f637f81899f8,СБУ,309,Передано в суд,2022-03-30,,Опер #143,Гр. Иванов 816,12
77d8edf4-ec42-402b-967e-438c8cbdcfc4,Прокуратура,187,В работе,2023-03-10,2024-03-12,Опер #171,Гр. Гончар 295,1
c4d5a28c-d25d-499c-8e4c-1f14b0aecff4,НПУ,296,Ожидание экспертизы,2023-09-18,,Опер #36,Гр. Иванов 378,4
5733eb36-35eb-4111-bc39-e1848d19fbf4,СБУ,185,Закрыто,2021-02-10,,Опер #91,Гр. Гончар 513,0
7eee3bae-c745-4d3c-93dc-08908d3634d0,Прокуратура,115,Ожидание экспертизы,2020-06-23,2021-01-18,Опер #43,Гр. Сидоренко 823,8
c3308df9-b58e-4277-b58e-d2aeecdb8bd3,НПУ,115,В работе,2023-04-18,,Опер #133,Гр. Петров 413,2
744dd6c0-ec49-4080-af6b-011b429b2a0a,Прокуратура,187,Ожидание экспертизы,2024-08-04,,Опер #95,Гр. Иванов 249,1
80b0505e-8259-4403-8f25-294c9177e4e9,СБУ,289,Ожидание экспертизы,2025-05-07,,Опер #38,Гр. Петров 543,14
6e459768-2a1a-40c3-ab58-5f916effd0e6,Прокуратура,115,Закрыто,2023-11-05,,Опер #85,Гр. Иванов 537,1
bb9e8132-f6e1-4bef-a7d9-b43f1e81cc5a,СБУ,309,Ожидание экспертизы,2023-10-26,,Опер #177,Гр. Петров 745,12
ae043eb8-b6e9-4de9-ab48-7594611764d2,СБУ,296,Передано в суд,2024-09-09,,Опер #70,Гр. Мельник 152,15
2377b44b-454c-430d-9211-8d58e6c0a24a,НПУ,121,На розыске,2020-05-28,,Опер #199,Гр. Коваленко 947,15
513421a4-e93e-4e90-9924-b47b3238f4cb,Прокуратура,263,В работе,2025-10-06,,Опер #67,Гр. Мельник 270,9
232a7e87-ad3a-4ead-a384-72b29cd38495,СБУ,307,Передано в суд,2023-10-15,,Опер #191,Гр. Гончар 492,5
edc992c3-2f6c-44c9-9c90-76b3180d878c,Прокуратура,263,Закрыто,2021-05-19,,Опер #100,Гр. Иванов 476,6
17a9d63b-5c12-4b72-b53b-66e4f2a078df,СБУ,263,Ожидание экспертизы,2020-03-13,2021-03-06,Опер #55,Гр. Мельник 110,13
c62002ed-ea12-454f-9912-7bbf8677529e,НПУ,115,На розыске,2021-09-12,2022-03-30,Опер #65,Гр. Иванов 400,4
c2f89531-f463-4bc3-81c4-d3bf1fc86445,Прокуратура,121,Передано в суд,2024-10-14,,Опер #197,Гр. Петров 594,3
039fcbd8-9f55-463e-9c8f-78dafc194878,НПУ,121,В работе,2020-02-29,2021-03-28,Опер #16,Гр. Гончар 553,6
1cc970da-edd1-4ec9-97ac-83f365ab80c2,НПУ,289,Закрыто,2025-04-27,,Опер #15,Гр. Сидоренко 471,5
000ceb58-8624-44c2-9e47-8dd063b1d171,НПУ,289,В работе,2023-03-15,,Опер #92,Гр. Коваленко 342,4
da929bc0-1396-4982-b068-89110dbe2192,Прокуратура,296,Закрыто,2022-02-28,,Опер #99,Гр. Коваленко 148,11
861da512-3de3-4be8-bf48-18819967daf2,СБУ,187,Ожидание экспертизы,2025-01-10,,Опер #94,Гр. Сидоренко 165,1
ab47f031-3809-4d0c-b20b-8b47f8b99f6f,Прокуратура,185,В работе,2025-11-20,,Опер #93,Гр. Мельник 569,6
60c57b69-01ee-4393-a068-3df2928c6685,НПУ,263,Ожидание экспертизы,2020-06-02,2021-01-10,Опер #146,Гр. Гончар 276,10
0e38210e-97fe-47fb-9547-ed1caf92bc91,НПУ,289,Передано в суд,2023-06-17,,Опер #30,Гр. Петров 976,8
613de597-a5b5-4e1d-8f33-17584e04acfb,СБУ,187,Ожидание экспертизы,2025-01-06,,Опер #37,Гр. Гончар 915,13
c7a43185-fbec-4e2c-a9de-ada12bebe2cf,НПУ,263,Ожидание экспертизы,2020-10-23,,Опер #61,Гр. Иванов 481,6
aec0e83c-e86a-4539-8aeb-b2c6bd7feb53,НПУ,187,Передано в суд,2021-08-08,,Опер #193,Гр. Иванов 581,6
1a413ea3-cf8d-495a-891b-178fee01ac48,Прокуратура,307,Ожидание экспертизы,2020-12-10,2021-05-05,Опер #128,Гр. Иванов 849,14
61ee4b0f-8a24-43b6-944c-fceae4447c0c,Прокуратура,194,На розыске,2025-01-20,,Опер #42,Гр. Сидоренко 558,12
11d8162f-fcda-4d93-b1e6-4b6a857403af,НПУ,263,Передано в суд,2020-12-01,,Опер #130,Гр. Сидоренко 981,13
de2f01d5-348a-4591-a22a-72991fb0fad9,НПУ,296,Закрыто,2021-09-21,,Опер #33,Гр. Петров 336,13
3736d29c-738e-4825-b365-32bdcbf5d68d,НПУ,194,Передано в суд,2022-04-21,,Опер #160,Гр. Сидоренко 939,10
84d6ef7e-5899-4b6e-b993-92312a876c8c,Прокуратура,307,Передано в суд,2020-11-05,2021-06-25,Опер #144,Гр. Петров 480,4
5ba41a01-ec2a-4d0a-92ee-ba6c2aaab744,НПУ,307,Закрыто,2021-11-29,,Опер #13,Гр. Коваленко 249,12
874970db-393f-46c0-aa38-dc6e81e415a7,Прокуратура,185,На розыске,2025-10-28,,Опер #193,Гр. Петров 999,10
7588d1a8-142a-4872-bb86-47f501179126,СБУ,307,Передано в суд,2020-06-01,2021-05-13,Опер #95,Гр. Коваленко 959,7
47505dd2-06e1-49dd-b665-fea4c22c4431,СБУ,121,На розыске,2021-11-08,,Опер #16,Гр. Петров 321,0
592d1bb0-f610-45d0-9a31-8dc5be5fd525,Прокуратура,309,Ожидание экспертизы,2023-06-21,2023-09-14,Опер #21,Гр. Иванов 129,6
2c69d170-75e7-4279-8805-965e3c6087b3,СБУ,309,На розыске,2022-01-20,,Опер #182,Гр. Коваленко 205,12
60b00d46-e398-4567-b602-35831740cab5,НПУ,296,Ожидание экспертизы,2020-01-08,,Опер #45,Гр. Сидоренко 317,7
3f47847b-c61b-4ca7-a463-6588b26e896a,СБУ,187,Закрыто,2021-01-03,2021-06-06,Опер #148,Гр. Гончар 322,12
126f68fc-5474-4cab-954e-ee7f82a9ec51,СБУ,289,На розыске,2021-09-06,,Опер #34,Гр. Гончар 970,4
bd71cb49-8b51-4cea-a3cd-31e6f4fdf92f,Прокуратура,296,Передано в суд,2025-03-27,2025-11-23,Опер #78,Гр. Иванов 220,10
f155a8f0-8dab-4816-929e-9c1f9b782491,НПУ,194,На розыске,2020-02-08,,Опер #195,Гр. Коваленко 538,4
109459e1-4e6f-4bed-90f6-924a842c1776,НПУ,185,В работе,2022-08-12,2022-09-18,Опер #8,Гр. Гончар 522,15
2d775fe6-0f77-49bf-8e8e-696b12d0e795,СБУ,185,В работе,2025-03-16,2025-10-01,Опер #154,Гр. Гончар 661,8
d1ad5c0c-ae9b-4b5a-8dab-708b52724649,СБУ,115,Закрыто,2024-07-22,,Опер #189,Гр. Сидоренко 638,10
a3e63f5a-412e-45dc-8b17-ac7fb4e49c5f,СБУ,309,Передано в суд,2021-07-12,2021-12-24,Опер #52,Гр. Петров 411,12
80e804b5-174e-4254-96d1-fb0bc05c30a4,СБУ,194,Передано в суд,2020-12-03,2021-11-02,Опер #133,Гр. Мельник 412,13
ee33bafa-4057-4530-aa77-7eaca3d71a50,Прокуратура,307,На розыске,2025-05-09,2025-12-17,Опер #114,Гр. Иванов 254,4
17486a92-a3c6-4411-aa03-85eccad5196f,НПУ,289,Закрыто,2020-07-11,2020-10-08,Опер #106,Гр. Иванов 276,4
e2ab6445-ac11-4e75-a446-334c570d021b,Прокуратура,194,В работе,2022-07-17,2022-11-17,Опер #131,Гр. Сидоренко 514,11
7d790e28-b30c-4cb4-b9e9-a02dc8144458,НПУ,296,Ожидание экспертизы,2022-11-08,2023-02-28,Опер #43,Гр. Коваленко 952,15
7d4f2d01-fb87-4cdc-9946-276cfe62d946,НПУ,115,Ожидание экспертизы,2022-01-06,2022-10-08,Опер #67,Гр. Гончар 131,2
8af978fb-c5e2-4a2f-a87a-134f19706758,НПУ,121,На розыске,2024-11-14,,Опер #10,Гр. Мельник 741,11
b140ed59-f0cf-424c-96fb-991073e52d46,НПУ,194,Закрыто,2024-05-25,,Опер #43,Гр. Мельник 990,13
66126ad1-d287-4625-8aa4-6fb33f83ea97,Прокуратура,289,На розыске,2025-10-19,,Опер #21,Гр. Гончар 373,2
5a0853b4-433b-4d94-bd0b-427fc25c4441,НПУ,185,Ожидание экспертизы,2020-03-31,,Опер #73,Гр. Мельник 458,5
f05d95f8-c955-4ed5-8aa9-8af74b837cd7,НПУ,307,Ожидание экспертизы,2020-03-29,,Опер #49,Гр. Сидоренко 967,1
e8c6146e-7b30-47ca-89a5-17359b271d78,СБУ,307,В работе,2023-03-25,2023-09-21,Опер #33,Гр. Коваленко 340,4
9652c4fc-92ed-4ebe-b029-48e62f552360,Прокуратура,263,На розыске,2024-07-18,,Опер #151,Гр. Гончар 289,8
b3e50461-a081-49e5-85c3-fb5a2d42a7e2,НПУ,309,Передано в суд,2022-07-26,2023-06-12,Опер #162,Гр. Петров 809,14
60c79c01-586e-48cf-a0e0-b09075aabbd6,СБУ,185,Закрыто,2022-12-08,2022-12-26,Опер #186,Гр. Мельник 772,6
3eaa1683-6d77-4cab-a5cc-69eedc3ce4f6,Прокуратура,194,В работе,2021-09-18,,Опер #103,Гр. Коваленко 666,2
998c9615-1332-4647-8b96-e9bf483fc66a,СБУ,187,На розыске,2023-01-10,2023-03-24,Опер #48,Гр. Гончар 939,11
779ead31-837b-4c1c-aab1-e5a5ed8f0074,НПУ,185,На розыске,2025-04-12,2026-05-04,Опер #184,Гр. Сидоренко 593,8
1d03e73f-8142-4d5d-85aa-6f3f36e4b03b,СБУ,185,В работе,2025-01-09,,Опер #148,Гр. Петров 173,15
70eac0e6-248d-4cc5-b0f2-b0e5995d8486,НПУ,296,Передано в суд,2025-07-23,,Опер #96,Гр. Коваленко 437,9
46c81ad2-ff9d-4f53-9b87-ff1e28aed880,СБУ,115,Закрыто,2023-03-09,,Опер #124,Гр. Сидоренко 530,3
cd31df6f-168a-46b7-856d-608840e62f78,СБУ,296,Ожидание экспертизы,2020-12-29,,Опер #3,Гр. Петров 525,8
e3bc6e78-7a73-406d-8f1c-038bc2601659,СБУ,187,Закрыто,2025-07-29,,Опер #106,Гр. Сидоренко 462,3
dbba232a-73e8-4425-bf91-c3c9f7de5de6,СБУ,307,Закрыто,2021-03-26,2021-06-04,Опер #27,Гр. Иванов 768,12
2cd223f6-1ed8-43f0-8c69-6e50911d7c02,СБУ,121,Ожидание экспертизы,2022-05-18,,Опер #73,Гр. Гончар 211,3
c2691c4a-be5f-4ec9-a8d2-599948269ee0,СБУ,307,В работе,2020-08-04,,Опер #150,Гр. Коваленко 507,13
4a09205b-223b-4de4-9c76-a519afc2501b,СБУ,263,В работе,2024-03-10,2024-04-14,Опер #13,Гр. Петров 426,8
498bc5fb-058f-4ff6-9757-29a4c97b8b5f,Прокуратура,289,На розыске,2024-01-08,,Опер #64,Гр. Сидоренко 941,2
9e907a77-995d-4001-bb84-29fca7d911ac,СБУ,307,На розыске,2025-01-07,,Опер #164,Гр. Коваленко 992,2
2aa6b3e4-69a3-49f0-872f-5a17db7f2b88,СБУ,185,Передано в суд,2025-11-13,2026-11-08,Опер #6,Гр. Гончар 467,10
2e28dee3-6dc6-4398-bc90-3d128437b762,СБУ,296,Ожидание экспертизы,2025-05-19,2025-06-21,Опер #52,Гр. Иванов 837,5
9fdc0d24-d47e-4ebb-99af-8b0f1e360eaf,Прокуратура,115,На розыске,2021-01-19,,Опер #137,Гр. Гончар 449,9
61845367-5a61-4a86-a412-0aee2229ed8b,НПУ,115,Передано в суд,2020-08-13,,Опер #105,Гр. Сидоренко 804,13
b3829a9b-901c-4ec4-91cd-2fc7cf312ba8,Прокуратура,307,Закрыто,2022-05-29,,Опер #105,Гр. Коваленко 100,4
56de2916-bd53-4ff0-8372-5dff3bea6648,СБУ,289,Ожидание экспертизы,2021-01-22,,Опер #87,Гр. Гончар 352,9
bbb7f214-2c35-46b3-894c-e20b5b84a74a,Прокуратура,121,Закрыто,2025-07-15,,Опер #196,Гр. Петров 507,9
fa3c6788-2c2d-4113-a525-15a604dc8836,НПУ,309,Закрыто,2024-04-12,,Опер #135,Гр. Мельник 244,13
4f6331a6-08d6-44b1-9a3f-89a06b5ada41,НПУ,115,Передано в суд,2023-02-23,2023-05-03,Опер #131,Гр. Коваленко 234,2
25158f35-a240-4918-ac6f-e86fc89eac8e,НПУ,194,Ожидание экспертизы,2021-01-16,2021-04-26,Опер #74,Гр. Гончар 829,9
c8e75767-084e-4b45-b5df-8c1a058382a4,Прокуратура,309,Передано в суд,2022-09-27,2023-10-30,Опер #80,Гр. Иванов 100,3
e2373467-014f-485b-b2e3-260a2b0a94fd,СБУ,296,Закрыто,2023-09-05,2024-09-06,Опер #63,Гр. Гончар 527,11
27d356bf-fd1f-4c93-bd67-c1db7405d40f,НПУ,185,Ожидание экспертизы,2021-01-09,,Опер #190,Гр. Сидоренко 267,7
6eb3930b-8835-4484-8cda-309f93278796,СБУ,296,В работе,2022-05-05,,Опер #97,Гр. Мельник 743,6
952408f4-094e-4799-9b4c-fbb2c88d6e0f,НПУ,309,Закрыто,2023-12-06,,Опер #56,Гр. Петров 830,15
2b992e8b-4abf-4c89-850c-75c7190f18bf,НПУ,296,Ожидание экспертизы,2022-02-25,,Опер #53,Гр. Коваленко 933,10
8ef876ba-748f-4afd-ae80-0482182f8ef7,Прокуратура,194,Передано в суд,2024-09-02,,Опер #74,Гр. Коваленко 302,1
142acbe1-c129-4e03-8077-48c2d2f0a4a2,Прокуратура,289,Закрыто,2022-07-08,,Опер #89,Гр. Сидоренко 671,11
c1f6ca7a-426e-422e-ae0e-25e0054d26e2,Прокуратура,263,Передано в суд,2020-07-12,,Опер #184,Гр. Гончар 777,5
87163733-3ab8-4fa7-b718-c49f61b175c2,НПУ,289,В работе,2022-10-10,2023-08-03,Опер #155,Гр. Петров 715,9
702989f3-e29a-4ee2-a9cd-2449a1673ef3,НПУ,309,Закрыто,2020-02-25,,Опер #69,Гр. Коваленко 879,9
102ae9d2-6d3c-4a49-a5ce-90a40b96f534,НПУ,194,Закрыто,2023-12-31,,Опер #190,Гр. Гончар 741,1
d4d5b025-169b-4239-9971-683307bb4025,Прокуратура,263,На розыске,2021-05-15,,Опер #117,Гр. Гончар 490,1
3f42ea04-b653-48c0-b3c6-7a719aa81504,Прокуратура,296,На розыске,2025-07-13,2025-07-31,Опер #167,Гр. Сидоренко 772,11
167be4cc-9973-47be-a029-9aaa8a8a9a92,НПУ,121,На розыске,2022-07-18,2022-07-21,Опер #81,Гр. Коваленко 835,1
225fd139-38d3-4068-8200-b279871b6f95,Прокуратура,194,В работе,2022-08-16,,Опер #68,Гр. Иванов 842,5
8e1478b0-3907-4f22-8faa-2bdea9fbb6f0,СБУ,296,В работе,2023-09-27,,Опер #8,Гр. Коваленко 780,11
3345877f-fd2d-4b3a-b49e-1ebccf7f9b89,СБУ,289,Ожидание экспертизы,2024-01-30,,Опер #80,Гр. Иванов 195,9
31449e2c-5130-430a-803c-ab9590ba16b8,Прокуратура,121,Закрыто,2025-01-05,,Опер #37,Гр. Коваленко 425,2
94cb76d2-b856-4e7c-a02e-af022360e43d,НПУ,307,Ожидание экспертизы,2025-05-12,2025-08-08,Опер #151,Гр. Мельник 968,3
8001b0dc-bf3d-4123-a758-2a95671090ff,НПУ,187,В работе,2023-11-14,2024-07-11,Опер #142,Гр. Сидоренко 689,11
dae6f38a-9e94-449e-a553-3256a9511f4f,НПУ,194,Закрыто,2025-09-30,,Опер #196,Гр. Петров 757,13
d616dda1-5a62-43fc-97e2-8f0cdbb80807,НПУ,263,Передано в суд,2021-12-16,2022-08-24,Опер #24,Гр. Коваленко 828,6
2e0762eb-5fc3-4e33-bb50-14685bd843a4,Прокуратура,296,Передано в суд,2022-04-28,2023-02-09,Опер #82,Гр. Петров 906,7
2195f581-4e51-4867-8f17-c6c82da6a2d4,СБУ,121,Передано в суд,2021-07-22,,Опер #75,Гр. Гончар 270,2
164848fe-2889-403e-b905-0717069c75ab,НПУ,121,В работе,2021-03-09,2021-03-17,Опер #69,Гр. Гончар 441,12
7a71208c-56e4-4051-9634-c00a1f981326,СБУ,263,Закрыто,2023-11-22,,Опер #185,Гр. Гончар 209,6
cb9f3a46-9921-4372-8e1d-5ed6abfaaebf,СБУ,194,На розыске,2020-05-18,2021-01-27,Опер #51,Гр. Гончар 702,4
6aea146e-32ed-44a1-a660-d7b9642770ba,СБУ,289,Передано в суд,2025-03-24,2025-08-04,Опер #86,Гр. Коваленко 162,7
288cc3cc-2123-42d9-90a2-7d8420c604f8,СБУ,185,Закрыто,2025-07-24,,Опер #197,Гр. Сидоренко 302,1
a04f6c63-5ed4-4513-be29-7df1b3bc8d67,Прокуратура,263,Ожидание экспертизы,2020-09-02,,Опер #61,Гр. Петров 661,10
971e37a7-e604-4580-a8f1-a59c00a1f102,НПУ,115,На розыске,2022-07-19,,Опер #144,Гр. Сидоренко 751,2
ded6aef9-9710-4d75-a418-78bb2cb84e4d,СБУ,187,Закрыто,2022-04-11,2022-06-19,Опер #113,Гр. Петров 258,3
dcbbb090-09b9-4253-a8ad-242e73f1c467,СБУ,263,Закрыто,2020-05-04,2020-06-09,Опер #146,Гр. Коваленко 810,14
316376d5-298a-4e81-93fc-df005ed99d57,СБУ,185,Закрыто,2020-01-22,2020-05-01,Опер #32,Гр. Петров 185,12
19222150-016b-42ee-9b3a-8ec852fcd172,Прокуратура,307,Передано в суд,2020-03-21,,Опер #181,Гр. Мельник 469,4
5ae2883a-6148-43a3-874e-2ab64f82ee93,НПУ,289,На розыске,2022-06-27,,Опер #64,Гр. Мельник 933,7
de3e86e1-df67-4f26-bfc1-9ea6178f9800,НПУ,307,В работе,2025-07-18,,Опер #156,Гр. Гончар 772,7
637ba7d4-1962-48bc-9b52-b9e10057f5fa,Прокуратура,115,В работе,2020-04-05,2021-03-01,Опер #44,Гр. Петров 345,15
27c93fbb-12d9-451c-8ed8-e9a076ab50e2,СБУ,296,Ожидание экспертизы,2025-07-23,2025-08-31,Опер #28,Гр. Петров 524,1
e107766d-28e2-464c-b617-5253ecc94f83,СБУ,187,На розыске,2021-11-19,,Опер #57,Гр. Мельник 213,14
90546d36-98db-4d64-9d3a-024438a055c6,Прокуратура,115,В работе,2022-12-02,,Опер #13,Гр. Сидоренко 363,5
c78cf7ca-6852-4e93-b612-7591cdf42bdf,СБУ,194,Ожидание экспертизы,2025-03-26,,Опер #87,Гр. Коваленко 154,0
d16761d9-77a8-4fd3-a050-c513e1cb7985,СБУ,185,Ожидание экспертизы,2020-04-19,2020-06-23,Опер #190,Гр. Иванов 812,9
cb742656-44ad-4ae8-9682-283343a243cc,СБУ,187,Закрыто,2021-09-15,,Опер #30,Гр. Сидоренко 364,4
5b3fda6a-e663-4479-8550-1613ffe2aee5,Прокуратура,115,Закрыто,2023-03-25,2024-02-21,Опер #144,Гр. Иванов 442,0
ff3cb811-282d-4cea-9652-751534d06011,Прокуратура,289,Передано в суд,2020-01-31,,Опер #5,Гр. Гончар 598,11
ab78f5c9-accd-471e-9bcf-8773408192ae,СБУ,115,Ожидание экспертизы,2024-05-31,,Опер #85,Гр. Мельник 179,13
6fe4a6b1-b6df-435a-a6d5-88b2e474cc4d,СБУ,289,В работе,2024-10-16,2024-12-16,Опер #66,Гр. Иванов 685,10
57d6145b-54e1-45d7-b9db-fbf80e2187e0,НПУ,194,Закрыто,2021-04-12,2022-05-16,Опер #7,Гр. Мельник 564,1
380140ff-3659-4c36-8c3d-ababf08b4b87,Прокуратура,307,Закрыто,2025-11-18,2026-08-10,Опер #50,Гр. Коваленко 773,7
47e5edad-153e-4b48-aa74-b29f503c0325,Прокуратура,187,Передано в суд,2022-07-02,2023-06-13,Опер #45,Гр. Гончар 108,6
3dce17cf-d976-4588-90c6-5f342b27fc05,Прокуратура,296,В работе,2023-06-19,2024-06-10,Опер #32,Гр. Мельник 600,15
6114c300-3d00-42c2-a796-f87af6a8e4eb,СБУ,121,Закрыто,2021-05-31,,Опер #165,Гр. Гончар 721,6
8c4d53cc-7c53-4c08-943f-a372047c2514,СБУ,307,На розыске,2020-07-05,,Опер #169,Гр. Петров 581,1
afe9db5e-0f18-4bfd-afc8-5d348c3b4974,Прокуратура,263,В работе,2022-07-09,,Опер #85,Гр. Коваленко 144,10
91ba9d2d-5613-4d0d-9c4e-47addb5fe26a,СБУ,121,На розыске,2022-07-01,,Опер #197,Гр. Гончар 864,10
be11b3f7-d081-479b-9d58-b695cf107d67,Прокуратура,296,В работе,2020-02-13,,Опер #90,Гр. Коваленко 291,4
7410ca91-3049-4a0a-8fcf-947f6e25f111,Прокуратура,187,Закрыто,2021-02-23,2021-06-19,Опер #103,Гр. Коваленко 694,0
7ed74eaf-78fb-4a6d-bc6b-d63847586320,НПУ,307,В работе,2022-02-26,,Опер #176,Гр. Иванов 426,12
4ef9dd5f-cfc7-4a23-8648-20aa1c0ada5a,Прокуратура,263,В работе,2025-03-18,,Опер #155,Гр. Сидоренко 256,13
ad3de365-3f2d-4a9d-9fa4-60d6f7001dbb,НПУ,296,Ожидание экспертизы,2024-07-02,2025-01-27,Опер #27,Гр. Коваленко 371,2
065134a1-9ed9-46fa-ba72-6915fe23f8d4,СБУ,289,Ожидание экспертизы,2023-10-20,,Опер #173,Гр. Мельник 639,11
d60bd0ca-d0af-454e-a946-0b5ae1b4b236,СБУ,289,Передано в суд,2021-08-15,2021-09-12,Опер #198,Гр. Коваленко 165,12
b903ffaa-4c93-4389-a92e-ff5d5fed140b,НПУ,194,Передано в суд,2022-02-24,,Опер #21,Гр. Мельник 827,13
7bd5a548-fa4d-429d-a229-0b1126e0adac,Прокуратура,309,Передано в суд,2023-02-21,,Опер #57,Гр. Гончар 765,11
6928a7e9-b693-49bb-84b5-7c76bed56efe,Прокуратура,187,На розыске,2025-03-05,2025-06-02,Опер #198,Гр. Гончар 539,7
2257cb9e-87ed-4ba7-94f1-4d9ec28e78b4,НПУ,115,Передано в суд,2022-12-17,,Опер #132,Гр. Коваленко 186,12
3254e847-9029-4cc0-96eb-d7778155cb9f,Прокуратура,194,В работе,2022-06-27,,Опер #136,Гр. Гончар 740,3
a8327aab-7226-42b5-91b3-1d0959e343cd,Прокуратура,307,Передано в суд,2020-01-29,,Опер #96,Гр. Гончар 230,13
50b27abb-3c9f-4569-9cfb-058513e8e350,СБУ,289,На розыске,2023-11-04,,Опер #195,Гр. Гончар 781,1
c3e854aa-6375-4ce7-9d45-3df451df792c,Прокуратура,289,Закрыто,2022-06-16,2022-12-22,Опер #111,Гр. Иванов 709,8
a8f47fa7-cdfb-4d0e-adf0-b60f1a98c35f,СБУ,289,На розыске,2022-02-02,,Опер #172,Гр. Петров 794,7
03f6ff2e-f515-4e5f-b8f4-5fcf31c7b877,НПУ,187,Передано в суд,2021-09-19,,Опер #30,Гр. Гончар 890,3
00447c1c-dda8-4d4e-a4c0-d616130c44b0,Прокуратура,187,Передано в суд,2023-01-14,,Опер #96,Гр. Сидоренко 719,9
8ca472d6-d855-4fdb-8e3b-c63b5c01c083,Прокуратура,194,В работе,2022-03-23,,Опер #182,Гр. Мельник 740,15
bdc2b105-4b70-4ca9-94e2-9ac175b332aa,НПУ,296,Ожидание экспертизы,2020-03-08,,Опер #129,Гр. Мельник 883,2
ac51aa2e-e03f-4d9d-be38-08de245316dd,СБУ,115,На розыске,2022-12-26,2023-05-04,Опер #150,Гр. Мельник 375,5
42928b03-5d22-4db2-a998-ce0bbbfa5d86,НПУ,185,Ожидание экспертизы,2023-04-07,,Опер #164,Гр. Гончар 526,8
d1dfcdf2-b28e-47c5-bfb4-f557c723d97a,СБУ,309,На розыске,2024-04-27,,Опер #81,Гр. Гончар 445,14
4bef665c-88d7-4be9-94ae-b0a96bdabe6e,Прокуратура,121,Передано в суд,2023-05-29,,Опер #87,Гр. Иванов 885,13
8fdeda9b-5b1e-45f1-8d46-965961e80a7b,НПУ,194,Передано в суд,2023-06-26,,Опер #22,Гр. Петров 924,14
f90e3986-81c1-487c-911f-f1209ad07baa,СБУ,194,Передано в суд,2022-01-15,,Опер #15,Гр. Гончар 578,2
e082e4ad-a398-407e-80a0-72cc6ffd3a56,Прокуратура,187,Закрыто,2025-09-14,,Опер #76,Гр. Иванов 673,13
ce6ec232-5cbe-474a-9ac8-3c44bf086fc0,Прокуратура,289,В работе,2024-07-03,,Опер #112,Гр. Мельник 137,15
a11c5a5a-0137-4e2e-bdf9-e8cf54ad7edb,Прокуратура,289,В работе,2025-01-21,,Опер #17,Гр. Иванов 373,2
5d126a92-59d8-4d3f-830f-e32e1cb0c700,СБУ,263,Передано в суд,2023-11-10,,Опер #183,Гр. Сидоренко 782,10
7681eed9-8bcc-4c4b-84a4-3f8c040da864,Прокуратура,307,Закрыто,2023-08-12,2023-11-04,Опер #77,Гр. Гончар 542,9
d71e3f62-52d1-4a65-a15b-05940d99b82a,Прокуратура,121,На розыске,2024-10-12,2025-11-03,Опер #113,Гр. Сидоренко 563,7
21beeaac-2eb3-4971-b9f1-99c4b0d45241,СБУ,187,В работе,2025-10-27,,Опер #104,Гр. Мельник 124,3
f9fa4028-b731-4bc3-9d5b-b322881dd8e9,Прокуратура,296,На розыске,2024-05-05,2025-05-14,Опер #152,Гр. Гончар 905,3
31e88dcb-aa96-486f-89b2-8332973ad9d0,НПУ,187,Закрыто,2021-03-22,2021-11-28,Опер #137,Гр. Иванов 889,13
8cea3006-c6ae-454a-86bf-8c7b56eb38e1,НПУ,187,В работе,2024-01-08,,Опер #130,Гр. Иванов 618,3
acefd337-609d-4181-9fbd-ffb3f760e846,Прокуратура,115,Ожидание экспертизы,2022-09-25,,Опер #150,Гр. Мельник 438,6
6301adc0-ce42-4a9a-a145-8207d2f41db5,СБУ,263,На розыске,2024-02-28,,Опер #73,Гр. Гончар 341,3
e9efc395-af4d-462a-aea7-e4bbacff5e69,СБУ,187,Закрыто,2021-01-08,,Опер #10,Гр. Мельник 721,12
8bbc766f-2f69-4c98-9203-f2eaad0910ce,Прокуратура,194,На розыске,2022-08-10,,Опер #186,Гр. Сидоренко 208,9
507516de-966d-4fae-8a31-47192abbb5c5,НПУ,121,Закрыто,2024-11-17,2025-11-12,Опер #11,Гр. Иванов 809,8
87a1f7b4-2172-4d01-8032-b72184713fbd,СБУ,296,Закрыто,2025-04-30,,Опер #63,Гр. Гончар 506,13
6749b3e4-a0a4-415f-b44d-2a115818b34e,СБУ,121,На розыске,2021-02-05,2021-08-21,Опер #94,Гр. Петров 477,0
226c35a6-7644-469f-96f1-aa18df532240,Прокуратура,307,Передано в суд,2024-12-21,,Опер #78,Гр. Иванов 843,8
6b9f6eba-b57e-4526-beed-27146fd5d3b7,Прокуратура,115,На розыске,2020-01-05,2020-05-20,Опер #45,Гр. Гончар 172,10
f90a7f0a-4a05-4266-9926-dcb980432c30,СБУ,187,Передано в суд,2022-08-13,2023-01-17,Опер #53,Гр. Иванов 792,13
bb27f781-b600-4a2d-a8d6-ccd66d4c119e,СБУ,187,Ожидание экспертизы,2020-06-26,,Опер #32,Гр. Сидоренко 194,3
acb06493-3267-4d7d-8a7b-e68d060f9672,Прокуратура,194,На розыске,2023-01-25,,Опер #73,Гр. Петров 249,13
5190ef43-38a6-4d5d-adca-62f8d4ef4e0b,СБУ,187,На розыске,2022-10-12,2023-09-30,Опер #155,Гр. Сидоренко 289,5
4ad7656f-4251-4cd3-b9c5-9b6c0031a883,СБУ,121,Закрыто,2022-03-25,2022-06-25,Опер #196,Гр. Петров 695,3
b1dda161-9441-4edc-a4c9-c407b4c516f6,Прокуратура,296,На розыске,2023-10-03,2024-09-11,Опер #116,Гр. Мельник 831,13
7a231872-d9a4-4b94-ae21-1d3d2365b94c,СБУ,309,В работе,2023-04-25,,Опер #84,Гр. Петров 675,4
2d0fad0a-e9dd-4583-bc48-87781ce58b8e,СБУ,194,На розыске,2021-06-19,,Опер #193,Гр. Сидоренко 421,8
e7e038c2-9580-41ab-ad8d-276ae1e4ddbf,НПУ,296,Передано в суд,2022-05-01,,Опер #108,Гр. Мельник 102,11
a53eda68-7017-4cd4-8d66-7fdd34a326c4,НПУ,307,Закрыто,2020-02-15,2020-02-21,Опер #52,Гр. Сидоренко 419,3
b414e463-6ce7-4b2d-858c-56ad962812f1,СБУ,296,Ожидание экспертизы,2020-08-04,,Опер #61,Гр. Сидоренко 706,5
cf41eb63-b0a1-4865-8379-0ecb65c7c644,СБУ,263,Передано в суд,2024-07-23,2025-01-10,Опер #31,Гр. Гончар 712,4
f4b42601-72e1-40d9-ac1e-8e829435a6b0,Прокуратура,309,Закрыто,2024-10-14,,Опер #191,Гр. Гончар 273,1
fdd246ab-c084-4f04-9e53-48550942b2bd,НПУ,296,Передано в суд,2021-02-21,2022-01-09,Опер #194,Гр. Гончар 176,15
c4aeb1f5-20d1-4558-9aeb-7e72c9edd164,Прокуратура,307,Закрыто,2024-07-11,2024-09-12,Опер #170,Гр. Коваленко 644,1
90203c4d-7e7b-45d6-a4ff-1b26161d173e,СБУ,309,В работе,2022-07-17,,Опер #65,Гр. Петров 275,3
ee897963-3808-4957-b3ff-dd72a2c01faf,Прокуратура,289,На розыске,2021-07-17,,Опер #5,Гр. Иванов 275,0
adb6099e-dbe5-4f19-aa1a-9d4ac4532337,Прокуратура,309,Передано в суд,2021-12-14,,Опер #59,Гр. Мельник 343,11
9e65db9a-b62e-464d-960b-4d5356449008,Прокуратура,187,Закрыто,2021-12-30,2022-08-03,Опер #164,Гр. Иванов 905,4
79d1ff63-9958-4b5b-b93e-486a27a58d78,СБУ,115,Закрыто,2021-06-25,,Опер #41,Гр. Коваленко 648,4
758eb946-b8a2-4545-b26c-f0a6b9771906,Прокуратура,289,Закрыто,2025-02-27,2025-07-29,Опер #136,Гр. Гончар 959,4
72101cae-48df-4b56-87a1-87f6cf3a6fd4,НПУ,289,Ожидание экспертизы,2021-10-11,,Опер #29,Гр. Гончар 887,12
832c77a5-00c3-4597-abb5-e1b265817f16,НПУ,307,Передано в суд,2023-01-05,,Опер #115,Гр. Гончар 130,15
88117184-290e-4fff-960e-704a8e0f36e2,СБУ,307,На розыске,2023-06-01,,Опер #15,Гр. Петров 516,11
40dfab48-a176-42dc-9110-3b0350ffa9a7,НПУ,296,Передано в суд,2021-01-02,,Опер #196,Гр. Мельник 820,2
4d65b638-9729-4356-8c04-9ce3ffdc86d5,Прокуратура,263,Закрыто,2023-11-22,2024-08-16,Опер #152,Гр. Мельник 161,0
f58c4b8c-8048-4512-aff3-ebc2d18ceb92,НПУ,121,В работе,2021-04-11,,Опер #167,Гр. Петров 365,7
33a455e8-077c-4d4a-a9ae-61614d83b0bf,НПУ,289,На розыске,2023-12-26,,Опер #101,Гр. Иванов 349,12
ed107c11-cd3f-4759-91d6-d87a6577dc84,Прокуратура,263,Ожидание экспертизы,2023-06-05,,Опер #118,Гр. Мельник 733,2
1eab18db-9ca8-4d3b-aa99-e573d2d5f49f,Прокуратура,263,Ожидание экспертизы,2024-01-29,,Опер #62,Гр. Сидоренко 716,6
59df017f-0995-4b6c-a260-0392f9edb844,Прокуратура,187,В работе,2025-11-26,2026-05-09,Опер #44,Гр. Коваленко 311,6
5acbde05-c0e3-4a66-8f4d-6cab905a3549,СБУ,187,Закрыто,2024-05-15,2024-06-13,Опер #77,Гр. Коваленко 647,15
1b7620be-f8b6-4d47-b01e-6fc391610416,НПУ,194,Закрыто,2020-11-22,,Опер #16,Гр. Иванов 327,13
83fcdd4c-5876-42b7-aba8-d72c1f419820,НПУ,289,Закрыто,2022-09-08,2022-11-03,Опер #34,Гр. Мельник 363,5
1554d2e9-a2a5-444b-a282-2fc4a841e40f,СБУ,307,Закрыто,2024-07-21,,Опер #116,Гр. Петров 980,13
7644e0db-86cf-491b-8fc9-51b373862c9a,Прокуратура,194,На розыске,2023-08-01,2024-02-12,Опер #53,Гр. Коваленко 485,6
65cc06f6-abef-46ad-90fb-6add037b6e81,СБУ,115,Передано в суд,2024-08-20,2025-03-17,Опер #96,Гр. Мельник 360,3
3ff69f35-13bf-46d7-a419-b985c7af2286,НПУ,296,В работе,2023-07-03,,Опер #161,Гр. Мельник 497,8
ac14653d-96b9-4326-bf6f-736f92dd817e,СБУ,296,Закрыто,2022-06-19,,Опер #16,Гр. Гончар 344,2
5e82d86f-409b-40e9-97d0-af1ce6b84ab4,НПУ,309,Закрыто,2024-09-13,,Опер #104,Гр. Коваленко 519,12
466dafd1-05cc-45dd-a4d6-085a1f28e16b,Прокуратура,307,На розыске,2024-05-09,,Опер #84,Гр. Мельник 988,12
87696cd1-d161-40ae-8c9b-04c066a1631a,Прокуратура,185,На розыске,2025-03-03,,Опер #59,Гр. Коваленко 253,11
3808cc92-4d87-4717-b4f7-561b1a8c34bf,Прокуратура,194,Ожидание экспертизы,2023-07-14,,Опер #4,Гр. Коваленко 497,15
73cf0919-b833-4fd2-bb64-b8be4ef746a3,СБУ,307,Передано в суд,2021-03-19,,Опер #7,Гр. Гончар 206,3
6f092b9f-954d-4b48-87dc-f9533e10d7e3,Прокуратура,296,Закрыто,2025-09-08,,Опер #170,Гр. Мельник 780,10
6cdab7b1-67cc-4050-896d-8de9409e1e66,СБУ,263,Передано в суд,2020-06-18,,Опер #184,Гр. Иванов 640,0
e4601aa0-b0b0-4fca-98a0-f004b392da87,СБУ,185,Ожидание экспертизы,2021-11-17,,Опер #171,Гр. Гончар 272,12
63ac98c1-4f85-417d-bac7-503120cfbd53,Прокуратура,194,Закрыто,2022-06-05,2022-09-08,Опер #185,Гр. Петров 967,6
ea1cf7e0-a56b-4045-82ae-4177b8ac07d4,СБУ,194,Закрыто,2023-07-25,,Опер #16,Гр. Гончар 635,11
e5316f61-f8e2-4dcf-a2fd-1c2d1dd8ff3e,НПУ,263,Ожидание экспертизы,2025-11-06,,Опер #152,Гр. Сидоренко 709,13
258f8a18-85d4-4c86-8d52-5247b6f7efc9,СБУ,289,Передано в суд,2020-12-03,2021-11-11,Опер #86,Гр. Коваленко 239,10
bfe5af0e-cec1-45fe-b64d-a9115951ecca,Прокуратура,187,На розыске,2021-05-28,,Опер #153,Гр. Коваленко 520,2
4ba39e6f-e65d-4882-9e4b-e4417d378faf,Прокуратура,263,Ожидание экспертизы,2025-07-07,2025-10-01,Опер #65,Гр. Сидоренко 860,3
20d2fe43-10b6-4020-8b03-6eb44befe9c6,НПУ,289,Передано в суд,2022-01-08,2022-09-07,Опер #171,Гр. Мельник 491,2
58038088-e64b-453f-8de9-de8a0a5a2669,НПУ,307,На розыске,2021-12-10,2021-12-24,Опер #77,Гр. Иванов 893,1
00bda250-80dd-484e-b61f-d0f427ffdf0e,НПУ,307,Передано в суд,2022-12-09,2023-01-30,Опер #124,Гр. Коваленко 335,6
16d9372e-19aa-4bee-a095-98aca261f2ec,СБУ,185,Передано в суд,2023-03-16,2023-09-09,Опер #57,Гр. Мельник 120,0
954a0f47-fe60-481b-a12f-7290aef057b4,СБУ,307,В работе,2022-02-26,,Опер #161,Гр. Мельник 822,4
9267553c-86d9-4c10-b40e-dd7408c5e7f4,СБУ,194,Ожидание экспертизы,2021-10-23,,Опер #119,Гр. Мельник 626,7
f22d6072-4beb-441d-aeca-028eb306a009,СБУ,289,На розыске,2020-02-07,,Опер #171,Гр. Петров 148,1
d1ab0038-ea32-4c37-ab8f-8d69c49b0945,СБУ,289,В работе,2021-05-26,2021-07-09,Опер #189,Гр. Сидоренко 913,8
65c46725-c99c-42c3-8900-5d8bdf1f54d0,НПУ,187,Ожидание экспертизы,2022-05-27,2022-09-19,Опер #121,Гр. Петров 381,1
800ed6cd-fc45-42c5-a6de-dd6e6af51e65,НПУ,263,Закрыто,2022-12-11,2023-01-08,Опер #128,Гр. Коваленко 836,5
c98516b5-796a-47c3-b145-5acc4f89dac0,СБУ,187,Ожидание экспертизы,2021-11-15,,Опер #54,Гр. Коваленко 818,9
8573e9f1-ff7e-47f8-8808-ede356e56c0a,СБУ,194,Ожидание экспертизы,2022-08-07,2023-07-20,Опер #174,Гр. Сидоренко 964,6
0f86b822-a2cf-4cb9-b75c-570787010e83,СБУ,263,На розыске,2021-07-01,2021-10-27,Опер #134,Гр. Сидоренко 765,0
8078dd2e-8ce6-48dc-b4fc-a2438738d4a7,НПУ,309,Передано в суд,2021-11-19,,Опер #37,Гр. Гончар 882,3
4fc9845b-e13e-4326-a165-b155ed2c6fa1,Прокуратура,289,В работе,2023-05-07,,Опер #9,Гр. Петров 533,3
4c7b5398-78e8-4a2f-b2d9-290877813971,СБУ,263,Закрыто,2022-01-10,,Опер #68,Гр. Мельник 651,14
b7ffe2a8-38e6-4b66-8be0-995d67c4516e,СБУ,296,Ожидание экспертизы,2025-05-30,,Опер #74,Гр. Иванов 791,6
e67502fd-cc26-4504-912e-07a353b7d9d1,СБУ,115,Закрыто,2021-07-10,,Опер #142,Гр. Гончар 746,13
b8bdbdfb-6465-459c-b024-b677ab0266c9,НПУ,263,В работе,2023-07-01,2024-02-04,Опер #48,Гр. Гончар 753,13
a6a2e5c6-273e-4af1-8166-bda02c569b7c,НПУ,187,Передано в суд,2025-02-19,,Опер #19,Гр. Коваленко 506,14
d56a767a-2e78-4385-9c8d-ce437f0f09ae,СБУ,296,Передано в суд,2021-03-19,,Опер #124,Гр. Коваленко 253,13
6bfcef37-0f12-4e0e-a677-ac7e6c226fce,НПУ,309,Ожидание экспертизы,2024-04-26,2025-04-13,Опер #35,Гр. Сидоренко 316,3
de6a2f00-e5d8-40e1-93da-81fb65639abc,Прокуратура,309,На розыске,2021-02-09,2021-08-03,Опер #165,Гр. Мельник 899,10
c265494b-8ce4-4227-9dc0-195f8e542c9d,СБУ,307,В работе,2025-10-24,2026-11-06,Опер #120,Гр. Сидоренко 988,2
d358243a-785a-4210-a7b9-e86bdeebce0a,Прокуратура,115,В работе,2022-04-25,2023-03-28,Опер #27,Гр. Иванов 104,13
4d302f2c-7e87-42c4-bd2e-29d2fa498e68,НПУ,296,Ожидание экспертизы,2025-07-18,2026-06-10,Опер #31,Гр. Коваленко 834,0
14cb918d-3410-41ac-b7f0-bc734b275346,НПУ,185,На розыске,2023-10-23,,Опер #59,Гр. Мельник 296,9
07aa8199-7762-4a54-b17d-de77e49a12d2,Прокуратура,309,Ожидание экспертизы,2024-12-14,,Опер #179,Гр. Иванов 167,1
367eb2df-f086-4372-a084-eb6a3023b254,СБУ,263,В работе,2023-03-28,,Опер #155,Гр. Мельник 231,4
9f464244-1710-47c2-ae8f-d694be143ef2,НПУ,307,Закрыто,2023-01-03,2023-02-24,Опер #98,Гр. Мельник 424,3
4b0b23f8-d934-4c88-add0-0a6942d84e9a,НПУ,121,Передано в суд,2021-04-25,2022-03-28,Опер #2,Гр. Сидоренко 294,4
3e304a47-80e3-4b61-b7e3-44d671a7ebff,СБУ,194,Закрыто,2020-02-10,,Опер #176,Гр. Гончар 676,6
f9010ec3-9e63-4afb-8b6e-665b628f0a4b,НПУ,187,Ожидание экспертизы,2023-01-02,2024-01-18,Опер #146,Гр. Петров 975,9
0bf67c3f-344f-44b2-9aaf-9a5d612d666f,СБУ,185,Ожидание экспертизы,2025-11-07,2026-04-23,Опер #200,Гр. Петров 103,2
3e21738b-79c3-48bd-b681-831ca7996940,Прокуратура,307,В работе,2022-02-05,2022-11-20,Опер #158,Гр. Петров 515,7
09cb8979-78f0-44be-b307-8479ec743237,СБУ,194,В работе,2022-10-01,,Опер #28,Гр. Коваленко 248,4
3d4d87d1-9b2c-46d6-b51e-79f5fe1bc88f,СБУ,115,Передано в суд,2023-06-09,,Опер #45,Гр. Мельник 702,0
db3ca840-4b0a-47b4-a7e6-8f0239539971,НПУ,307,Ожидание экспертизы,2024-01-12,,Опер #12,Гр. Мельник 867,2
3133db4b-508f-4490-9ea3-ec28ac4189c8,Прокуратура,289,В работе,2020-12-22,2021-10-02,Опер #144,Гр. Коваленко 220,8
7b095033-622d-4645-99f5-ef1bdacfecd8,СБУ,307,Закрыто,2025-04-20,2025-07-02,Опер #187,Гр. Сидоренко 249,8
6ec206be-3141-4727-a57e-09cabe49b3b4,НПУ,194,Закрыто,2022-07-17,,Опер #120,Гр. Коваленко 591,14
bbb5dd2b-a0e8-48b3-8884-709829e9b1c1,СБУ,307,Передано в суд,2023-01-17,2023-05-10,Опер #178,Гр. Иванов 316,8
3b5544c8-1add-4c39-9fff-cdcf4b4084dd,Прокуратура,307,Ожидание экспертизы,2024-07-09,,Опер #90,Гр. Гончар 714,13
15b4cb73-c367-4756-a5a3-11dfc0507e9e,СБУ,194,На розыске,2022-04-18,,Опер #60,Гр. Сидоренко 579,13
493d93fa-eecc-4965-8788-b42b31768f3e,Прокуратура,263,Передано в суд,2020-05-17,,Опер #2,Гр. Сидоренко 117,8
f21be3f2-31e1-404e-b557-b97cb26264c3,СБУ,289,Закрыто,2020-05-03,2021-01-28,Опер #27,Гр. Гончар 832,1
8170ae8c-19ed-4f78-b7e4-ceb2a80fdb55,Прокуратура,187,Закрыто,2022-02-23,,Опер #74,Гр. Иванов 940,11
db162e19-d58f-4ed1-9176-d864d36c9879,СБУ,194,На розыске,2023-07-22,2023-10-12,Опер #57,Гр. Гончар 267,8
1968c984-a79e-498c-8112-c9647d5064c1,Прокуратура,309,Передано в суд,2025-07-02,2025-10-23,Опер #188,Гр. Иванов 423,9
2ee8b19f-08cc-4308-9ca9-1f0a6c21327f,НПУ,121,В работе,2022-08-07,2022-10-16,Опер #164,Гр. Гончар 654,13
465e5931-1614-4bfa-86aa-e508e37c5512,НПУ,296,Передано в суд,2023-05-09,2024-04-02,Опер #192,Гр. Мельник 712,5
e8cea1d8-b070-41fe-9b19-8da981b71b73,Прокуратура,115,Закрыто,2024-12-26,,Опер #90,Гр. Гончар 665,10
fab6cb36-ee54-4017-9fb3-c47ba9dd6a35,СБУ,307,На розыске,2025-02-01,2025-08-30,Опер #178,Гр. Коваленко 595,15
fc373fa0-25ca-47cb-827f-832d4c5802a5,НПУ,121,Закрыто,2023-02-27,,Опер #12,Гр. Иванов 577,10
34d338c8-3ce8-458f-b495-6f2b0355b713,НПУ,309,На розыске,2021-07-15,,Опер #43,Гр. Петров 974,1
96fe1cf8-4f45-4144-8be6-9cc9cbc48a20,СБУ,115,Передано в суд,2020-06-21,,Опер #55,Гр. Коваленко 649,10
96878ad1-b51c-4065-a063-464ee3382916,Прокуратура,263,На розыске,2025-11-16,2026-01-05,Опер #49,Гр. Сидоренко 430,14
4597916a-1c54-4634-ad49-19a1ed945a6a,Прокуратура,289,Передано в суд,2025-04-26,,Опер #118,Гр. Иванов 325,2
3d640191-e259-4b12-8aba-9b39a7e08211,СБУ,185,Ожидание экспертизы,2020-12-14,2021-11-13,Опер #19,Гр. Гончар 116,11
426aa255-17c0-4603-b5ae-78b17ddb587d,НПУ,194,В работе,2022-05-10,,Опер #137,Гр. Мельник 862,5
64825fa6-c8c0-457b-9873-3adbb1021312,НПУ,307,На розыске,2021-05-11,,Опер #172,Гр. Иванов 126,3
e00514f7-3b44-40be-aabd-65254b57dbbe,Прокуратура,263,Передано в суд,2021-01-12,,Опер #52,Гр. Иванов 544,2
5084ea42-df3f-43f7-9e3b-d3ee37427fad,Прокуратура,289,В работе,2021-02-09,,Опер #154,Гр. Сидоренко 562,1
0df8013b-ba9f-4c19-93cd-db834f900643,НПУ,187,В работе,2020-07-20,,Опер #67,Гр. Гончар 220,8
487d6875-e1b5-4143-a957-014f56c581db,Прокуратура,289,Закрыто,2020-04-30,,Опер #159,Гр. Мельник 381,6
c625aaf9-8829-4bb5-81d8-493d0e3fe244,Прокуратура,194,Передано в суд,2023-05-12,,Опер #175,Гр. Гончар 705,8
e93d190c-ced8-4947-8361-f03522c26842,СБУ,115,Ожидание экспертизы,2020-02-23,,Опер #78,Гр. Петров 261,10
2f4678a6-c06c-49a3-be48-acb6b5e2f484,НПУ,194,В работе,2024-06-29,2024-09-14,Опер #187,Гр. Гончар 370,1
a9c6874c-39df-421a-9466-6c2fd18e8451,НПУ,307,В работе,2021-02-14,2022-02-18,Опер #44,Гр. Сидоренко 491,13
9a92e954-046a-4dcd-ad42-f0f068af8aaa,СБУ,115,На розыске,2023-08-10,,Опер #126,Гр. Гончар 868,14
5e0ccd52-552f-4889-9a0a-0bf94346ba86,СБУ,307,Передано в суд,2024-11-04,,Опер #58,Гр. Гончар 931,12
4c5c5e8d-d1bb-402b-a792-470adc8a6052,СБУ,263,В работе,2021-02-05,2021-11-01,Опер #111,Гр. Иванов 422,14
f853a558-3fbc-4ffe-8456-e5ee7c18f258,СБУ,185,На розыске,2024-10-02,,Опер #53,Гр. Сидоренко 655,7
a9394618-19cf-41bd-86d5-6fc2aed72f88,НПУ,194,На розыске,2023-12-21,2024-08-16,Опер #1,Гр. Петров 552,11
6d702892-e069-40cb-9d91-05f73dfeaf3e,НПУ,296,Закрыто,2024-04-20,2024-08-24,Опер #12,Гр. Сидоренко 132,5
1f19771d-0d90-4691-a674-dc806eb53a77,СБУ,185,Закрыто,2021-12-27,2022-07-04,Опер #152,Гр. Сидоренко 897,11
46535310-efbc-4242-a7e2-6b9f1c655fac,СБУ,185,В работе,2025-02-06,,Опер #193,Гр. Сидоренко 158,9
57e562ff-4fe2-4b89-a19b-84ce777ff24e,Прокуратура,263,Закрыто,2022-08-01,2022-12-26,Опер #190,Гр. Коваленко 772,1
9458ce06-9392-4485-896d-35770c9873cf,НПУ,263,Ожидание экспертизы,2022-01-24,2022-08-26,Опер #109,Гр. Гончар 135,7
7ec4a5ec-da83-4642-83a0-c9448a559a38,Прокуратура,121,На розыске,2025-08-17,2025-12-19,Опер #165,Гр. Гончар 229,1
d445ea4d-fd5b-4676-939b-5c13f6ba2608,НПУ,115,Передано в суд,2025-09-12,2026-04-02,Опер #56,Гр. Коваленко 800,7
8dc6ccd4-714d-40b6-9970-db12cb18bb35,СБУ,194,На розыске,2020-05-30,,Опер #149,Гр. Мельник 230,0
9c32db9f-50fa-48aa-aa96-d37616202563,СБУ,121,Закрыто,2020-01-03,,Опер #14,Гр. Иванов 233,4
44e6f92f-e1fb-45af-a82a-2ef03ba84885,Прокуратура,121,В работе,2022-10-11,2022-12-18,Опер #141,Гр. Гончар 934,2
16a5e4aa-3853-46ee-be69-890b3fccae4f,СБУ,296,Закрыто,2025-06-08,2026-01-30,Опер #154,Гр. Коваленко 975,0
e96267bd-1d32-44b5-81ea-c7f3101fa7e4,НПУ,185,Ожидание экспертизы,2020-02-02,,Опер #79,Гр. Сидоренко 887,5
3c4cb93d-a750-4fbf-83bf-0f4476b35682,НПУ,296,Передано в суд,2020-05-22,2020-08-29,Опер #30,Гр. Сидоренко 567,13
2208d689-9d47-43d8-9bbb-a60e8a1bfc12,НПУ,115,Ожидание экспертизы,2024-05-02,,Опер #59,Гр. Коваленко 369,7
8e4591bd-fe36-4b9b-bc1f-c0be25a80ec5,НПУ,296,Закрыто,2025-08-29,,Опер #25,Гр. Гончар 797,2
5194cd21-4ccf-4321-a24c-bdc55ad2252a,СБУ,289,На розыске,2023-06-19,2024-01-09,Опер #66,Гр. Петров 665,2
263f759d-c3c4-4fb5-8a10-049f434d04a1,СБУ,309,Закрыто,2025-03-23,2025-12-01,Опер #83,Гр. Коваленко 886,14
103f3520-cb2c-469f-9c74-c3124358d8fd,СБУ,115,В работе,2022-02-15,2022-09-09,Опер #61,Гр. Гончар 547,12
9ccaf706-89b9-443f-85f5-71c554539137,СБУ,289,На розыске,2021-10-10,,Опер #80,Гр. Иванов 481,4
90df6046-a0d4-41c5-bbbc-0475f91595e0,Прокуратура,194,На розыске,2020-11-02,2021-06-15,Опер #197,Гр. Сидоренко 604,1
18c10589-78e5-4b58-a3d1-cf6829d02051,Прокуратура,115,Закрыто,2023-09-10,2024-01-07,Опер #24,Гр. Сидоренко 196,13
b465f01b-efb7-4a93-9722-c55303a57638,СБУ,296,Ожидание экспертизы,2022-05-26,,Опер #140,Гр. Петров 287,4
be7a7a9d-7916-45ec-84c3-4a5c05a32da8,Прокуратура,296,В работе,2024-11-17,2025-07-20,Опер #28,Гр. Коваленко 665,14
7720a297-ca8c-45a6-b4c8-2424b9ecbf91,НПУ,194,На розыске,2023-08-09,,Опер #131,Гр. Коваленко 501,2
11af3ab9-6e21-4398-b945-3a92ad7982ae,НПУ,296,Ожидание экспертизы,2020-11-11,,Опер #108,Гр. Гончар 473,12
c27b678d-5596-41e8-9cb0-4be09bb59a2d,СБУ,289,Передано в суд,2025-08-18,,Опер #10,Гр. Петров 821,8
e885a306-3761-40a6-9dfd-95474ceee120,Прокуратура,296,Закрыто,2021-08-26,2022-07-11,Опер #27,Гр. Гончар 719,14
4e367aa1-830e-4dab-924f-6449a83d829b,СБУ,307,На розыске,2023-11-29,,Опер #183,Гр. Гончар 749,5
2c464c42-1bff-4301-b5e6-329ec3ad1f44,Прокуратура,194,В работе,2022-07-17,,Опер #28,Гр. Иванов 875,7
ba0e9b9a-0a7a-4b14-8d1b-7f0dc88738a8,НПУ,296,На розыске,2022-07-06,,Опер #73,Гр. Мельник 536,10
1a7c9a41-2773-42ea-934f-5075e19f7275,Прокуратура,263,В работе,2024-06-01,,Опер #66,Гр. Гончар 803,15
bc526b2c-6c42-40c2-85f4-fd3561708a4c,Прокуратура,185,В работе,2021-11-02,2021-12-05,Опер #92,Гр. Коваленко 912,15
0c238aaf-3263-4c35-944d-660d6df23dcf,НПУ,263,В работе,2022-10-14,2022-10-24,Опер #102,Гр. Сидоренко 951,4
acaf7cfa-7b4b-4a8b-9b37-46c9ebd1f6d1,НПУ,185,На розыске,2022-08-17,,Опер #24,Гр. Мельник 957,12
2f5662ed-f3a2-43f7-8104-8f7afdf520d4,Прокуратура,289,Ожидание экспертизы,2020-05-16,,Опер #86,Гр. Мельник 229,7
8060b98c-81b2-4b87-9be1-969d6f1e06a3,НПУ,185,Передано в суд,2020-01-26,,Опер #163,Гр. Мельник 328,12
ea0e31bf-72e2-4b26-a4b9-8b8d72f32f96,НПУ,307,Закрыто,2021-09-14,,Опер #199,Гр. Иванов 751,14
9e6c7ddb-ca6d-4b22-bf7a-431d5eb3d8fe,НПУ,309,В работе,2023-08-19,,Опер #148,Гр. Коваленко 482,14
3b4087e0-52ba-46f1-bc4a-17311d429acf,СБУ,307,Передано в суд,2022-04-03,,Опер #116,Гр. Сидоренко 122,5
d79c7a65-612a-4cd4-92d5-ebba4b8de977,Прокуратура,194,Ожидание экспертизы,2025-11-28,,Опер #155,Гр. Иванов 743,5
beeb2373-0319-41f3-bbc5-10934eb529e2,НПУ,263,На розыске,2020-04-03,2020-04-13,Опер #148,Гр. Мельник 695,0
4de6dfb9-b485-48fa-9042-783236745b69,НПУ,289,Закрыто,2022-11-04,,Опер #67,Гр. Мельник 214,4
00a9fc18-a31e-42c8-addc-2d6b5dd3ad0b,НПУ,185,В работе,2022-08-26,,Опер #19,Гр. Гончар 480,0
2344dff0-c505-498e-a571-8404e8b18c20,СБУ,115,Закрыто,2024-05-13,,Опер #99,Гр. Сидоренко 480,8
12488957-f490-4efb-860e-d4af9428e488,Прокуратура,115,На розыске,2025-07-30,2026-08-18,Опер #125,Гр. Иванов 134,9
72056278-8797-47f8-b400-b2632d4ad253,Прокуратура,194,В работе,2021-09-29,2022-10-25,Опер #28,Гр. Сидоренко 463,3
b350bcce-398f-42c7-a2f8-c741b1cb1f29,НПУ,115,В работе,2024-03-12,,Опер #8,Гр. Иванов 277,9
102ddaa4-ea60-4b9a-8db2-a8ae7e905ef2,СБУ,309,Закрыто,2022-05-18,2022-12-19,Опер #45,Гр. Коваленко 919,3
21640fce-b81b-458c-9c6c-ce61050099f0,СБУ,185,Ожидание экспертизы,2024-01-11,,Опер #20,Гр. Петров 425,8
f1f0f84a-09d0-4e27-9d4c-219c73e6b7d9,Прокуратура,263,Передано в суд,2021-02-12,2022-01-19,Опер #185,Гр. Иванов 928,0
2205f0c2-205c-4eb6-a72c-278f9c278375,СБУ,263,Закрыто,2020-11-28,2021-05-06,Опер #150,Гр. Коваленко 191,4
b68fdc3b-1ecc-456c-81e8-89988e48b32f,Прокуратура,187,В работе,2024-02-07,2025-03-01,Опер #46,Гр. Мельник 705,2
c633d0a8-cd66-40e5-85f5-50b220e8287e,СБУ,307,Ожидание экспертизы,2022-03-17,,Опер #139,Гр. Сидоренко 177,2
d37b7cfb-9f49-4375-899a-5d9f2ad8719b,СБУ,307,Ожидание экспертизы,2021-06-17,,Опер #181,Гр. Иванов 192,7
6f62461f-502d-472e-a7e8-5c74ff315e49,НПУ,307,Ожидание экспертизы,2021-10-27,,Опер #159,Гр. Петров 551,12
3ddc9f85-0cd2-43b9-9193-fb6180e49f11,НПУ,309,В работе,2025-08-27,,Опер #88,Гр. Иванов 740,8
856da8fb-3ca2-4c0e-8cec-0b10a00f7b9d,СБУ,296,Закрыто,2024-11-30,2025-03-24,Опер #122,Гр. Сидоренко 773,15
e5cfe863-cc4d-49e9-97c5-a71410bc7070,СБУ,309,Передано в суд,2021-10-07,,Опер #39,Гр. Гончар 448,11
d6a6750b-51c8-408b-9143-6719d685ef4d,СБУ,185,Закрыто,2025-03-04,2025-09-30,Опер #62,Гр. Мельник 551,1
9db093dd-6848-4440-b6d7-af10c8c86709,СБУ,296,В работе,2024-06-13,,Опер #41,Гр. Сидоренко 262,13
f9d49081-560b-4f33-a7f5-1dd2c51a5db9,СБУ,185,Ожидание экспертизы,2022-06-24,,Опер #25,Гр. Коваленко 678,0
2c1a73bb-da0f-4c8e-87d0-c4e490c21233,НПУ,289,Закрыто,2022-12-01,,Опер #174,Гр. Гончар 840,4
9c86fac4-df25-466f-87b0-802253006acc,НПУ,296,В работе,2025-09-25,,Опер #133,Гр. Иванов 523,13
84af4cfb-9c63-4fe7-b6e9-16ab3080e081,НПУ,263,Передано в суд,2025-07-27,2025-09-06,Опер #145,Гр. Мельник 364,11
4fa6ea1b-4fc4-4fa3-9a45-4ccb3a6c389b,СБУ,194,На розыске,2021-05-01,2021-09-28,Опер #32,Гр. Петров 926,7
67652bf9-9dfd-45e5-bcd3-e3217e54f3a4,Прокуратура,289,Ожидание экспертизы,2022-10-31,2023-06-16,Опер #57,Гр. Мельник 393,11
5ce440da-433c-493e-964d-2261febc627f,Прокуратура,263,Ожидание экспертизы,2025-01-08,,Опер #185,Гр. Мельник 267,15
c10007a6-9727-43d7-8ad9-3a43d819a3b9,НПУ,309,Передано в суд,2023-04-14,,Опер #66,Гр. Петров 635,5
6c52ccb8-c842-4849-91f6-460351be5c4f,Прокуратура,121,В работе,2020-12-03,,Опер #42,Гр. Петров 129,12
6c160ccc-efb3-4721-93d3-756a5ee94de5,НПУ,296,Ожидание экспертизы,2023-03-19,,Опер #32,Гр. Мельник 537,7
0049a9e2-ba54-4166-92d9-0721c8f77ddd,СБУ,185,Передано в суд,2023-12-08,,Опер #122,Гр. Коваленко 970,10
a251739e-adb4-4f37-807e-900c23a40ab7,СБУ,194,Ожидание экспертизы,2023-04-20,,Опер #21,Гр. Иванов 749,13
bbc558d1-9d5c-47b2-a4d0-1adfc47a34f7,СБУ,296,В работе,2021-11-08,,Опер #64,Гр. Мельник 890,9
a67a90ff-580e-4d3a-9e82-3c87e0f5973b,НПУ,194,На розыске,2025-01-24,,Опер #134,Гр. Коваленко 309,14
1023ff93-fa1f-4576-a828-cc940109eb12,СБУ,187,Ожидание экспертизы,2024-01-11,,Опер #133,Гр. Мельник 787,8
5f37a038-f318-4f88-a8e5-a85209421e24,НПУ,121,Передано в суд,2023-10-19,2024-09-03,Опер #45,Гр. Петров 739,3
b81e6827-29c6-4a93-a8f1-22da90fd3f09,Прокуратура,121,Ожидание экспертизы,2024-06-06,,Опер #29,Гр. Петров 634,6
970fa738-85d2-4609-b15a-a265fed05066,СБУ,121,Закрыто,2021-03-22,,Опер #88,Гр. Коваленко 365,1
77559f0d-edd7-4c4e-9b51-bc0e9e3a9184,НПУ,121,Закрыто,2020-11-03,2021-02-21,Опер #152,Гр. Сидоренко 279,14
533771c5-62a4-4105-b100-82acea930eab,НПУ,187,Ожидание экспертизы,2024-10-28,,Опер #1,Гр. Мельник 955,3
17b57233-aa34-4f91-8013-80aa53a3016c,Прокуратура,307,На розыске,2025-04-08,,Опер #147,Гр. Иванов 981,5
9df1fcd9-2790-4723-8ffb-df7489e89905,Прокуратура,309,Передано в суд,2020-05-25,,Опер #184,Гр. Мельник 693,2
ee2ed6ec-3c3d-4c31-86c7-d0e3b1db43c4,НПУ,309,На розыске,2022-03-05,,Опер #52,Гр. Иванов 202,13
1015af06-222f-4023-8a66-ce94d90dff78,Прокуратура,289,Передано в суд,2022-02-23,2023-01-10,Опер #199,Гр. Петров 614,6
72fc3e2b-2616-465d-b071-44374cda0d9d,НПУ,263,Ожидание экспертизы,2022-01-30,,Опер #172,Гр. Петров 718,10
727b918c-33f5-4507-a800-8a9bca4d82d7,НПУ,307,Закрыто,2020-03-27,2020-07-05,Опер #97,Гр. Сидоренко 236,2
1a1f122d-dd88-4f0c-9105-16969a6feb2e,Прокуратура,307,Передано в суд,2025-09-13,2025-11-16,Опер #57,Гр. Коваленко 287,12
77003600-2b39-4166-a8ae-9800897dc8be,СБУ,263,Закрыто,2022-08-14,2023-03-20,Опер #181,Гр. Иванов 720,7
a5e104b1-2dac-4533-8aff-e4414c61a146,НПУ,296,Закрыто,2024-04-14,,Опер #135,Гр. Петров 745,5
0e3384e4-fbd0-4c67-a26f-cac36f5d953f,СБУ,115,На розыске,2020-03-04,,Опер #26,Гр. Мельник 912,10
0d76d8a0-85a2-4a8d-8d97-ee8c8a4f29b7,СБУ,309,В работе,2021-02-09,,Опер #33,Гр. Иванов 915,1
50c33388-cb44-48d1-a983-c6d95bcdab76,СБУ,115,На розыске,2025-02-17,,Опер #83,Гр. Иванов 992,14
297e8c1e-9df6-4fd6-86af-2502c8aa36ae,Прокуратура,187,Ожидание экспертизы,2023-01-30,,Опер #99,Гр. Коваленко 554,10
633dfd1c-0170-4a39-8952-c2f466192d6e,СБУ,289,Ожидание экспертизы,2022-11-16,,Опер #166,Гр. Мельник 214,5
de21b7d3-e312-45e5-bc71-e4c47e6195c2,НПУ,185,Закрыто,2021-02-18,2021-09-14,Опер #92,Гр. Мельник 590,2
e6b51fe5-109d-4f56-809e-1f5ce3a1bfc2,НПУ,121,Закрыто,2025-06-25,2025-09-20,Опер #11,Гр. Гончар 798,4
40089175-41a2-40c6-ba9e-47664a5ad721,Прокуратура,121,В работе,2023-03-05,,Опер #85,Гр. Мельник 709,11
79679173-eb83-4daa-9f47-9282528fe675,СБУ,121,Закрыто,2022-02-07,,Опер #196,Гр. Иванов 580,1
33c229a5-8b5b-4096-be5c-08d5a2997815,Прокуратура,187,Закрыто,2025-05-16,2025-11-22,Опер #72,Гр. Петров 766,3
82406456-6f49-4cda-8d37-d6d510efd1fc,Прокуратура,296,Закрыто,2022-11-09,2023-02-23,Опер #69,Гр. Гончар 872,2
fcaa645a-e139-49b4-983b-97f0a0f4fba3,Прокуратура,121,Передано в суд,2021-04-16,,Опер #86,Гр. Мельник 237,15
86e723bc-12a6-4b81-b9de-25343f13c601,СБУ,187,Передано в суд,2021-10-01,2022-03-29,Опер #74,Гр. Гончар 134,8
fdc1b39b-b9e2-498a-855c-a493b7da2da3,Прокуратура,185,В работе,2021-04-12,,Опер #167,Гр. Иванов 243,9
83242eee-e3c4-49d9-a5b9-336d7426a73a,СБУ,263,Передано в суд,2020-03-15,2020-11-17,Опер #58,Гр. Иванов 594,6
39e53899-5ac3-40c6-9967-f9c503b2f8a0,СБУ,296,Ожидание экспертизы,2024-01-29,2024-08-15,Опер #136,Гр. Сидоренко 867,4
527f15d1-ad45-42e2-817b-a6c8a5fb389e,НПУ,296,Закрыто,2020-09-05,,Опер #127,Гр. Иванов 898,3
929455ac-fc65-41fd-b9d8-f036963082dc,НПУ,289,Передано в суд,2020-05-22,,Опер #16,Гр. Гончар 851,2
dbb3d0c7-162b-4069-9059-3fc17548596b,НПУ,263,Ожидание экспертизы,2024-08-12,,Опер #198,Гр. Иванов 565,15
1ce18e18-993b-4e76-a8f4-e327c1251f26,СБУ,185,На розыске,2021-06-29,,Опер #30,Гр. Гончар 873,8
30030df8-86b7-4bc4-8538-dbb49b07dd23,Прокуратура,194,В работе,2022-08-22,,Опер #105,Гр. Сидоренко 286,8
8d5e85f7-ea13-4228-af1a-986bed4d15ee,НПУ,115,На розыске,2025-04-23,,Опер #23,Гр. Гончар 439,4
4456b4cf-981f-4781-863c-9abd6deba556,Прокуратура,309,На розыске,2025-08-09,,Опер #94,Гр. Гончар 204,11
be5f0baa-906f-4a36-b47c-6bfa2294d370,СБУ,115,Передано в суд,2024-06-18,,Опер #25,Гр. Мельник 251,8
1d10e98c-385f-4483-85e1-8b5dbec3494c,Прокуратура,296,Передано в суд,2021-03-28,,Опер #32,Гр. Сидоренко 868,12
085a4427-7ef0-4e13-950b-31468bb33f53,Прокуратура,115,Ожидание экспертизы,2024-05-02,,Опер #40,Гр. Иванов 357,2
68e97e4d-d3e1-4e1d-8432-66dad4858400,НПУ,121,Закрыто,2020-12-02,2022-01-06,Опер #134,Гр. Мельник 534,7
7e92aaca-59b6-4f67-8def-9a547531b172,НПУ,185,Передано в суд,2025-03-21,,Опер #3,Гр. Петров 617,11
2d5224ec-f78f-4c8b-ba2b-f16c74d70d2e,СБУ,307,Закрыто,2020-11-14,,Опер #30,Гр. Иванов 724,5
71b1d39f-c97f-41ab-bde3-653d3bf037c3,НПУ,263,Передано в суд,2020-04-06,,Опер #28,Гр. Сидоренко 831,7
401a9318-620c-446a-8a1a-a9011d0b7fd1,НПУ,307,В работе,2021-01-25,2021-03-21,Опер #186,Гр. Иванов 155,1
90cfdb5e-12bf-4ebf-85e2-4f6382e3e0fa,Прокуратура,289,На розыске,2022-05-01,,Опер #131,Гр. Иванов 742,10
903f5537-ef7b-4fef-9d6a-8c995a7f3f43,СБУ,296,Передано в суд,2024-08-02,2024-12-15,Опер #9,Гр. Петров 809,14
bf222843-76b0-40b7-8aa4-dabea612b2b2,Прокуратура,115,Передано в суд,2020-05-15,2020-07-21,Опер #176,Гр. Иванов 604,7
1c0c0bd9-e277-48ef-a1fc-2cd3624d900a,Прокуратура,121,Передано в суд,2020-05-30,2021-01-28,Опер #106,Гр. Сидоренко 955,8
bfe79543-7388-4403-9b92-33b4ce8490a9,НПУ,263,На розыске,2025-09-04,,Опер #37,Гр. Гончар 846,9
e0cdc5c0-285c-4f36-bf16-1af978ce5d95,НПУ,115,В работе,2024-11-12,2025-10-30,Опер #114,Гр. Мельник 199,9
4e7da49d-bde5-412b-8d50-8f74188322c8,Прокуратура,187,Закрыто,2022-02-04,2022-12-10,Опер #4,Гр. Гончар 346,9
9855e6cf-da75-4d82-8203-2283579e525d,Прокуратура,309,Ожидание экспертизы,2023-06-21,2023-11-11,Опер #137,Гр. Сидоренко 647,11
a8f24944-296d-4af6-8cfd-8c4c772f235f,Прокуратура,185,Ожидание экспертизы,2025-03-31,,Опер #15,Гр. Сидоренко 600,12
8bde5a30-6390-4bd4-b383-baddcb7a632e,СБУ,263,Передано в суд,2022-11-19,,Опер #52,Гр. Гончар 484,0
b51b404b-d424-42a0-85e5-1c7fde565bf4,НПУ,121,Ожидание экспертизы,2023-10-10,,Опер #87,Гр. Сидоренко 754,9
8baad9a4-f917-4ea4-82d9-3679106e836f,СБУ,296,В работе,2023-04-13,2023-05-09,Опер #179,Гр. Коваленко 859,4
5ac3712e-bfef-4eb5-86d8-16650612991d,Прокуратура,263,В работе,2025-05-06,,Опер #140,Гр. Гончар 509,6
cab91b0c-3371-4f2b-9781-57c2bc8c535d,НПУ,185,Ожидание экспертизы,2021-07-30,,Опер #182,Гр. Петров 378,1
dafa92bf-51af-463e-920d-c0378928d12f,НПУ,185,Передано в суд,2024-05-27,,Опер #182,Гр. Иванов 697,2
4f94fc21-44de-4ac5-987e-9c10a5bfb914,НПУ,263,В работе,2023-07-19,,Опер #48,Гр. Сидоренко 787,10
4be529bd-aca3-43da-a3d8-abbfb22951fd,Прокуратура,187,На розыске,2024-10-19,,Опер #65,Гр. Гончар 920,5
69547a0b-70c5-4614-bdf0-e87fbcc6f5f0,НПУ,194,На розыске,2022-01-24,,Опер #88,Гр. Коваленко 438,7
ac723f58-ed6b-4e7e-818e-c9e7495baa76,СБУ,307,Закрыто,2023-05-25,2023-11-15,Опер #38,Гр. Мельник 897,10
7b5b89f3-a3d5-4d6b-bfaa-3f8aa0252570,Прокуратура,289,Закрыто,2022-04-25,,Опер #21,Гр. Коваленко 487,1
a5aa7582-4121-4c09-9b75-5807c98f5019,Прокуратура,187,Ожидание экспертизы,2025-05-18,2025-08-25,Опер #82,Гр. Гончар 217,11
ae2051eb-291a-4fb4-90a1-73fc6446ddd6,СБУ,296,На розыске,2022-02-21,2022-06-15,Опер #108,Гр. Мельник 200,6
56d9ba1b-c02a-4892-a79a-a398b7a065c0,НПУ,289,Закрыто,2020-07-14,,Опер #10,Гр. Петров 381,7
efea0def-b61c-4c9c-a153-85ae099a51ac,СБУ,296,В работе,2020-10-11,,Опер #110,Гр. Сидоренко 156,13
7dce98bf-1fd0-4417-aba4-f4f20e4a2e04,Прокуратура,194,Закрыто,2022-12-31,,Опер #37,Гр. Петров 623,8
9af25af3-d232-4602-9eb4-932fc4a2b25e,НПУ,194,На розыске,2022-05-26,,Опер #105,Гр. Коваленко 454,7
a251fee4-e793-4225-a5d9-17003303f3e0,СБУ,263,Закрыто,2025-09-07,2026-06-23,Опер #7,Гр. Иванов 596,7
21af5f04-e46f-4030-b582-67ad913bf969,Прокуратура,121,Передано в суд,2020-02-07,,Опер #132,Гр. Гончар 219,13
974e9708-a1fd-49ae-983d-79db97c5343c,НПУ,185,Закрыто,2024-07-19,,Опер #9,Гр. Сидоренко 955,8
e044b481-4bdc-4aa0-94f3-465e6275dbd4,СБУ,121,Закрыто,2023-06-11,2024-05-15,Опер #58,Гр. Петров 638,13
dc885ec6-c8a4-441d-9801-5d18852072ab,НПУ,121,На розыске,2025-10-01,2026-04-29,Опер #34,Гр. Гончар 320,13
c1d6db63-b665-4c34-acdf-d5d53a5536e9,СБУ,289,Передано в суд,2023-11-30,2024-05-26,Опер #103,Гр. Петров 490,15
8da93e36-fa84-40e8-8b62-44bc953fa24a,Прокуратура,121,На розыске,2023-10-20,,Опер #200,Гр. Сидоренко 897,13
8f226de5-7c9a-4ca6-8c28-b2ffea246e7b,НПУ,289,Ожидание экспертизы,2025-07-12,,Опер #66,Гр. Мельник 428,13
ebfe9fb2-6ad3-4e16-b196-380d8186202d,Прокуратура,115,На розыске,2024-07-25,,Опер #116,Гр. Коваленко 196,0
3120f5fa-ac72-49f6-9715-18f910d7fcaf,НПУ,185,На розыске,2023-01-19,2024-01-01,Опер #87,Гр. Сидоренко 203,3
1a852909-2a12-44e4-b2c4-62551fee6623,СБУ,307,На розыске,2021-08-20,2021-12-22,Опер #28,Гр. Сидоренко 515,4
759938b9-79df-4a18-8e8f-b2f265fab184,Прокуратура,289,На розыске,2025-02-11,2025-04-15,Опер #105,Гр. Гончар 251,8
6a00e550-300c-44db-8aa2-d37d9df5b99c,НПУ,309,Закрыто,2020-01-14,,Опер #122,Гр. Гончар 106,3
d7faecfb-fce6-4274-a410-9d64550fbb42,Прокуратура,263,На розыске,2022-06-11,2022-10-05,Опер #85,Гр. Гончар 268,10
e3d0c6cb-cdbe-49eb-a06a-5560e9550114,Прокуратура,194,На розыске,2021-02-12,,Опер #135,Гр. Коваленко 395,12
7728a290-2753-45a7-afef-07254444f5ba,СБУ,296,Передано в суд,2022-10-24,2023-05-29,Опер #65,Гр. Мельник 812,2
6befc988-398c-4bb1-94df-f43977be8332,Прокуратура,307,На розыске,2024-07-26,,Опер #145,Гр. Мельник 952,3
d70c8be1-911c-4ae7-a36e-bf14867254bf,НПУ,296,Закрыто,2022-06-19,,Опер #191,Гр. Гончар 824,13
3233e9a3-a31f-44e6-800d-49905df6bcde,Прокуратура,263,Ожидание экспертизы,2023-06-21,2024-02-14,Опер #82,Гр. Иванов 937,8
cb76f30a-137a-4c47-86c5-389b6a4d61cd,СБУ,115,Закрыто,2023-05-21,,Опер #169,Гр. Мельник 377,5
cb06b58e-bc36-438e-acf4-c3aa4baf8f5b,СБУ,307,На розыске,2025-11-17,,Опер #125,Гр. Мельник 879,13
5a3c2152-b750-493c-b136-f44a61eef32f,НПУ,121,Закрыто,2025-11-25,,Опер #60,Гр. Сидоренко 271,8
ecff4ec5-2793-4ec5-9b58-2f1f906cc709,СБУ,115,Ожидание экспертизы,2025-08-12,2026-02-14,Опер #159,Гр. Петров 802,9
4823b2a3-f4bb-42a8-bcbf-9afd10ee902d,Прокуратура,187,На розыске,2020-12-05,,Опер #20,Гр. Иванов 206,7
b0640d6f-0194-4e4b-978f-ae50f5abba2c,СБУ,296,В работе,2024-08-05,2025-05-06,Опер #75,Гр. Сидоренко 354,10
a5c5133a-f72b-4e19-a49c-8904fcd2449a,СБУ,263,Закрыто,2020-10-26,2021-05-20,Опер #145,Гр. Иванов 589,15
442a7bb6-0f00-470c-8382-8d34f6983ba7,СБУ,309,Закрыто,2024-12-08,2025-02-23,Опер #72,Гр. Сидоренко 712,7
1f6eab61-f267-4fe0-ba6d-4a731469666a,НПУ,289,В работе,2023-12-29,,Опер #108,Гр. Гончар 550,6
513abfd6-bab3-42a8-af89-03faab4f22a2,Прокуратура,307,В работе,2022-12-09,,Опер #62,Гр. Коваленко 237,5
e0e65f35-fdd2-450f-93b3-da2a9a7c49a4,НПУ,263,Передано в суд,2020-02-04,,Опер #68,Гр. Петров 722,13
91caf282-186e-452e-aa9f-5669925f925d,СБУ,121,Передано в суд,2023-07-01,2024-07-20,Опер #153,Гр. Петров 690,7
2a870f8d-55c2-4d45-aa06-886fcf86be13,НПУ,307,В работе,2022-03-02,,Опер #181,Гр. Мельник 399,0
92e8dfec-4010-424d-85f3-d0c3ee7c6025,СБУ,121,Передано в суд,2022-07-06,,Опер #129,Гр. Мельник 197,7
4e0cdeab-688f-4349-b50b-46bff6462a9c,Прокуратура,309,Ожидание экспертизы,2025-09-12,,Опер #124,Гр. Петров 599,1
aa008cbb-649b-408d-98ce-c6280d474d68,НПУ,121,Передано в суд,2024-09-15,,Опер #134,Гр. Гончар 576,7
0fb4b4bb-3792-4e0b-b096-df6b1a21c6dc,Прокуратура,185,Ожидание экспертизы,2023-07-31,2023-09-23,Опер #155,Гр. Мельник 323,1
ad304519-04e2-4380-8f32-6a9cbb6b7058,Прокуратура,115,На розыске,2022-03-02,2022-10-24,Опер #15,Гр. Иванов 112,7
ba13f727-df4f-41e2-b3e1-671270e2cd9a,Прокуратура,263,Ожидание экспертизы,2021-01-22,,Опер #13,Гр. Гончар 638,1
21052a35-6fff-4b92-b786-e83a639cd21d,СБУ,121,Закрыто,2021-09-25,,Опер #68,Гр. Коваленко 360,15
8c3bd22b-4a4f-49cc-b6ae-86728d50b25d,СБУ,289,Закрыто,2022-10-16,,Опер #65,Гр. Коваленко 934,5
37472295-62e8-4b36-90e4-a33d456ae5ae,СБУ,296,Передано в суд,2025-10-10,,Опер #92,Гр. Мельник 985,5
9fa099b9-1772-4d71-a732-27b355528ca2,НПУ,296,На розыске,2022-04-27,2023-01-07,Опер #76,Гр. Гончар 261,10
6fb2ba9f-0dc2-415a-a4ea-b93169b5ea81,НПУ,194,Ожидание экспертизы,2025-01-29,,Опер #148,Гр. Гончар 232,1
b480554d-7141-4137-8d29-d164b8b17a85,НПУ,307,Закрыто,2025-05-03,,Опер #75,Гр. Гончар 728,0
2a85b1fc-5ad0-4f36-974e-23f7d1dea117,НПУ,187,Закрыто,2024-07-01,,Опер #26,Гр. Сидоренко 498,2
12f53c10-48da-4aea-9c45-5068d78530e9,НПУ,307,Ожидание экспертизы,2020-08-11,,Опер #74,Гр. Иванов 508,10
c1351fbc-bd42-4c38-881c-af5f7dbbc7f4,СБУ,296,В работе,2023-08-11,2023-12-04,Опер #149,Гр. Коваленко 622,6
196578c5-d45c-4b89-b1e3-17655815a3d9,Прокуратура,263,Ожидание экспертизы,2020-05-15,2020-07-29,Опер #138,Гр. Сидоренко 332,15
25a49458-3f54-48f3-94e8-fb7976ea6634,НПУ,121,Передано в суд,2025-02-16,,Опер #49,Гр. Коваленко 317,14
cf31028f-8f9b-44e2-b525-0dcea71238a6,Прокуратура,115,Ожидание экспертизы,2021-03-07,,Опер #45,Гр. Мельник 290,5
c53d77b9-7ad5-42ab-8267-0dbba960608d,НПУ,296,В работе,2022-11-14,,Опер #143,Гр. Коваленко 453,8
af17e274-1641-480e-8d5b-8b813c238ea0,НПУ,187,Закрыто,2025-03-27,2025-06-05,Опер #55,Гр. Иванов 367,14
7e81edfc-8b64-4aab-b8f4-ae354d5439eb,НПУ,309,Ожидание экспертизы,2022-11-05,2023-08-18,Опер #90,Гр. Иванов 301,12
00b2d029-6e10-4eef-8944-c856bf3ddee4,НПУ,296,Передано в суд,2022-08-20,,Опер #140,Гр. Гончар 949,12
26f68303-7a20-4982-9231-18c392d868ae,СБУ,307,Передано в суд,2024-08-13,,Опер #36,Гр. Мельник 287,7
628274a6-ed12-4f63-87eb-fefbeff3896d,СБУ,194,Ожидание экспертизы,2021-08-05,2022-02-11,Опер #138,Гр. Петров 867,15
05cc48ee-9a9e-4647-a447-66e642e1bd52,НПУ,289,Ожидание экспертизы,2023-12-14,2024-05-29,Опер #103,Гр. Мельник 525,6
7df37dc1-c7e4-4144-9de4-ffa8d1f25464,НПУ,187,В работе,2020-03-28,,Опер #121,Гр. Иванов 327,1
36d45331-3aea-4ac7-996c-5f0004644857,Прокуратура,121,На розыске,2020-10-03,2021-09-01,Опер #21,Гр. Коваленко 390,7
dc482a11-c9a3-4b3b-8b5c-c020bfa96b43,СБУ,121,Закрыто,2021-05-20,,Опер #90,Гр. Петров 241,15
2f0df067-3d2e-4aaa-a2bd-d2163db8b7f6,НПУ,309,Передано в суд,2021-10-05,,Опер #89,Гр. Иванов 837,10
78ad95ec-bbcd-4812-8922-0780b778ce2e,НПУ,307,На розыске,2021-12-30,,Опер #46,Гр. Иванов 768,1
1187b7b6-640e-4795-afd6-789dcedceec0,Прокуратура,121,На розыске,2020-07-10,2020-09-03,Опер #35,Гр. Иванов 408,12
e7eb39ff-74b1-472d-8279-b04d04e1a1a8,СБУ,185,Передано в суд,2020-08-04,,Опер #45,Гр. Сидоренко 565,8
481c434d-09c2-4b78-8428-c20ed8dea89d,СБУ,296,Закрыто,2021-11-01,2021-12-05,Опер #105,Гр. Сидоренко 166,2
632ffd4d-7d47-4c59-9c56-32cc656efb74,СБУ,307,На розыске,2020-04-09,2020-12-29,Опер #195,Гр. Коваленко 149,4
38cbae39-8347-4440-8847-7ac1d4c2061e,НПУ,296,Ожидание экспертизы,2024-06-17,,Опер #64,Гр. Коваленко 601,6
dce2f731-78c5-45f7-a72b-f8c66899b2fa,НПУ,115,Передано в суд,2020-06-06,2021-05-29,Опер #45,Гр. Петров 738,12
5811d8ab-1b8d-4ad0-bdf9-ab1b3e1fdcba,СБУ,289,В работе,2021-09-12,2022-09-22,Опер #196,Гр. Гончар 663,1
0bde2612-d63e-467e-81f5-fb609931b70f,НПУ,115,Передано в суд,2023-03-05,2023-11-24,Опер #42,Гр. Иванов 228,4
5aea5eb7-4a27-4976-8004-1bc9ab893154,СБУ,263,Закрыто,2024-05-18,2024-06-08,Опер #98,Гр. Гончар 695,6
c46e76ff-c618-43a7-b398-c62bd50132c8,НПУ,296,Ожидание экспертизы,2021-05-23,,Опер #26,Гр. Петров 215,11
7a061b58-554d-4b4d-bfc7-b85024cac365,СБУ,194,Передано в суд,2023-02-20,,Опер #52,Гр. Гончар 721,13
9996934c-6bab-495d-88e3-f7410bb4403f,Прокуратура,307,Закрыто,2021-01-10,,Опер #20,Гр. Иванов 609,6
ec441cff-61e7-415a-a11e-ed90bf719821,НПУ,115,Ожидание экспертизы,2025-02-27,2025-09-29,Опер #103,Гр. Петров 428,11
51b336c8-ee56-46ef-b9e6-c09d201a8b0d,СБУ,289,В работе,2022-08-08,2022-11-04,Опер #135,Гр. Коваленко 511,11
c14ed541-7f0e-4516-a645-89ba23bf67cb,Прокуратура,296,Передано в суд,2022-04-13,,Опер #89,Гр. Петров 512,12
f65bfc1d-b081-48e1-afd2-be95f5635411,СБУ,194,Ожидание экспертизы,2021-04-03,2021-07-12,Опер #121,Гр. Коваленко 835,2
47255a08-0a0b-4391-ad5f-a002611fffd5,Прокуратура,263,В работе,2024-02-07,2024-05-12,Опер #180,Гр. Мельник 668,4
d47b9ec2-8615-4f4e-b0d9-1f150d0cb876,СБУ,185,В работе,2024-08-17,,Опер #28,Гр. Коваленко 448,1
129973ec-06ea-43c1-a7d4-48ad5581cab6,НПУ,187,Передано в суд,2024-06-18,2024-07-29,Опер #53,Гр. Сидоренко 948,2
9bbd75ba-d99c-4069-b779-aeb15d0a7da1,НПУ,194,В работе,2025-07-02,,Опер #123,Гр. Иванов 704,12
d65286a0-457b-4f52-82a2-c83947737c62,НПУ,121,В работе,2025-06-18,,Опер #101,Гр. Петров 520,14
652ccf69-271f-4b36-9354-49cb2df99b91,СБУ,263,На розыске,2021-02-04,2021-12-03,Опер #8,Гр. Гончар 397,11
eccf6c84-fa40-4355-8d57-b4f07916c561,НПУ,187,На розыске,2022-09-06,2023-06-15,Опер #154,Гр. Мельник 459,13
1f70c764-ef2b-435c-b53a-209f519fd736,Прокуратура,309,Закрыто,2023-10-12,2023-11-02,Опер #4,Гр. Иванов 936,2
ed850d2a-a77a-4b06-ac2b-e861ef08da02,НПУ,263,В работе,2025-07-31,2025-12-19,Опер #192,Гр. Сидоренко 896,12
8614d30d-67d3-49e7-8bcc-4bcdaf740b24,НПУ,289,Закрыто,2024-04-04,,Опер #52,Гр. Сидоренко 425,13
13d03ea3-c5c5-4b45-819d-3490bf0db6a0,Прокуратура,121,Закрыто,2020-03-03,,Опер #159,Гр. Петров 456,14
4989e7c5-73d7-4888-91ad-fccacb190d1c,Прокуратура,296,На розыске,2025-04-05,2025-10-23,Опер #67,Гр. Мельник 941,12
d31c6958-9784-41ef-89d9-37a349f73ec8,Прокуратура,307,На розыске,2020-09-09,,Опер #42,Гр. Коваленко 416,15
d4292271-2570-41f1-a082-f7b7cee0bd93,НПУ,185,Передано в суд,2024-09-15,,Опер #95,Гр. Сидоренко 145,7
6a8d2ee5-5b4d-4dbc-acd9-ab0aa18b073f,НПУ,307,На розыске,2020-03-31,2021-01-06,Опер #172,Гр. Гончар 360,1
b128a1b1-8ad3-4f9b-8e79-4cff33d214fa,Прокуратура,115,Закрыто,2025-04-14,,Опер #62,Гр. Иванов 276,0
1700ef78-6e72-450e-9cdd-7f343220670f,СБУ,307,На розыске,2023-06-23,2023-11-06,Опер #31,Гр. Иванов 602,14
de728a9e-709c-4c47-b8ee-85f5dcaffa6f,Прокуратура,194,В работе,2023-04-13,2023-10-01,Опер #24,Гр. Коваленко 996,15
0b3a771e-eeaa-4237-8ca9-d019839fe3b2,СБУ,263,Закрыто,2025-04-19,2026-02-17,Опер #191,Гр. Иванов 770,6
fb4ff800-a371-4f8c-94f8-986fa2b60099,СБУ,289,Передано в суд,2021-04-28,2021-07-01,Опер #161,Гр. Иванов 698,0
5d0bea20-564f-407b-a97a-72512ba4ab8e,СБУ,263,Ожидание экспертизы,2020-06-27,2021-03-08,Опер #92,Гр. Петров 107,6
feedde1d-035d-4220-b24e-3775783d6302,СБУ,115,Закрыто,2020-10-04,,Опер #105,Гр. Петров 481,15
7720c5e1-281b-4b25-8119-3b4798a6b695,СБУ,121,В работе,2025-10-16,,Опер #83,Гр. Иванов 688,8
19238566-638b-4b02-a9a0-312bc25cf9e4,Прокуратура,194,Передано в суд,2022-10-23,,Опер #98,Гр. Мельник 650,7
485cfeac-d355-4d2b-81ad-2fd1e164e29f,Прокуратура,187,В работе,2023-01-02,2023-11-27,Опер #96,Гр. Коваленко 775,12
0eb62342-5b28-4393-9b6f-f9187136fd7c,Прокуратура,185,На розыске,2024-01-18,,Опер #33,Гр. Гончар 482,13
d32c2a7d-287d-4746-b445-4fe12e8f9ca3,СБУ,187,На розыске,2024-01-31,,Опер #199,Гр. Гончар 384,15
7354e16e-355d-496c-a7b8-6acf7a58f465,Прокуратура,263,Ожидание экспертизы,2024-05-18,,Опер #146,Гр. Сидоренко 803,9
bb7967a6-4e2f-4d43-b9c5-97b33acbe165,НПУ,185,Ожидание экспертизы,2024-06-25,2025-03-10,Опер #123,Гр. Гончар 907,13
04945cef-99e1-4169-b57f-4ce4c49d923b,НПУ,263,Ожидание экспертизы,2022-10-15,2023-10-18,Опер #182,Гр. Иванов 380,9
49141f53-44bd-44ed-a78f-34f099bdad4a,Прокуратура,263,На розыске,2024-06-03,2025-03-20,Опер #121,Гр. Коваленко 611,4
dff06625-cb16-43bb-87ca-96d8161b9410,СБУ,194,Ожидание экспертизы,2024-04-20,2025-01-11,Опер #132,Гр. Коваленко 439,0
f36600f0-fa9f-460c-b552-e0f57fb5b46e,НПУ,296,На розыске,2024-09-16,2024-11-15,Опер #152,Гр. Гончар 490,14
150932b5-36b7-40e5-9267-15c025a23f46,НПУ,289,На розыске,2021-10-12,,Опер #183,Гр. Петров 663,15
49bd7988-0d72-4bf8-9db0-2a31ee844111,СБУ,194,Ожидание экспертизы,2022-01-08,2022-08-20,Опер #24,Гр. Мельник 564,3
ca970cf3-cd58-4eb0-b609-21503776e1e4,Прокуратура,289,Ожидание экспертизы,2025-06-02,,Опер #146,Гр. Иванов 282,2
818860ec-20d5-4132-9db6-87273b46df16,Прокуратура,115,Ожидание экспертизы,2024-09-07,,Опер #20,Гр. Гончар 546,15
309fe852-3c3c-4c03-aa76-bbf35b7c8cd0,Прокуратура,263,В работе,2025-04-06,,Опер #188,Гр. Мельник 851,7
922c4666-9593-479a-bc38-2ddd2d38da2c,СБУ,289,Передано в суд,2024-02-08,2024-09-12,Опер #170,Гр. Иванов 606,9
22558b25-b8c1-4121-9d32-301f715c4eaa,НПУ,121,В работе,2024-09-06,,Опер #124,Гр. Иванов 110,9
92d758c6-c40d-4496-a9e5-80092e835e89,НПУ,307,Передано в суд,2023-12-06,,Опер #43,Гр. Петров 525,11
804f47db-1bed-42b2-b1c6-16b682a8af1a,Прокуратура,296,Ожидание экспертизы,2022-06-27,,Опер #155,Гр. Сидоренко 441,12
0efae6cb-3878-45fd-b8cc-0ce2ecc0cc91,НПУ,121,В работе,2024-02-10,,Опер #185,Гр. Коваленко 153,7
e8bb5d04-d884-4d5b-a2c9-d15da15b5910,СБУ,309,В работе,2024-06-26,2025-03-13,Опер #170,Гр. Сидоренко 776,14
455fdf72-2f6f-4dae-b10c-cebd106d0e23,Прокуратура,187,На розыске,2024-01-09,,Опер #84,Гр. Петров 574,7
d2a75c32-8c59-4dac-9176-2cd27b9044ae,Прокуратура,296,На розыске,2024-06-12,2025-01-30,Опер #10,Гр. Гончар 147,12
59f3c1de-4713-4de4-b509-0d82db421e1d,СБУ,185,В работе,2022-03-02,,Опер #69,Гр. Сидоренко 491,12
85528240-d172-4774-9525-0af445eeac30,СБУ,185,На розыске,2023-06-09,,Опер #89,Гр. Гончар 315,13
1dffce1b-3719-4c43-9799-ac63f0e1f28f,НПУ,309,В работе,2020-11-05,,Опер #171,Гр. Мельник 617,10
af35eb02-1788-4234-9c0b-68a5c8790dca,НПУ,194,Закрыто,2023-06-04,,Опер #3,Гр. Мельник 155,14
1e81590c-4c42-4d1a-b3eb-1a84f9104cce,НПУ,115,Закрыто,2020-10-13,2020-12-13,Опер #100,Гр. Коваленко 256,15
f0e58a94-6ba6-4134-864a-b6b6903125ea,СБУ,307,На розыске,2023-06-28,,Опер #21,Гр. Мельник 479,13
dd2bba6b-711f-45c2-96d1-8a4045eacc0c,СБУ,307,Закрыто,2025-05-23,,Опер #161,Гр. Петров 854,12
f53ec34a-404e-4b07-a2c9-6434dd9fe590,Прокуратура,115,На розыске,2025-10-12,,Опер #84,Гр. Сидоренко 200,12
5ace7d87-c680-4d41-973e-d8e0a9e304f6,НПУ,263,В работе,2021-01-19,2021-07-28,Опер #142,Гр. Петров 144,3
6831278b-e1aa-40bb-aa25-5e821bcd50c3,Прокуратура,194,В работе,2020-11-25,2021-03-18,Опер #157,Гр. Петров 324,11
2976716e-ba78-4147-93bf-92e1a0aba096,НПУ,121,В работе,2023-10-05,,Опер #84,Гр. Гончар 967,6
d29e96fb-3592-47ce-92af-59061a757277,Прокуратура,121,В работе,2024-09-30,2025-05-24,Опер #95,Гр. Мельник 493,8
f227ce5e-d77a-4ac4-8f1c-16a7d1ff5cdc,НПУ,194,В работе,2024-07-19,2025-06-13,Опер #180,Гр. Иванов 975,13
f24dc29b-139b-49cd-8212-b68f8cb8f096,Прокуратура,194,На розыске,2025-08-21,,Опер #123,Гр. Петров 307,9
db6d051b-639f-491c-8ec1-93a7fc0add17,СБУ,309,На розыске,2022-01-31,,Опер #64,Гр. Сидоренко 972,5
9630be09-2509-4419-a786-b15d8b4d49ad,НПУ,121,Ожидание экспертизы,2023-09-21,,Опер #130,Гр. Иванов 468,2
ae32bcf8-8425-483e-a225-c579778c1994,НПУ,185,Закрыто,2022-02-03,,Опер #55,Гр. Иванов 948,6
9a8a5b9d-0618-4033-bd62-2f98bb663721,НПУ,115,В работе,2025-05-16,,Опер #183,Гр. Мельник 608,5
1ca14672-3d5e-49f8-8a6e-eae02f53f4a5,СБУ,194,На розыске,2025-04-13,,Опер #134,Гр. Гончар 501,9
91cd4759-0a7d-4a3c-92f0-c3a1909465af,Прокуратура,263,В работе,2024-07-11,,Опер #67,Гр. Гончар 491,0
66e790e8-7ee5-456f-a706-7b6223304072,Прокуратура,187,В работе,2020-12-30,,Опер #71,Гр. Гончар 859,5
1e72ed31-f41b-445a-bf63-7a4dfd3129e8,Прокуратура,121,В работе,2023-12-04,2024-08-13,Опер #172,Гр. Сидоренко 517,0
7c4a188d-48b3-4b37-b3fe-73c13e49fb9c,СБУ,289,На розыске,2022-09-01,2023-07-03,Опер #100,Гр. Гончар 167,3
957b399d-bf4d-4398-982e-514771902f43,Прокуратура,263,Закрыто,2021-08-06,,Опер #15,Гр. Коваленко 790,8
222f5763-3f3c-40b6-b012-2050abd731e6,СБУ,263,Ожидание экспертизы,2020-06-30,,Опер #185,Гр. Сидоренко 175,0
4294cf88-7430-47be-a696-e216fe5957e2,СБУ,307,Ожидание экспертизы,2022-01-25,,Опер #91,Гр. Коваленко 677,3
4ecaa272-d8e4-4cd0-a825-1d03aaa76124,СБУ,187,Передано в суд,2021-01-19,,Опер #197,Гр. Гончар 324,9
d7e0fc74-242b-469e-93bc-f150a15a5c5f,СБУ,307,Ожидание экспертизы,2020-07-04,,Опер #167,Гр. Сидоренко 879,2
e1df3822-4ac9-4fe6-8113-eac328827809,Прокуратура,121,В работе,2025-11-23,,Опер #143,Гр. Иванов 299,13
d2211be6-0c8a-42b7-8263-a4c8306d91f1,НПУ,263,Закрыто,2023-03-31,,Опер #49,Гр. Петров 365,0
99d520a9-483c-4d0c-a04c-061d201c4c89,Прокуратура,185,Передано в суд,2025-05-14,2026-03-08,Опер #63,Гр. Сидоренко 366,13
e867e913-e1f8-4d67-a270-92d5166ed040,СБУ,185,Закрыто,2023-12-07,,Опер #118,Гр. Петров 495,8
35edfb7f-bc48-4de3-ba4e-4759ed8bbbf6,СБУ,115,В работе,2025-06-05,,Опер #9,Гр. Гончар 916,9
c8abedaf-a195-454a-9590-c2cfdaa7c62a,НПУ,185,Ожидание экспертизы,2024-08-04,,Опер #140,Гр. Сидоренко 753,1
6b375ee6-921c-4240-9894-de8a5cdb621a,НПУ,194,Закрыто,2023-07-02,,Опер #168,Гр. Мельник 531,5
e7d8828b-e8c1-4ae9-bd87-8b291e4caf58,СБУ,185,Ожидание экспертизы,2025-05-09,,Опер #163,Гр. Петров 123,12
cb040a43-e21c-4fe1-820e-8dabb6f6cf4e,НПУ,309,Ожидание экспертизы,2021-07-29,,Опер #125,Гр. Гончар 562,4
905598bd-a53b-45e6-ad41-a4c90e12c4ff,СБУ,289,В работе,2022-11-09,,Опер #6,Гр. Гончар 610,5
2ba0e8e9-1db7-4921-b077-d58ab4ea5d8e,НПУ,121,В работе,2020-07-01,,Опер #182,Гр. Мельник 507,12
f5684ea8-8f06-4563-af8b-7b8dae0cb069,СБУ,185,Ожидание экспертизы,2020-04-21,2020-09-04,Опер #28,Гр. Сидоренко 978,3
7d8c2ca9-2cdc-4dcd-a3b0-952bb99318cf,НПУ,296,Передано в суд,2024-03-17,,Опер #56,Гр. Гончар 116,14
9ed2a479-3daa-481e-9402-4a3fa2eb50c0,СБУ,194,На розыске,2022-09-19,2022-11-23,Опер #122,Гр. Сидоренко 850,12
2c297be3-263e-4412-b995-b22d20329483,НПУ,115,Закрыто,2022-06-13,,Опер #11,Гр. Сидоренко 206,13
5e13e357-da5c-4227-b31e-a7033823a048,СБУ,187,Закрыто,2025-10-10,2026-03-21,Опер #114,Гр. Мельник 193,14
6c365d15-6d1e-4c8e-9216-e17a053133ae,Прокуратура,187,Закрыто,2025-02-28,,Опер #192,Гр. Иванов 915,2
1081cd10-c4fc-46a2-b704-0368221cca40,СБУ,307,В работе,2024-09-21,,Опер #191,Гр. Мельник 794,11
f54932b3-4bd1-4cb1-abb0-59adf6d04134,НПУ,187,Закрыто,2024-06-20,2024-12-23,Опер #104,Гр. Иванов 388,15
be61138d-da2b-4ada-9fd0-151af3827dae,Прокуратура,185,Передано в суд,2021-02-16,2022-03-23,Опер #124,Гр. Иванов 190,9
7be64bf1-e357-4627-92ac-ef03498a81c9,НПУ,115,На розыске,2025-09-04,,Опер #177,Гр. Мельник 403,12
1c0a378a-16db-43ec-9d6e-4f8138e94502,СБУ,115,Ожидание экспертизы,2025-08-07,,Опер #168,Гр. Сидоренко 394,7
f519eaae-d00f-4fb7-a73a-dcdb7a433b6d,Прокуратура,185,На розыске,2020-08-21,,Опер #32,Гр. Мельник 327,3
a645c4e0-d7f3-498e-9d01-810e02763c4c,НПУ,121,Закрыто,2022-02-12,,Опер #32,Гр. Петров 456,11
70cd903f-3ecc-4b35-94d8-462ec745eeef,СБУ,289,Закрыто,2020-05-12,,Опер #108,Гр. Коваленко 171,14
b5349788-9c3f-4f96-8f07-e5e0a5ab63db,НПУ,309,В работе,2023-08-17,,Опер #68,Гр. Сидоренко 867,14
fcf5d8a6-4f6b-44ba-820c-c8ee3f004b3c,Прокуратура,121,Закрыто,2022-07-01,2022-11-12,Опер #41,Гр. Гончар 485,7
36da1898-5aff-4f0a-8259-56ef8759dab6,Прокуратура,296,В работе,2023-06-28,2024-07-16,Опер #185,Гр. Коваленко 604,15
c88c8f92-b4db-4da2-8ee7-0115fb52f880,НПУ,307,Ожидание экспертизы,2022-04-19,,Опер #101,Гр. Сидоренко 669,6
0699872a-658b-430c-b35b-0adf44b31107,СБУ,121,Передано в суд,2020-10-16,2020-12-21,Опер #16,Гр. Иванов 921,2
3640acf1-5d85-4ca1-b58c-a85a93f0f2f0,Прокуратура,187,Ожидание экспертизы,2022-11-20,2023-08-07,Опер #157,Гр. Сидоренко 535,13
58ce922b-dd7b-43d5-b63c-85b0f9d11f24,Прокуратура,309,Закрыто,2023-04-14,2024-05-01,Опер #23,Гр. Коваленко 245,6
efabdeae-7ce0-4b72-80c9-fd5d9cad061f,СБУ,185,Передано в суд,2021-12-24,2022-09-23,Опер #56,Гр. Коваленко 416,12
2c87a54d-5c06-4b4c-a432-ba731fdc251f,СБУ,307,Ожидание экспертизы,2021-01-07,,Опер #11,Гр. Петров 967,3
67b6193c-c348-4bd6-9939-969cb6960669,Прокуратура,194,Передано в суд,2024-09-04,2024-11-15,Опер #181,Гр. Коваленко 683,10
dff8d948-275d-4548-ae0c-026cda8a6f4c,СБУ,187,Передано в суд,2024-06-30,,Опер #126,Гр. Иванов 306,0
e9986d7f-6bf5-4a31-87e9-e049bb7de827,НПУ,289,Ожидание экспертизы,2023-12-23,2024-10-06,Опер #192,Гр. Иванов 707,3
3008ace3-ad02-4640-b72f-64c787b5329f,НПУ,115,Передано в суд,2020-02-28,,Опер #63,Гр. Сидоренко 354,2
d19bea99-0b81-4d49-9c8d-dd9bd3afd187,СБУ,307,Закрыто,2024-02-29,,Опер #77,Гр. Мельник 995,9
9a548b03-850e-43a4-b83d-da79b12f6c15,Прокуратура,185,В работе,2022-10-30,,Опер #83,Гр. Сидоренко 157,3
84523c71-6a13-4694-9fcb-7240633d4f75,НПУ,263,В работе,2024-02-26,,Опер #8,Гр. Гончар 985,0
34374c37-f0f8-4cf4-80fc-3d532daed1e0,НПУ,309,На розыске,2024-01-10,2024-05-08,Опер #68,Гр. Иванов 769,9
ebcd611e-56a2-47ea-8125-e01528a4df2b,Прокуратура,263,В работе,2025-10-27,,Опер #19,Гр. Иванов 997,0
7f1e414a-a05d-4804-a2f4-4633c33997cb,СБУ,194,На розыске,2020-09-02,2021-07-25,Опер #113,Гр. Иванов 860,13
94b77112-3af2-4dda-a323-19622ba7a18d,Прокуратура,115,Передано в суд,2023-01-13,2023-12-02,Опер #40,Гр. Сидоренко 854,13
41e66c4b-82d1-4e12-b3c2-5a8cb08f1c22,НПУ,194,В работе,2022-09-08,,Опер #27,Гр. Петров 998,9
b963ceeb-e111-4af2-8ea8-9b0c9a142951,СБУ,185,Закрыто,2024-04-29,,Опер #184,Гр. Гончар 777,15
446aa2db-374a-4265-89a7-acdf1d056081,Прокуратура,185,В работе,2020-11-10,,Опер #7,Гр. Коваленко 579,8
5bbab209-db77-4178-aea0-cdbd9f4f1422,СБУ,307,На розыске,2021-01-06,,Опер #182,Гр. Сидоренко 242,10
b6bb1c07-b1fd-4e1f-8333-2c16083458da,НПУ,194,На розыске,2020-02-02,2020-08-22,Опер #4,Гр. Иванов 814,9
93806071-bdcd-4ac5-bbbb-6b17fe489bf8,СБУ,185,Ожидание экспертизы,2021-09-10,,Опер #54,Гр. Гончар 341,0
843e38fa-261e-480d-8d39-fb3492ea1136,НПУ,115,Ожидание экспертизы,2020-06-12,2021-05-14,Опер #147,Гр. Сидоренко 756,11
df56d119-3f18-42ca-a85d-4649bcea851c,СБУ,307,Закрыто,2021-10-27,2022-07-29,Опер #19,Гр. Петров 787,15
412f5919-e737-4f20-b40f-55559b854e06,СБУ,263,Передано в суд,2025-11-01,,Опер #21,Гр. Гончар 272,4
41e8d269-ba96-4d50-97df-490ebf5ce3b1,Прокуратура,289,На розыске,2023-04-09,2023-12-21,Опер #83,Гр. Петров 512,11
00f7edbd-0279-459e-af53-8c95abcb3ee7,СБУ,263,На розыске,2024-04-24,2024-11-02,Опер #199,Гр. Коваленко 625,1
edfb9d06-ff4c-43d5-b356-8a3daf6c570d,НПУ,289,Передано в суд,2020-07-19,,Опер #130,Гр. Иванов 784,0
cba84b30-9c18-466c-9fe0-80dd40d18d73,СБУ,185,Ожидание экспертизы,2020-08-03,2021-06-10,Опер #147,Гр. Гончар 219,12
86c3cee3-661d-4984-ac28-68f31350c193,НПУ,187,Ожидание экспертизы,2020-05-22,,Опер #199,Гр. Иванов 385,8
deb8168a-fcc6-4297-9897-d772023c929f,НПУ,121,Ожидание экспертизы,2020-08-01,,Опер #28,Гр. Иванов 692,4
01023ea9-9b82-48e5-94fa-2d8e09514b0e,СБУ,185,На розыске,2023-02-22,,Опер #188,Гр. Коваленко 139,6
a4231240-304e-439f-935d-e108248a6181,НПУ,289,На розыске,2022-12-04,,Опер #161,Гр. Мельник 731,8
722f4715-a076-43a8-80b1-fc62b9aa6f50,НПУ,121,В работе,2024-08-08,,Опер #40,Гр. Петров 453,5
ca2a08a9-2ce5-46fe-9eeb-45ad2e768e3e,СБУ,194,На розыске,2021-12-11,,Опер #77,Гр. Коваленко 130,7
0b047fbb-49d4-4fbe-a4c8-1cf8ee6eb008,СБУ,307,Ожидание экспертизы,2021-10-22,,Опер #159,Гр. Мельник 704,5
3e5a304f-ee58-43a8-ba5c-639139a5d346,СБУ,121,На розыске,2023-02-26,,Опер #32,Гр. Петров 370,9
10f78637-b120-4d5c-abfc-7f5cb650412d,НПУ,185,На розыске,2025-04-16,,Опер #179,Гр. Гончар 749,2
d4bca332-0af8-41b8-816a-8bec9e6ba7ea,СБУ,307,Закрыто,2023-03-21,2024-01-24,Опер #5,Гр. Гончар 183,12
a7af7990-8676-44ee-b2c3-1a1d86dd3768,СБУ,185,В работе,2020-10-30,2020-12-12,Опер #70,Гр. Петров 545,8
ad278d0d-e999-4c1a-9c75-d1c6652cf791,СБУ,187,Ожидание экспертизы,2022-07-11,,Опер #1,Гр. Мельник 261,12
892d224e-799d-4848-8b8c-2130d8e65e06,НПУ,194,На розыске,2022-07-27,2023-02-07,Опер #120,Гр. Сидоренко 742,10
92d44a02-2a02-46a5-b214-9627fd80e4e2,Прокуратура,289,Закрыто,2023-11-10,2024-08-08,Опер #108,Гр. Мельник 392,9
ec6e21b2-774c-4a67-ba7a-d5dfc72c0c3f,Прокуратура,309,Передано в суд,2024-01-16,,Опер #140,Гр. Коваленко 903,1
86992e42-b01c-4853-bcd5-d7fe5014e345,Прокуратура,263,Передано в суд,2025-02-06,,Опер #22,Гр. Петров 560,3
401f6bae-5cce-453c-a4f0-efdacd9a9960,Прокуратура,289,На розыске,2021-10-14,,Опер #146,Гр. Петров 967,0
046751cd-246a-494b-b38e-c61b6af4be95,СБУ,307,Ожидание экспертизы,2025-03-04,2025-09-02,Опер #117,Гр. Мельник 272,1
e309a586-5ff5-42b9-b6f3-adac118fb3fd,СБУ,307,Передано в суд,2025-11-22,2025-11-28,Опер #28,Гр. Мельник 913,11
fe6570e8-5253-4d03-a5fe-5f8de20d3127,Прокуратура,115,Закрыто,2022-08-02,,Опер #61,Гр. Иванов 595,10
c253ba7c-4f2a-4f08-bf62-8c81551651c6,Прокуратура,185,Ожидание экспертизы,2025-05-04,,Опер #1,Гр. Коваленко 667,10
86ce5543-bbbe-41ca-ae0d-7f41fc5e0719,НПУ,115,В работе,2025-05-10,2025-10-27,Опер #189,Гр. Коваленко 510,11
8db0f1f1-493c-44c4-871d-1d8b588c4ede,НПУ,121,На розыске,2024-06-19,2025-01-08,Опер #198,Гр. Гончар 131,10
3d37aa29-554a-47ed-be80-f13bffa0952c,НПУ,309,Передано в суд,2025-06-07,2025-09-08,Опер #146,Гр. Гончар 597,14
0fa5275e-e4aa-424a-b171-e344790b5365,СБУ,187,В работе,2025-07-15,,Опер #19,Гр. Коваленко 812,15
2a542396-a44c-4532-bf69-8c6528a7b270,СБУ,307,На розыске,2022-11-13,,Опер #43,Гр. Мельник 727,9
3fbe2e2a-7fce-46ba-8ced-c79633ffde68,Прокуратура,121,В работе,2020-10-08,,Опер #82,Гр. Мельник 380,0
fcbbc4c4-eaab-476a-9d7f-4079ae2efb59,Прокуратура,185,Закрыто,2022-07-17,,Опер #193,Гр. Петров 779,15
dcb7d2a9-6d2f-4a14-9bea-90bf98323378,НПУ,115,Передано в суд,2024-04-21,,Опер #170,Гр. Иванов 648,14
8687c3fb-b91b-4d7c-a19a-8ed2725358e4,СБУ,309,Передано в суд,2020-02-23,,Опер #153,Гр. Мельник 553,15
09acfac9-6e7e-4dcb-ad7a-4d768fe76f3e,НПУ,121,В работе,2023-12-24,,Опер #161,Гр. Иванов 274,9
5d157e4a-d437-4c9f-afb3-a331c71805ee,СБУ,194,На розыске,2021-07-16,,Опер #176,Гр. Мельник 135,7
6fe2070c-5d29-4038-b709-58354bbdbafb,НПУ,121,Ожидание экспертизы,2020-11-05,,Опер #173,Гр. Мельник 534,11
f7ffb6f1-d3d1-4ac2-9225-2d0da5d13749,СБУ,187,На розыске,2022-05-08,2022-07-04,Опер #195,Гр. Мельник 211,7
cbaa4c23-39e6-40d2-9e09-78db61dba024,Прокуратура,194,В работе,2024-09-19,,Опер #116,Гр. Гончар 560,11
8e4d1396-02d1-4ae7-b581-979c7203e7ae,НПУ,309,На розыске,2024-05-23,,Опер #46,Гр. Мельник 126,2
5b3e866e-9463-47d1-8be1-92d4aad21abb,НПУ,289,Передано в суд,2022-01-25,,Опер #45,Гр. Иванов 841,1
3a1c679a-80e0-4ace-acb7-0d357fee561e,СБУ,309,Ожидание экспертизы,2022-07-17,,Опер #76,Гр. Иванов 529,6
57e38c30-cd16-4540-a950-b446cd6e7178,НПУ,263,Закрыто,2020-04-22,,Опер #19,Гр. Иванов 661,9
8a371c90-7ace-42fa-8e61-e0cbfc32b53b,НПУ,309,В работе,2023-07-10,2024-02-02,Опер #41,Гр. Сидоренко 607,10
92f05fd8-4faa-4903-b7b0-11373436f1f6,СБУ,309,В работе,2020-06-16,,Опер #195,Гр. Петров 609,9
6c589056-d1fa-42a0-b435-460aba0694ff,НПУ,263,Закрыто,2021-01-13,,Опер #75,Гр. Петров 596,10
a7efaa24-9591-4f6c-ba1f-97c42db6fd9f,СБУ,307,Передано в суд,2023-03-05,2024-03-08,Опер #77,Гр. Гончар 687,3
c57abaef-08ee-477d-ba5d-3b4b64057925,Прокуратура,115,На розыске,2021-01-07,2021-11-29,Опер #162,Гр. Сидоренко 808,4
1987c9b0-4653-4365-b7fd-deb6d67efdab,Прокуратура,194,Закрыто,2025-08-21,2025-12-09,Опер #161,Гр. Коваленко 916,13
0b32401c-8594-49ed-94d5-9f2c00aca4d1,СБУ,309,Ожидание экспертизы,2020-03-31,2020-08-06,Опер #128,Гр. Мельник 254,9
05025846-7b41-4dbc-a52e-9aa1b94c8b58,НПУ,263,Передано в суд,2024-09-18,,Опер #163,Гр. Иванов 491,0
01398c64-9fb5-4013-9061-70339a352db7,СБУ,121,Ожидание экспертизы,2021-12-15,2023-01-06,Опер #33,Гр. Коваленко 429,15
d3a0c163-9e9d-4662-aa04-f2031a7c8a60,Прокуратура,121,На розыске,2023-09-17,2023-11-01,Опер #197,Гр. Коваленко 303,12
18539ac4-b36f-4de6-ae38-8930487227cf,СБУ,185,В работе,2020-10-21,,Опер #193,Гр. Коваленко 615,12
2acec72e-2302-4f55-83ab-7990d78cd64f,СБУ,289,Закрыто,2025-10-07,,Опер #148,Гр. Иванов 254,15
4a6f99f2-381e-405d-9569-06e0c53bbc92,НПУ,289,На розыске,2025-03-12,,Опер #120,Гр. Коваленко 323,5
c3f99cf8-9862-4199-8f76-61840c3d19e7,Прокуратура,307,В работе,2020-04-29,2020-06-22,Опер #67,Гр. Коваленко 159,14
cde05ca5-79af-4842-b885-4c6d10265f6e,НПУ,121,Передано в суд,2025-10-19,2026-02-05,Опер #101,Гр. Иванов 750,3
de8f265d-3582-4cfc-978e-138f55547525,НПУ,309,Закрыто,2025-06-16,,Опер #68,Гр. Петров 793,6
3371bda4-22c8-4b03-859b-b34f4410878d,СБУ,194,Закрыто,2024-01-07,,Опер #14,Гр. Гончар 805,9
7b241eb8-fc57-4a94-a258-bada93bee890,СБУ,296,В работе,2024-10-26,2025-09-04,Опер #91,Гр. Петров 536,1
b5ce3d25-5f8c-4c26-9bce-3e7a5a6812ed,СБУ,296,В работе,2023-06-03,,Опер #9,Гр. Коваленко 759,6
5834befa-8de7-490e-bcc3-f2b23ac747bf,СБУ,309,На розыске,2022-10-07,,Опер #68,Гр. Мельник 102,15
46a27e8f-6605-45d2-a520-34b64911818a,Прокуратура,121,В работе,2020-03-15,2021-02-15,Опер #40,Гр. Коваленко 438,12
27d944f2-343e-43a5-a4ba-3d8a9fa3d707,СБУ,263,Передано в суд,2024-08-06,2024-12-07,Опер #51,Гр. Мельник 506,7
154f229e-fbd2-4b66-be16-271119797b58,СБУ,187,Закрыто,2025-11-13,,Опер #126,Гр. Петров 681,9
d574304d-7a41-4238-ac97-3ceac487ad08,НПУ,263,На розыске,2024-05-14,2025-06-16,Опер #157,Гр. Сидоренко 925,8
07a35e0d-b051-4a21-a74e-1bcecc9f3849,Прокуратура,307,В работе,2025-03-28,2026-01-19,Опер #176,Гр. Сидоренко 715,11
a4707e9c-5931-42e9-98e9-5f8c57140c6d,СБУ,194,Закрыто,2025-04-08,,Опер #186,Гр. Петров 609,4
3215566f-443b-4fd7-936d-2f6440944623,Прокуратура,289,Закрыто,2024-06-11,2025-06-20,Опер #102,Гр. Гончар 430,12
f985c15e-b75a-4cd3-b9cc-6860e3b1b0e2,СБУ,185,Ожидание экспертизы,2021-07-05,,Опер #137,Гр. Гончар 123,8
721fa351-4790-4a14-a4ed-c38eded34519,НПУ,185,Передано в суд,2020-04-28,2020-05-30,Опер #39,Гр. Коваленко 919,4
6701018f-df6e-46e5-af2f-ce3fd8993c03,Прокуратура,185,Передано в суд,2025-07-03,,Опер #126,Гр. Коваленко 160,4
f74656c3-f191-446a-91cf-e15606563e8c,СБУ,263,Закрыто,2022-08-28,2023-03-21,Опер #116,Гр. Гончар 746,10
555a85e1-7870-4682-aea8-7db218c0ac65,СБУ,309,В работе,2020-02-13,,Опер #72,Гр. Коваленко 547,0
2de4e5dc-0345-484d-ae51-486b1e36f777,СБУ,121,В работе,2021-11-27,2022-02-23,Опер #62,Гр. Петров 191,3
69c0379e-d340-441b-b591-f473695ae0c5,Прокуратура,309,В работе,2020-06-21,,Опер #168,Гр. Петров 309,10
ea5e759b-b07d-490b-867d-3751da54fb1c,СБУ,309,В работе,2023-09-28,,Опер #195,Гр. Гончар 909,8
cb4331ec-c723-43ae-a905-a77a738ef8ee,СБУ,307,Передано в суд,2023-12-05,,Опер #128,Гр. Коваленко 482,4
47e53a19-f084-4776-9a26-636c49224493,Прокуратура,289,Закрыто,2022-03-12,,Опер #92,Гр. Иванов 415,11
37559be0-1491-4e14-97cd-00d6bdfecc42,СБУ,187,Закрыто,2025-08-13,,Опер #7,Гр. Петров 369,13
b4e2bc07-0e84-4bc0-93ce-f4a711203c2f,НПУ,289,Закрыто,2021-04-21,,Опер #72,Гр. Сидоренко 705,1
c6ed3766-4c39-42e1-baa9-757adc0b734a,Прокуратура,307,Закрыто,2020-06-21,,Опер #21,Гр. Петров 358,13
90f7ae6d-0411-40a6-85aa-3b063673a951,СБУ,115,В работе,2021-03-03,,Опер #84,Гр. Петров 126,0
2f26da07-7136-40c6-9669-b36d0a003519,НПУ,289,На розыске,2024-07-20,2024-08-04,Опер #66,Гр. Коваленко 157,7
ee1e5e00-5d72-426c-9178-2351cce0f133,НПУ,187,Закрыто,2021-12-26,,Опер #55,Гр. Иванов 838,4
382d86af-f218-40cd-825b-4e5a085880c8,НПУ,289,Ожидание экспертизы,2023-05-04,,Опер #11,Гр. Иванов 764,12
e2451836-0200-4de2-9a6b-a7a1f49362c5,НПУ,194,Передано в суд,2021-06-27,2021-10-27,Опер #24,Гр. Иванов 974,3
5bac503a-b766-44ad-85d8-236d4ffc55e0,Прокуратура,194,В работе,2024-05-03,,Опер #196,Гр. Сидоренко 517,8
4d633ab2-7fce-48fc-8755-29e129441aa1,СБУ,194,Ожидание экспертизы,2021-12-15,,Опер #187,Гр. Мельник 456,10
a758fb36-179d-4e25-849c-13016c39df2f,СБУ,115,На розыске,2021-01-08,2021-12-29,Опер #194,Гр. Петров 827,14
0e030b00-0161-4c40-9a03-038cde9b3f14,Прокуратура,263,Передано в суд,2023-10-29,,Опер #32,Гр. Коваленко 604,8
c44da26e-f371-4fa7-9e32-c74494d62d48,СБУ,121,Ожидание экспертизы,2024-05-01,2024-07-07,Опер #94,Гр. Гончар 403,4
fd0522f4-62e5-4342-82fe-ce7223fd843f,СБУ,185,Ожидание экспертизы,2024-08-13,2025-02-20,Опер #55,Гр. Сидоренко 877,1
101182c3-13f4-4860-bbab-f3ed352505f0,СБУ,115,Передано в суд,2022-09-11,,Опер #51,Гр. Петров 917,15
4328a3ce-b5b4-4b54-80bc-34aa3eaf6f76,НПУ,194,Ожидание экспертизы,2021-02-15,,Опер #72,Гр. Сидоренко 406,8
570e209d-8807-4af1-88c9-ad2627e15725,НПУ,194,Закрыто,2024-08-03,,Опер #151,Гр. Иванов 140,6
7ff5f524-0a06-4299-b653-179d76f38818,СБУ,289,Передано в суд,2021-02-28,2021-09-09,Опер #8,Гр. Петров 883,2
d8f47508-cd03-4c49-b3d3-efdcd8834003,Прокуратура,185,Передано в суд,2023-01-10,,Опер #28,Гр. Мельник 525,0
ec959b78-8734-4562-952f-eaa323504e27,СБУ,289,На розыске,2022-10-16,2023-03-17,Опер #81,Гр. Сидоренко 180,7
6303b933-ffa2-4de2-931a-7fe62ef90a4c,СБУ,121,Ожидание экспертизы,2021-06-17,,Опер #67,Гр. Мельник 572,1
28a900dd-53ad-4eec-9626-1310ce5c5353,СБУ,115,В работе,2022-10-03,2023-04-13,Опер #181,Гр. Мельник 452,11
20b66c21-e41e-4daa-aed4-bf83eedc52df,СБУ,309,Передано в суд,2021-08-31,2021-09-08,Опер #64,Гр. Коваленко 885,7
efb5ae6b-363c-49ff-9f46-d4fe8dc305b0,НПУ,185,Передано в суд,2020-04-23,,Опер #42,Гр. Петров 714,2
b41941ae-45e0-4ee9-b7fc-397b6233089d,НПУ,121,Закрыто,2021-11-26,2022-01-08,Опер #200,Гр. Мельник 351,12
3018eab8-0be6-47f8-99f6-a2c8362d9f55,Прокуратура,309,В работе,2025-10-03,2026-07-30,Опер #197,Гр. Иванов 955,1
eb122c2e-d80d-4b24-bea6-0a22b246deec,СБУ,309,На розыске,2021-03-04,2022-01-28,Опер #1,Гр. Иванов 422,9
04bdd5b5-4450-4c1b-b380-1f5893bdf07a,НПУ,309,В работе,2024-08-13,,Опер #29,Гр. Иванов 774,12
37ea3527-5c3b-4020-a281-c035eec292ba,СБУ,187,На розыске,2025-04-23,,Опер #139,Гр. Петров 386,12
615c9294-f247-4d62-9509-499addcc7fe3,СБУ,121,Закрыто,2020-05-22,2020-09-07,Опер #22,Гр. Коваленко 417,9
5bd3d102-3ea7-47f8-90d0-e7065501127b,СБУ,194,Закрыто,2022-12-15,,Опер #132,Гр. Коваленко 196,3
92f2e801-a3d1-4054-a4ca-80e006f56c7c,Прокуратура,115,На розыске,2021-03-24,2021-05-28,Опер #89,Гр. Иванов 279,2
9e63a74e-8601-4693-9806-6cc35180fa70,НПУ,185,Передано в суд,2024-04-11,,Опер #160,Гр. Сидоренко 232,8
52173af1-f690-42e5-a8ed-848622112d69,НПУ,121,Ожидание экспертизы,2022-06-16,,Опер #192,Гр. Иванов 932,9
63eeb6c2-5dc5-4f8c-96fc-37862b6a2d89,Прокуратура,263,На розыске,2024-08-26,2024-08-31,Опер #166,Гр. Петров 475,15
7a474ba9-36be-4447-a3a9-8d372bc7142f,Прокуратура,289,Ожидание экспертизы,2024-10-02,2025-07-05,Опер #35,Гр. Гончар 465,3
46f58cf6-617e-4511-8d82-438ae789944e,НПУ,289,Передано в суд,2020-03-24,,Опер #82,Гр. Петров 804,13
6f7efc61-7a1a-4d02-8de7-64acbf2a065d,НПУ,185,В работе,2024-07-15,2025-03-29,Опер #106,Гр. Иванов 386,12
00f3e263-2062-4745-abb4-c4aefc1eb03d,Прокуратура,289,В работе,2023-09-22,2023-11-03,Опер #64,Гр. Сидоренко 709,8
c0f03407-d1f9-4a22-9942-36b9b56bab0a,Прокуратура,121,Закрыто,2022-05-07,,Опер #184,Гр. Иванов 350,13
2fdea4c9-15fc-49a3-af1f-36c191e99077,СБУ,121,Ожидание экспертизы,2023-01-11,,Опер #71,Гр. Гончар 665,9
15318c07-073b-46c8-bb5e-9f0a951cbcfa,НПУ,289,В работе,2025-09-01,2026-08-15,Опер #49,Гр. Петров 225,8
7a8e7ca4-b4f5-43b5-bd28-8c2796cf6169,Прокуратура,289,Закрыто,2025-07-01,2025-08-10,Опер #131,Гр. Сидоренко 511,13
930c20eb-b7d9-48b4-8bb1-bd4052a125f8,СБУ,115,Передано в суд,2023-03-23,,Опер #14,Гр. Мельник 443,15
657484db-2b4d-4051-a899-34ad7f2f8a3d,Прокуратура,263,Закрыто,2022-08-11,2023-01-23,Опер #153,Гр. Гончар 681,13
8e8123c1-47cd-465f-80f6-850ddc3b766b,НПУ,115,Закрыто,2021-07-14,2022-05-24,Опер #168,Гр. Коваленко 293,12
9beb26f4-503f-4f5e-a467-e599181a73ba,НПУ,289,Закрыто,2024-10-07,2025-04-07,Опер #61,Гр. Сидоренко 198,0
64554ce5-bc58-4662-9cf1-1be244a43c17,НПУ,307,В работе,2020-11-17,,Опер #129,Гр. Иванов 493,1
7f4a979f-fe54-4fa0-b892-a970a294d2fc,СБУ,121,В работе,2021-01-31,,Опер #85,Гр. Мельник 495,15
b980da0b-1730-45fd-bf67-9cd57dc890c3,Прокуратура,309,На розыске,2023-08-01,,Опер #164,Гр. Сидоренко 673,3
6c0016bd-6c4c-42eb-8890-bbabfa48357a,НПУ,121,На розыске,2022-12-30,,Опер #68,Гр. Сидоренко 589,4
a9a6682a-9a64-4764-8ee6-87355fbfc804,НПУ,194,Закрыто,2024-01-22,2024-07-08,Опер #72,Гр. Сидоренко 879,15
0ecdcb0d-bad5-4f7f-ba91-e503f0ea7cee,Прокуратура,185,На розыске,2025-01-24,2025-04-27,Опер #143,Гр. Петров 615,12
e0b819ae-daa3-4380-8bb9-1747b1f8068d,СБУ,309,Передано в суд,2022-12-18,,Опер #190,Гр. Сидоренко 485,6
df830751-7a48-4d85-a02a-185bec467a8f,СБУ,307,Ожидание экспертизы,2024-04-21,2024-06-28,Опер #58,Гр. Мельник 392,0
e13443b8-619b-48b7-9382-309652d06955,НПУ,121,Закрыто,2022-12-06,2023-03-16,Опер #64,Гр. Сидоренко 217,2
81052b7d-3840-4914-9e4e-aac376e4e21f,Прокуратура,309,Закрыто,2025-03-14,2026-02-03,Опер #13,Гр. Иванов 726,12
56fe6366-0bed-49ab-9833-27f67ae55115,Прокуратура,309,Передано в суд,2022-05-02,,Опер #198,Гр. Сидоренко 547,2
10c7c63a-2c94-4c1b-9191-794ac8019f94,НПУ,296,Ожидание экспертизы,2020-08-11,,Опер #170,Гр. Петров 641,10
99190c29-11fd-401d-be50-4dd2cd97f4cd,НПУ,289,В работе,2023-06-15,,Опер #79,Гр. Мельник 512,3
97af9109-55bd-41c3-9bf3-7e27420534c9,СБУ,194,Ожидание экспертизы,2021-04-05,,Опер #64,Гр. Мельник 481,8
11fd8a78-9985-4841-a085-53d25749bc40,НПУ,263,Ожидание экспертизы,2021-05-28,,Опер #82,Гр. Петров 603,7
6e23cfb7-1521-40b0-8d21-11e8a47c3f24,СБУ,121,В работе,2022-06-27,,Опер #81,Гр. Гончар 746,15
86b4de18-799a-464c-adc3-f4a0eb965816,Прокуратура,263,В работе,2023-03-12,2023-04-17,Опер #196,Гр. Мельник 827,15
844dd813-5940-4f80-bb6e-7b631c35712f,НПУ,296,Ожидание экспертизы,2021-10-03,,Опер #200,Гр. Сидоренко 744,14
4288a90b-01a2-47f6-a909-f33db0e1c7b4,Прокуратура,289,Закрыто,2023-03-19,,Опер #114,Гр. Иванов 298,4
5fcf9057-fce6-48cc-a8ca-b42d74b3a8a6,СБУ,263,Передано в суд,2025-10-31,2026-10-31,Опер #57,Гр. Гончар 617,4
c9f4c98c-de9a-40d2-b9c8-f3b05d1ac333,НПУ,194,В работе,2023-03-07,2023-08-14,Опер #177,Гр. Иванов 193,0
b5203476-6b10-4b6f-bab8-62ffebdf5c7b,СБУ,115,Ожидание экспертизы,2022-01-18,,Опер #26,Гр. Сидоренко 134,15
cfb56088-e2dc-41a3-9150-47ba46378220,СБУ,289,В работе,2024-09-04,2025-02-07,Опер #127,Гр. Иванов 361,5
3e1dd1a7-31a9-4ad5-a918-d51f5d7add1f,СБУ,194,Закрыто,2022-02-02,,Опер #143,Гр. Мельник 642,6
95883fe0-5546-4f92-9b29-d613b8602374,НПУ,185,В работе,2024-03-15,2024-07-12,Опер #68,Гр. Иванов 244,14
83e309fb-9025-4c68-ba44-09b27248f3dc,СБУ,289,В работе,2023-05-06,,Опер #163,Гр. Мельник 862,11
8a54f03b-8637-49ba-a951-209dc112352f,Прокуратура,307,На розыске,2023-04-06,2024-04-02,Опер #135,Гр. Иванов 431,2
a6c267d8-c4f2-4408-ad75-6baf539a3881,Прокуратура,121,Закрыто,2020-06-11,,Опер #166,Гр. Гончар 387,2
e161352e-6f3c-49a7-9082-423cdbe18979,Прокуратура,307,Ожидание экспертизы,2025-10-30,,Опер #165,Гр. Сидоренко 548,15
ae972628-a69f-4d5c-b29d-04ee00e9b12d,НПУ,289,Ожидание экспертизы,2023-10-13,2024-10-06,Опер #132,Гр. Гончар 268,0
61abe359-5bd6-48ae-8865-0e55965d3e3c,НПУ,289,На розыске,2023-12-21,,Опер #38,Гр. Гончар 231,3
f27ec818-5428-4de2-8c14-b4b96c513fda,НПУ,296,Передано в суд,2022-04-22,,Опер #65,Гр. Мельник 745,13
0c8049ff-38aa-4515-b967-983622828ac6,СБУ,289,На розыске,2022-06-27,,Опер #83,Гр. Петров 874,1
6ce90a1e-bc49-49bc-875b-2fc53ffefba6,СБУ,309,На розыске,2022-02-27,2022-04-17,Опер #12,Гр. Иванов 749,2
8998fecb-c052-4d6e-b448-e81946af234f,СБУ,289,Передано в суд,2021-06-28,,Опер #121,Гр. Сидоренко 805,10
1cb037ee-6626-4743-a1f3-a3707f79f2fb,Прокуратура,289,Закрыто,2023-06-15,2023-10-28,Опер #189,Гр. Гончар 162,0
a57b7a12-7d45-450a-9ddb-aa50fb63ea8e,НПУ,185,Закрыто,2020-09-16,2020-10-22,Опер #13,Гр. Мельник 849,5
d80cba4b-e2cb-40a5-add1-e81b078c9eff,СБУ,263,На розыске,2022-06-13,,Опер #126,Гр. Иванов 796,7
d7d84aa5-4c43-4071-ae25-06fe5614196d,Прокуратура,194,Закрыто,2024-10-05,,Опер #172,Гр. Иванов 268,8
29f415ea-0225-4307-8a5a-d9f7bce33171,НПУ,115,Передано в суд,2020-05-15,,Опер #39,Гр. Сидоренко 702,3
b8a656f0-371a-454b-a944-dd83924e06e8,СБУ,187,На розыске,2024-04-14,2025-04-06,Опер #135,Гр. Петров 824,10
f16b973e-0ce5-4f98-84bb-594f35363529,НПУ,307,На розыске,2022-07-26,2022-08-14,Опер #63,Гр. Сидоренко 718,3
f9adab4e-8943-4adb-aee2-ffe54ad06b8f,Прокуратура,307,Закрыто,2020-02-02,2020-11-06,Опер #172,Гр. Коваленко 859,4
dfb1c0ab-10a7-4774-bcac-87e071c128c7,СБУ,115,В работе,2021-02-28,2021-12-29,Опер #78,Гр. Мельник 906,9
55670070-c1e9-4569-b9bd-dae8d829e29f,Прокуратура,296,Закрыто,2022-10-06,2022-11-18,Опер #187,Гр. Гончар 507,1
fc75ea1e-ff0a-4ed4-b81e-ddfd5bd9a5fc,НПУ,121,На розыске,2020-07-22,2020-11-07,Опер #170,Гр. Иванов 134,15
e6ad7a6b-3d81-4f66-80ed-b84baa6e7b87,СБУ,121,В работе,2022-07-22,,Опер #28,Гр. Коваленко 305,8
b6fa67f4-43a1-4426-8ed1-0947bff07506,Прокуратура,115,В работе,2021-01-02,,Опер #92,Гр. Петров 351,10
abf1e5ec-0dad-41df-817d-556b705bbc75,Прокуратура,194,Закрыто,2021-09-23,2021-10-11,Опер #20,Гр. Сидоренко 241,4
52892c53-6e12-4a3b-a64d-a256c0264484,Прокуратура,263,Ожидание экспертизы,2020-07-30,,Опер #89,Гр. Петров 161,1
58782ee7-7539-40b6-bf00-d1c5c01ce7c4,НПУ,121,В работе,2020-03-08,2021-03-08,Опер #65,Гр. Сидоренко 716,4
832c9be2-e688-4f18-9a97-091924d0f08d,НПУ,307,На розыске,2025-06-21,,Опер #99,Гр. Петров 716,8
02de11ee-5135-448d-bf45-22943e8b76ab,Прокуратура,185,Закрыто,2022-02-07,2022-09-01,Опер #193,Гр. Иванов 534,3
51f92a9b-438b-421d-91d3-2d0035bf6b62,НПУ,187,В работе,2023-10-01,,Опер #197,Гр. Петров 854,13
a4cb835d-0b5d-438a-91e1-d451485f8561,НПУ,307,В работе,2024-06-30,,Опер #110,Гр. Коваленко 644,2
b4032b41-7c7c-4fc3-8b1b-b380a70322bb,НПУ,309,Передано в суд,2025-07-15,2025-10-07,Опер #82,Гр. Коваленко 737,10
bfef26ab-0e21-453f-b695-d53f8ad46078,СБУ,296,Закрыто,2024-01-15,,Опер #67,Гр. Гончар 182,13
76764a6f-9750-4b10-bbfe-42dd8d8db44b,Прокуратура,289,Передано в суд,2022-02-02,2022-08-14,Опер #98,Гр. Коваленко 793,11
c5438571-cfb2-4c27-9667-f0826c4bf640,НПУ,263,Ожидание экспертизы,2025-07-16,2025-10-17,Опер #141,Гр. Гончар 912,8
19fb7295-4b34-43ee-8d43-1189c5c800ba,СБУ,121,В работе,2025-05-09,,Опер #19,Гр. Петров 908,0
5c18d6ff-245f-435b-961f-958898905fdf,НПУ,296,На розыске,2025-05-15,2025-12-30,Опер #93,Гр. Мельник 511,13
0e2ecb2f-d9af-48ff-810d-20be93bdf35a,НПУ,115,Передано в суд,2021-11-03,2022-01-17,Опер #47,Гр. Сидоренко 823,3
57d8b71c-baab-4b4a-8ab7-e767b3638ec3,Прокуратура,289,Закрыто,2025-08-05,2026-02-24,Опер #187,Гр. Гончар 345,2
7944493e-d204-42c9-a619-9d98565cdaa7,Прокуратура,296,В работе,2023-12-29,,Опер #143,Гр. Иванов 754,3
c27f64c7-f936-45e9-a5d7-a12fd11c6c97,Прокуратура,296,В работе,2022-04-23,,Опер #12,Гр. Мельник 446,4
c14a732e-07bc-4373-a2de-7c134ef70dec,СБУ,289,На розыске,2024-04-09,2024-09-16,Опер #100,Гр. Петров 470,3
cf29502f-be30-437a-9819-0f4c6e8a5742,Прокуратура,309,Передано в суд,2024-06-16,,Опер #7,Гр. Сидоренко 844,2
bd442266-c016-4be2-b080-f932a726a165,Прокуратура,121,На розыске,2021-08-06,2021-12-01,Опер #57,Гр. Коваленко 589,3
d2bf758a-9507-4eac-bb7e-397aa54bdc17,НПУ,121,Ожидание экспертизы,2023-01-01,,Опер #79,Гр. Коваленко 511,6
22f6367f-88ee-4479-8fda-97cbfd784c81,НПУ,121,На розыске,2025-04-06,2026-04-09,Опер #194,Гр. Гончар 248,0
f7fbf70c-8f6c-476e-b4f6-5d8bc916b153,НПУ,185,Ожидание экспертизы,2023-06-20,2023-09-20,Опер #42,Гр. Гончар 160,9
54231fd8-80c1-44d1-80ba-cf5cc8cd5ec8,СБУ,296,На розыске,2022-03-10,,Опер #188,Гр. Коваленко 604,12
cef6849b-8e8e-4867-b7ca-c7f73f1030dd,СБУ,194,Передано в суд,2022-03-20,,Опер #115,Гр. Гончар 674,15
d7204f65-de4c-4584-855f-87180d743a40,Прокуратура,307,Ожидание экспертизы,2025-04-06,,Опер #100,Гр. Петров 749,9
04ff2802-694f-400d-869e-c33860cbc39f,Прокуратура,289,Закрыто,2023-05-20,,Опер #80,Гр. Иванов 384,4
e101ede4-af71-439b-a123-c254c76f741f,СБУ,307,Ожидание экспертизы,2020-09-20,,Опер #90,Гр. Мельник 692,6
23501353-e59c-4e35-9ca6-065682f11147,Прокуратура,296,На розыске,2024-04-25,2024-06-02,Опер #163,Гр. Мельник 426,11
56c738da-5813-4896-ac6e-2d8c8046c34a,СБУ,289,Закрыто,2020-10-22,,Опер #95,Гр. Сидоренко 918,0
c878f044-4df0-473b-9a38-2cc39b159891,СБУ,115,В работе,2021-10-02,,Опер #128,Гр. Иванов 688,11
b132fc59-11bd-487b-862b-517d18f68d66,СБУ,263,На розыске,2024-04-29,2024-05-06,Опер #148,Гр. Гончар 837,6
e217dc7f-4751-4d68-9839-0ef8d9718c59,СБУ,309,Ожидание экспертизы,2024-11-05,2024-11-07,Опер #173,Гр. Иванов 802,9
8e4165e1-780b-4832-89c4-3ba79682699d,НПУ,309,Передано в суд,2020-06-18,2020-07-31,Опер #76,Гр. Мельник 755,12
441a35d3-5373-42c2-850c-f937bfe3fecd,НПУ,185,Закрыто,2022-03-26,2022-05-14,Опер #75,Гр. Коваленко 681,14
f4104dbe-f9fc-4f2d-87a9-110a2e88eb84,НПУ,289,Закрыто,2024-10-23,2025-01-02,Опер #17,Гр. Иванов 568,8
ad8e11bd-b08d-4b53-a2d5-8ce0348da8b4,Прокуратура,263,Ожидание экспертизы,2023-04-05,,Опер #6,Гр. Мельник 878,4
f13666b5-e1d7-4cf7-aaff-a454b7a1f6b9,СБУ,296,Закрыто,2025-02-21,,Опер #32,Гр. Петров 240,3
1e61379c-6061-4a15-8de6-6d2b1fc148dd,СБУ,115,Закрыто,2020-05-22,2020-12-29,Опер #196,Гр. Мельник 390,0
7f9ee84c-9fe7-430b-80ec-d862e30b7c17,НПУ,309,Передано в суд,2022-01-19,,Опер #34,Гр. Мельник 493,9
a371e86a-eb4e-4656-a3fe-d712642276c1,СБУ,121,В работе,2022-09-05,,Опер #168,Гр. Иванов 519,10
f5504343-35ea-44cf-9d44-f0b11130d626,СБУ,289,Закрыто,2022-05-13,,Опер #81,Гр. Мельник 668,0
fb25c02e-e2fe-465c-9aa2-a8dcaa94f644,НПУ,263,Закрыто,2022-02-11,2023-01-15,Опер #169,Гр. Петров 478,14
a8cdce7c-eaa2-4901-b96b-2134b8e2352b,НПУ,263,Передано в суд,2023-12-07,,Опер #47,Гр. Иванов 702,0
cf01528c-75eb-4149-bc13-c952c75b790e,Прокуратура,121,Ожидание экспертизы,2024-06-27,2025-07-25,Опер #149,Гр. Сидоренко 401,1
beca6928-7ee8-469d-8fbb-d493db564dff,НПУ,187,Передано в суд,2022-04-17,,Опер #105,Гр. Гончар 983,8
2dbfb3ea-c60d-4964-9b3b-6d2db4453709,СБУ,263,Ожидание экспертизы,2020-08-14,,Опер #1,Гр. Сидоренко 524,12
348cd5e9-6140-415e-bce7-54d026b2cbef,Прокуратура,115,Ожидание экспертизы,2023-12-31,,Опер #87,Гр. Мельник 692,5
c5a36c85-b967-49d5-b13d-5797f5bcccbc,СБУ,121,На розыске,2024-12-21,2026-01-12,Опер #183,Гр. Сидоренко 317,5
71f5511b-f226-48f5-a946-45efc6bde9bb,СБУ,194,В работе,2023-01-18,,Опер #112,Гр. Гончар 343,14
863ef7b4-5b74-4f08-b252-e983c99f4cc3,НПУ,194,На розыске,2024-08-22,,Опер #189,Гр. Сидоренко 737,7
d57b5551-2ce2-4f73-8671-b4bde131c8dd,СБУ,121,В работе,2020-08-20,,Опер #55,Гр. Коваленко 559,7
3a945252-b66a-41d5-8e4c-f9d7c9ea9b45,НПУ,309,В работе,2024-04-18,2024-07-22,Опер #56,Гр. Иванов 777,1
30ae4627-3ef7-4b3e-9a44-3ef8e0152820,НПУ,296,Ожидание экспертизы,2023-08-07,,Опер #123,Гр. Мельник 987,8
5714b76f-c1c7-4f0d-8b80-74ed7ca72ff9,НПУ,263,Ожидание экспертизы,2024-08-30,,Опер #44,Гр. Петров 687,12
3bd43688-9e63-4687-bf0c-fe35ec647495,СБУ,115,В работе,2024-07-26,2024-10-03,Опер #118,Гр. Гончар 908,5
daabb573-ba85-43ac-b799-965652638f3d,Прокуратура,194,Передано в суд,2021-08-19,,Опер #74,Гр. Петров 975,1
bbfc1103-d399-46e8-b138-048959f0e051,СБУ,309,В работе,2022-11-29,2023-08-16,Опер #27,Гр. Иванов 432,8
9d4d439c-b515-4558-83d1-f3e473a4d364,НПУ,307,На розыске,2023-08-27,2023-11-30,Опер #64,Гр. Коваленко 487,8
d6b150d8-81a7-44da-899d-02574b618aac,СБУ,185,В работе,2024-11-02,2024-11-24,Опер #179,Гр. Петров 584,1
47b42633-7f1d-46d4-8b2f-66e24cb03485,НПУ,121,Ожидание экспертизы,2023-10-15,,Опер #22,Гр. Петров 330,12
f0e49ab9-8bd2-42a8-a910-aeb49309dc6b,Прокуратура,115,В работе,2025-08-07,2025-10-07,Опер #118,Гр. Сидоренко 472,15
67584f92-0878-4935-8f61-50d85f326d43,СБУ,289,Передано в суд,2024-02-13,,Опер #42,Гр. Иванов 758,1
11c7caea-b9d1-46a2-84f4-f8386edce425,НПУ,296,Закрыто,2025-11-29,,Опер #112,Гр. Петров 295,6
e1bb1bec-5cb9-4d34-b2c7-be0c2ab3e179,Прокуратура,309,Ожидание экспертизы,2024-07-22,,Опер #137,Гр. Коваленко 917,13
0815d961-20ee-4786-a2b9-39a5b5e21519,НПУ,263,Передано в суд,2024-10-10,2025-06-25,Опер #91,Гр. Петров 535,2
bab04892-5bad-4beb-9795-50dae5819fba,Прокуратура,187,На розыске,2025-06-30,2026-01-24,Опер #54,Гр. Сидоренко 784,9
aebdd788-0da2-416a-ac8a-dba6520df7f4,Прокуратура,121,Ожидание экспертизы,2021-11-12,,Опер #194,Гр. Иванов 638,11
acad149c-22e3-4e72-9907-35b6e8fc80fd,НПУ,187,В работе,2022-11-29,2023-01-15,Опер #151,Гр. Гончар 654,7
142ffa31-4723-434d-8164-47000c4ed70d,НПУ,187,Передано в суд,2024-12-16,,Опер #47,Гр. Петров 273,12
7b9f3f35-5216-4edf-8457-3a7e1b407607,Прокуратура,307,В работе,2024-02-19,,Опер #144,Гр. Сидоренко 241,15
a9c25791-78e8-49b2-9f8e-0709895490d9,НПУ,121,Ожидание экспертизы,2025-08-12,,Опер #167,Гр. Петров 858,5
e716401e-73c4-4d77-adec-5889e43a3c4c,Прокуратура,263,Закрыто,2023-01-04,,Опер #199,Гр. Гончар 731,10
02af7183-56bb-4b3f-9c69-88ec94e7cffe,НПУ,187,Передано в суд,2024-07-30,,Опер #65,Гр. Иванов 378,13
bb7a1968-fdde-4cfc-aa63-286e2e22f7dc,Прокуратура,187,Закрыто,2020-04-18,,Опер #76,Гр. Петров 695,5
640a4b1a-6fe8-4bbe-9fb1-58a7ec268117,Прокуратура,187,На розыске,2023-03-26,,Опер #139,Гр. Гончар 373,9
f02ce7b8-d2ff-409a-8a0e-53f3cea1253b,СБУ,194,Закрыто,2023-05-17,,Опер #178,Гр. Сидоренко 680,13
daae2bd7-74bd-4350-83d4-ff90932eb971,Прокуратура,263,Передано в суд,2020-10-27,,Опер #84,Гр. Сидоренко 555,6
6f677d01-2180-4c3f-86dc-a4da0f2982e7,Прокуратура,115,В работе,2022-03-07,,Опер #182,Гр. Гончар 404,12
8f6fa1ed-9866-4b5e-9153-2234d384bb49,НПУ,121,Закрыто,2024-08-20,,Опер #182,Гр. Мельник 319,15
929c5616-9d49-4820-9bdd-dc1eedba1f5d,Прокуратура,289,Закрыто,2021-08-14,,Опер #43,Гр. Коваленко 347,0
c2ec0428-7a9a-485f-b502-7469e4756a18,НПУ,187,Передано в суд,2024-12-10,2025-10-02,Опер #131,Гр. Гончар 312,1
2e9b5cf9-3af8-4c9f-b024-5de5c81f66cb,Прокуратура,187,На розыске,2024-04-23,,Опер #23,Гр. Иванов 320,10
d649aa43-eee0-41be-ac15-1baae26743c4,Прокуратура,289,В работе,2021-05-21,2021-11-21,Опер #147,Гр. Петров 929,5
8d4ab732-ac75-46a6-84e6-4eb7ef5e7e3b,НПУ,187,На розыске,2020-10-30,,Опер #69,Гр. Гончар 165,15
39937dfa-4a8e-46e7-8a6b-ed0267021649,СБУ,263,Передано в суд,2023-11-27,,Опер #96,Гр. Петров 905,11
c568e276-8fd5-448e-9f57-bff7638194ff,СБУ,263,В работе,2024-11-29,2025-05-12,Опер #59,Гр. Петров 112,0
711a6176-520d-4569-9680-1f43f1d52bf2,Прокуратура,296,На розыске,2025-05-04,2025-11-28,Опер #146,Гр. Мельник 350,10
5c9bb56a-a1ff-4d10-9722-9dd1e8dc7d64,Прокуратура,115,В работе,2020-11-08,,Опер #39,Гр. Гончар 403,5
225fb8c2-adca-4da3-9088-24f28e89b05a,СБУ,187,Передано в суд,2020-09-03,2020-09-30,Опер #2,Гр. Коваленко 283,10
de18bad6-efd2-4b49-9f7c-2bb4da0f447b,НПУ,309,Ожидание экспертизы,2020-12-31,2021-12-11,Опер #101,Гр. Гончар 689,10
ff23922f-cf72-4b7a-a5d0-0cc28ef52d8c,НПУ,194,Закрыто,2024-05-03,,Опер #57,Гр. Иванов 214,14
12f9564d-32e0-4721-ac55-ef392c369092,НПУ,296,На розыске,2025-03-31,,Опер #17,Гр. Гончар 103,12
9f2f02eb-90c0-4e28-8611-d309636a362b,Прокуратура,263,В работе,2025-07-24,2026-01-17,Опер #3,Гр. Петров 659,8
cfef644e-6377-45b3-b335-c01e7cf55fd0,НПУ,263,Закрыто,2022-03-12,,Опер #21,Гр. Петров 852,5
8d4b5edd-d381-4f08-bc38-0d73123c4948,СБУ,309,Ожидание экспертизы,2023-10-22,2023-10-27,Опер #87,Гр. Мельник 406,0
dfa03bc9-53ad-4c8a-8564-ac0609fecbf8,НПУ,194,Ожидание экспертизы,2025-02-21,,Опер #106,Гр. Сидоренко 693,9
cdbf9e82-303b-438c-8521-c0ae433e9b55,НПУ,309,Ожидание экспертизы,2025-09-07,2026-05-02,Опер #159,Гр. Мельник 306,14
58d3f4bb-24ab-4055-9bba-cdd15ebd225a,Прокуратура,121,Закрыто,2023-07-16,,Опер #51,Гр. Коваленко 157,2
e871954b-aac6-4ba5-bc3d-5b67d62f8dca,СБУ,121,На розыске,2024-01-29,,Опер #30,Гр. Иванов 114,8
c97e3b5f-f4ed-4fd1-959d-4b0a01adcb57,НПУ,185,В работе,2021-03-31,2022-04-19,Опер #192,Гр. Иванов 107,13
501bd36d-9e61-450e-8112-e2463af89aab,НПУ,187,На розыске,2025-01-30,2025-05-21,Опер #145,Гр. Петров 114,6
605a35d7-a965-4d37-9102-bbc766f1114c,НПУ,194,В работе,2023-08-20,,Опер #102,Гр. Петров 725,6
767a941c-882d-4854-9ecf-6e6ff1f36136,СБУ,187,На розыске,2020-03-13,2020-09-07,Опер #177,Гр. Гончар 656,8
0a4b3607-a710-492a-9c2c-60664b683062,НПУ,296,На розыске,2022-11-01,2023-03-30,Опер #107,Гр. Иванов 189,2
c848bf34-0bc1-4118-843f-18d4438b99c3,Прокуратура,263,На розыске,2022-02-26,,Опер #187,Гр. Петров 711,6
5ceafe82-b571-4835-a699-7a23d01daf0a,Прокуратура,263,Ожидание экспертизы,2025-11-22,,Опер #125,Гр. Гончар 205,15
6a3fab37-b4be-40cf-84fb-73dd980d1f10,НПУ,309,Закрыто,2025-07-31,,Опер #40,Гр. Гончар 131,13
962364c6-64da-4869-8a34-891c2f10cb3f,СБУ,187,В работе,2020-09-01,,Опер #25,Гр. Коваленко 478,6
6a7215bd-df59-4655-89a3-62df7a330e51,НПУ,185,Ожидание экспертизы,2025-03-06,,Опер #120,Гр. Коваленко 203,8
a023a590-91c1-45a7-aab4-c927f3bc6ef9,НПУ,194,На розыске,2024-10-21,2025-08-01,Опер #128,Гр. Гончар 894,14
f508c2ef-f5c5-431e-a9f5-eacc5973106e,СБУ,263,Закрыто,2022-02-25,2022-03-08,Опер #94,Гр. Сидоренко 767,11
84487729-7516-4f80-9c85-ced98bc3eac4,Прокуратура,296,Передано в суд,2020-11-11,,Опер #34,Гр. Иванов 378,10
0489d80b-fbb4-4759-a10c-5bd89b58e9b8,СБУ,263,Закрыто,2022-03-31,,Опер #66,Гр. Коваленко 769,10
d2395e76-331a-438c-b077-b07ed42a4b51,СБУ,289,Закрыто,2021-10-04,,Опер #118,Гр. Петров 165,1
7030ec13-43be-4093-8f2f-9fe3d6999a88,СБУ,187,Передано в суд,2020-10-01,,Опер #46,Гр. Иванов 760,4
4e865b97-588e-480b-9e08-0a9ebe0cb4e2,Прокуратура,194,Ожидание экспертизы,2024-02-01,2024-04-27,Опер #111,Гр. Иванов 846,4
f0b57d6f-c4e1-4f88-ae27-60bcd7f71231,СБУ,115,Ожидание экспертизы,2023-04-03,,Опер #3,Гр. Иванов 223,11
02d36ed6-a707-4327-b2c0-530576fca80b,СБУ,185,На розыске,2024-05-25,2024-09-01,Опер #10,Гр. Мельник 705,1
48f226f8-663e-4ae4-a21d-83d26567d1bd,СБУ,296,Ожидание экспертизы,2023-09-13,,Опер #33,Гр. Гончар 340,6
2361464e-929e-4213-9adc-9fee158de0ba,НПУ,194,В работе,2025-12-01,2026-08-17,Опер #121,Гр. Гончар 809,4
82354207-3dfa-4d62-aa9f-effdaca717c2,Прокуратура,289,В работе,2020-06-16,2020-12-23,Опер #91,Гр. Петров 503,11
0ca4adba-b132-4ab4-ab77-87df6a101ea7,Прокуратура,307,Ожидание экспертизы,2022-10-26,,Опер #141,Гр. Гончар 992,11
faf2ef72-99bd-498e-86ba-08ebf2498cf3,Прокуратура,194,Ожидание экспертизы,2020-07-15,2021-02-16,Опер #114,Гр. Мельник 196,6
b5a4cc00-30da-4982-a0bc-7b2b2024879f,Прокуратура,121,Закрыто,2023-08-25,,Опер #108,Гр. Петров 375,14
166afd61-768c-4343-b37f-b3da436d6eb7,СБУ,296,На розыске,2025-03-23,,Опер #123,Гр. Сидоренко 132,5
81e9258d-f696-4ab3-af5a-a56e3c0e5106,Прокуратура,289,Ожидание экспертизы,2025-06-22,,Опер #123,Гр. Иванов 615,7
c67a575d-867a-4604-9e87-f660b2881fa8,Прокуратура,309,Ожидание экспертизы,2020-08-08,,Опер #107,Гр. Петров 839,5
6bb5bb24-7a1e-43b7-b6b2-3be90fbf1a69,СБУ,187,Передано в суд,2023-02-18,2023-10-03,Опер #6,Гр. Иванов 765,6
2e13fe92-980e-4c66-b5d3-e603261d14c5,Прокуратура,187,Передано в суд,2024-10-17,,Опер #136,Гр. Иванов 854,3
5340b0d0-43be-42ea-a89a-818c882e7950,Прокуратура,115,Закрыто,2022-12-21,2023-06-11,Опер #45,Гр. Иванов 307,12
9518a6db-fc43-4f24-a221-85c7e8c66240,НПУ,115,На розыске,2022-03-13,,Опер #139,Гр. Иванов 228,11
d18f5eaf-0a7d-46aa-97c2-4c938706a2f0,СБУ,194,Передано в суд,2021-08-22,2022-09-20,Опер #21,Гр. Гончар 334,11
11c68549-d0cc-4463-b248-f9213b9bbc01,НПУ,309,Передано в суд,2022-09-04,,Опер #171,Гр. Коваленко 551,13
8141c2d5-35d1-4a91-a0d9-e9991e75c14c,Прокуратура,307,Закрыто,2023-02-03,2023-07-06,Опер #92,Гр. Коваленко 298,0
4f0e269a-3ed9-48e1-b543-8cf50708a9b7,Прокуратура,309,Ожидание экспертизы,2021-08-25,2021-12-11,Опер #4,Гр. Гончар 359,11
27395cf9-4b2f-4ef9-a9ed-b39d1845a74c,НПУ,115,На розыске,2020-03-05,2021-04-01,Опер #162,Гр. Мельник 112,14
f8f194f8-3831-4707-afb3-3cf0e0f02e38,Прокуратура,289,Передано в суд,2023-09-16,2024-01-24,Опер #19,Гр. Гончар 947,8
8124ffd7-9870-49f1-8760-77af15ca4f32,Прокуратура,185,Передано в суд,2024-03-06,,Опер #121,Гр. Сидоренко 595,1
359cc50b-cff9-457f-b4ca-36a25c62835c,Прокуратура,263,На розыске,2022-03-24,2022-12-09,Опер #47,Гр. Иванов 413,7
138f9d70-bc7a-4337-b6b9-5b9c3c75ab59,СБУ,194,Ожидание экспертизы,2022-05-21,2023-04-12,Опер #174,Гр. Иванов 629,3
a538ff1d-59b4-402a-9571-5e44966d8b10,Прокуратура,309,Передано в суд,2022-09-16,,Опер #42,Гр. Мельник 291,14
0a9d8705-a561-4e81-96a6-27f35079b793,НПУ,121,На розыске,2021-07-11,2022-01-16,Опер #48,Гр. Гончар 605,5
5933b28d-ccdc-45ad-b9e4-8970a2a124ad,НПУ,289,Передано в суд,2021-06-26,,Опер #19,Гр. Иванов 892,14
32360cc3-3935-47ad-9e6a-bed53b2bf1ca,СБУ,307,В работе,2021-09-13,2022-03-17,Опер #4,Гр. Петров 102,9
3759e950-3efc-4fb7-97f6-af42ab027116,Прокуратура,296,На розыске,2023-06-24,,Опер #19,Гр. Петров 627,11
70ae681a-92ef-4651-9b57-d8717b9c825e,Прокуратура,289,Закрыто,2025-07-06,,Опер #177,Гр. Иванов 967,1
e203f108-f9a9-45d9-bfe7-d49947efc9a3,Прокуратура,185,На розыске,2025-04-06,2026-03-05,Опер #52,Гр. Мельник 153,12
6447d088-3878-4473-9091-d6dd5df971cf,НПУ,263,В работе,2021-05-07,,Опер #64,Гр. Петров 390,8
0a8bfed7-67bc-4faf-886e-a3a75683bfb8,Прокуратура,263,Закрыто,2022-11-26,2023-02-20,Опер #100,Гр. Коваленко 883,9
9efb0ae6-8970-4eef-ae2b-1baf5f7c69ef,Прокуратура,309,На розыске,2024-09-05,,Опер #84,Гр. Мельник 265,6
36281f4a-0ede-4c38-8564-7eeb32b2e27f,СБУ,309,Передано в суд,2021-08-25,,Опер #47,Гр. Мельник 339,0
10d66f4f-145c-4855-b26d-46a4a084a204,Прокуратура,307,На розыске,2020-04-26,2020-10-24,Опер #155,Гр. Мельник 914,13
a1ef7a5a-8db2-48d9-bdd0-0018b9da264c,СБУ,185,Передано в суд,2023-09-15,2024-09-23,Опер #51,Гр. Гончар 843,2
290607fb-e58d-4752-b2f7-858ae119f9b1,НПУ,194,На розыске,2025-01-18,,Опер #125,Гр. Петров 732,15
ae7a4fa3-5060-4ed3-ba01-e188749cc85c,НПУ,185,Закрыто,2021-12-31,,Опер #12,Гр. Мельник 758,3
47892065-c6d5-4078-8312-fc0ff7790a24,Прокуратура,307,Ожидание экспертизы,2025-04-29,2025-07-31,Опер #43,Гр. Сидоренко 426,6
fabc930b-6982-4d5f-88e3-2d3ec6588ad8,НПУ,307,Передано в суд,2021-06-06,2022-01-28,Опер #123,Гр. Иванов 596,15
7077768c-2f88-49da-a868-d6b208d917f5,НПУ,307,Ожидание экспертизы,2022-10-26,,Опер #72,Гр. Гончар 460,6
66fc0d9a-b382-4407-a59b-3d281cd22210,СБУ,115,На розыске,2023-10-08,,Опер #96,Гр. Коваленко 603,5
a7fed734-cd0a-430b-86bd-3d98c8ae6672,НПУ,115,Ожидание экспертизы,2022-02-03,,Опер #5,Гр. Гончар 104,6
e40e0da7-f8f4-4768-b887-46528f252eec,НПУ,187,Ожидание экспертизы,2023-07-04,2023-09-01,Опер #56,Гр. Петров 526,2
3dc562dc-7869-455a-8a70-952f1a5897e6,НПУ,289,В работе,2021-09-27,2021-10-22,Опер #92,Гр. Гончар 838,14
c3d35c5a-8171-4378-904f-e1ab24f0eea4,Прокуратура,263,На розыске,2022-03-19,,Опер #67,Гр. Иванов 105,3
68fa6394-8baa-414e-b599-07982412cea0,НПУ,194,На розыске,2024-11-21,2025-10-23,Опер #41,Гр. Иванов 656,3
dcf23f70-bc11-4a36-890c-51d930eb0036,Прокуратура,296,Ожидание экспертизы,2022-05-19,2023-01-13,Опер #162,Гр. Гончар 269,12
16c5b4c1-2103-4505-ad3c-650a839ccfb9,Прокуратура,185,В работе,2023-10-25,,Опер #134,Гр. Петров 642,5
5369a34f-8dff-4078-8e43-dc0b6635538b,Прокуратура,185,На розыске,2022-05-01,2022-08-16,Опер #47,Гр. Гончар 870,6
27631508-8cca-40fb-ac1c-7559fba5d75b,НПУ,289,В работе,2022-12-19,2023-02-28,Опер #176,Гр. Мельник 391,8
bbcce7f3-91f7-4843-853c-fb8d713b8924,НПУ,194,В работе,2020-04-30,2021-02-12,Опер #171,Гр. Гончар 715,10
1540caa7-fe71-47fb-b6d0-2f4374859e51,Прокуратура,185,Ожидание экспертизы,2025-03-31,2025-06-08,Опер #167,Гр. Иванов 308,0
d1b3b94e-ab48-4960-a4ff-5ed842f8472c,СБУ,309,Закрыто,2024-10-17,,Опер #74,Гр. Петров 203,5
c202c0b4-3f7e-49b8-942c-3a5aab207ab8,Прокуратура,121,Закрыто,2022-12-03,,Опер #12,Гр. Иванов 493,15
0eb2391f-fbd2-467a-9ea3-367ea27ee2f5,СБУ,194,В работе,2022-12-24,2023-02-06,Опер #94,Гр. Мельник 435,3
fd589ce6-9683-44bf-bfbe-1ffa0880e959,НПУ,296,На розыске,2023-07-22,,Опер #125,Гр. Сидоренко 148,0
78d2a0bc-ec83-4b57-a135-6bc03529343c,НПУ,263,В работе,2020-10-31,,Опер #113,Гр. Сидоренко 481,7
bd84adda-7bf0-47af-ab74-0f2789e30690,Прокуратура,309,Ожидание экспертизы,2024-10-25,,Опер #23,Гр. Иванов 823,4
69d0d2fb-3e50-4943-87ea-d9ee4d489e97,Прокуратура,296,Закрыто,2020-01-05,,Опер #111,Гр. Иванов 114,7
ed3257f5-18ba-4255-9048-ff20a96d8061,НПУ,309,Передано в суд,2023-02-15,2023-12-19,Опер #16,Гр. Гончар 350,1
8f73ee10-d275-4dd4-911f-14e75a41da87,Прокуратура,296,На розыске,2020-05-05,2021-01-05,Опер #51,Гр. Иванов 772,13
d3f6dae2-d6f9-4196-adda-b67525d1eaf6,СБУ,289,Закрыто,2023-05-29,2023-12-08,Опер #58,Гр. Мельник 954,10
4d1a4955-8d39-4ced-9c92-3a7279382cb4,Прокуратура,194,Ожидание экспертизы,2023-02-10,,Опер #31,Гр. Гончар 516,0
57db85c7-38e4-4c1a-b7ca-01fef64a745e,СБУ,307,Ожидание экспертизы,2021-06-10,,Опер #125,Гр. Коваленко 109,5
b1860ae0-cc0e-4f35-9485-06f1af68f574,НПУ,263,В работе,2021-04-20,,Опер #101,Гр. Иванов 264,10
97e291e4-6e3d-4dcc-aff5-36d7f3289e2a,НПУ,187,На розыске,2022-08-29,,Опер #71,Гр. Иванов 545,4
b774f7fa-2ed3-4fe1-bb6a-8c6e0a81e660,НПУ,121,Ожидание экспертизы,2025-04-16,,Опер #50,Гр. Петров 527,8
5ce7cbc2-ce57-4a88-8c18-8e2369255725,Прокуратура,307,На розыске,2021-04-05,,Опер #77,Гр. Мельник 695,15
d79c4297-c357-416a-86da-b552a520b5e1,СБУ,296,Ожидание экспертизы,2020-10-11,,Опер #150,Гр. Иванов 300,1
109c2742-0953-4194-99fc-0a877f588c91,НПУ,289,Закрыто,2025-05-31,2025-06-30,Опер #125,Гр. Мельник 453,0
83d2a13a-3bd3-4ecc-bc29-70109edf7123,Прокуратура,309,Передано в суд,2022-07-04,,Опер #24,Гр. Коваленко 827,12
664b8772-0235-4957-b77f-a34890f2cb8b,Прокуратура,309,Закрыто,2024-12-19,,Опер #199,Гр. Коваленко 942,4
e837090e-9046-4db8-8e6f-436c6603b497,НПУ,115,На розыске,2022-08-16,,Опер #158,Гр. Иванов 143,0
a7b21fa2-f462-43b3-b53d-6f1dfa547c20,Прокуратура,307,Передано в суд,2024-06-28,,Опер #101,Гр. Мельник 135,7
4c37ecfc-5d5c-41b7-aaa2-f378078cfd46,СБУ,263,В работе,2025-06-11,,Опер #107,Гр. Коваленко 708,6
3e9bcf82-ae3b-4afe-886c-190b9ba3a990,НПУ,309,В работе,2020-11-21,,Опер #47,Гр. Коваленко 646,11
66a4ab0a-0094-4773-8762-7568ac2e16bd,СБУ,187,Ожидание экспертизы,2025-06-12,2025-12-15,Опер #185,Гр. Гончар 901,7
3c211d6b-546e-4f9c-99dc-5342dd79296c,НПУ,296,На розыске,2021-06-23,,Опер #52,Гр. Коваленко 279,14
37410d7d-8cc2-42e2-889e-db63aa252758,Прокуратура,121,Ожидание экспертизы,2022-01-31,,Опер #6,Гр. Коваленко 347,8
af099652-0943-428b-9861-8e467564721f,НПУ,121,На розыске,2023-08-23,,Опер #32,Гр. Иванов 987,6
2859fd1d-7ccb-4b50-ac94-140257ca4e4e,НПУ,296,Ожидание экспертизы,2022-12-21,2023-03-24,Опер #131,Гр. Гончар 869,10
bf0020ef-c7ba-4336-b2e7-5b58fd93f632,Прокуратура,289,Передано в суд,2020-06-17,2021-04-30,Опер #125,Гр. Петров 305,11
5100088e-40d3-4c6f-96c1-1a2a97859c70,Прокуратура,185,В работе,2025-08-26,,Опер #137,Гр. Сидоренко 777,5
def9f998-46c4-4b86-b9c2-e6c049df80fb,НПУ,121,В работе,2025-10-28,,Опер #125,Гр. Петров 660,0
5a0444f3-44a3-45d2-af9d-27aa99b6f249,Прокуратура,296,Закрыто,2024-06-15,2025-05-05,Опер #84,Гр. Иванов 115,6
972cbb34-4eb5-497f-ad56-e5774cacbdb0,НПУ,194,На розыске,2023-02-05,2023-11-27,Опер #105,Гр. Иванов 490,5
859a1df2-4531-499b-9344-cf10c2b76512,НПУ,309,Закрыто,2025-10-08,,Опер #22,Гр. Мельник 556,11
eb7512c7-590d-43e7-ac11-ce67b8772e45,Прокуратура,185,В работе,2023-02-22,2023-12-30,Опер #174,Гр. Гончар 342,5
02dd8381-485f-4fb3-a72c-4955738ec190,Прокуратура,289,Передано в суд,2024-03-08,,Опер #133,Гр. Коваленко 987,14
f84a410f-7843-42f8-81e2-a8e681908da7,НПУ,263,Передано в суд,2022-09-28,,Опер #114,Гр. Сидоренко 129,14
b5f412a3-a705-43fe-a16f-2426494e08c9,Прокуратура,263,Закрыто,2024-03-04,2024-11-25,Опер #104,Гр. Коваленко 797,8
579808b5-7877-4530-93fd-0554af988686,НПУ,115,Закрыто,2020-11-21,2021-07-10,Опер #152,Гр. Иванов 148,0
9cac03ea-70d0-4206-b42b-1a9c8702e22b,СБУ,187,На розыске,2023-08-10,2024-03-14,Опер #9,Гр. Коваленко 925,3
9358a3c7-3a27-45f4-945f-37e46a8f1092,СБУ,309,В работе,2024-03-08,2024-10-28,Опер #74,Гр. Петров 453,11
d37bdb5b-42e3-4304-902f-3c038cbaf418,Прокуратура,185,Ожидание экспертизы,2025-10-03,,Опер #63,Гр. Мельник 842,11
4347ea05-9c41-417a-ae3b-93962ba97e08,Прокуратура,307,Передано в суд,2021-11-08,,Опер #18,Гр. Петров 671,7
d7812969-98d7-4a58-b24c-15c881953c42,СБУ,115,Ожидание экспертизы,2020-07-08,,Опер #50,Гр. Петров 675,11
b362750a-a239-435c-91b2-036cc53520a8,НПУ,115,Закрыто,2023-09-12,2023-12-31,Опер #139,Гр. Сидоренко 711,3
f247660b-054f-4d46-abed-4816b9de66f8,СБУ,115,Закрыто,2025-05-16,2025-11-01,Опер #137,Гр. Коваленко 595,1
124b61ec-a472-403c-a583-17ac3da2eb4b,Прокуратура,121,Ожидание экспертизы,2025-06-30,2026-02-07,Опер #52,Гр. Петров 105,14
a5628109-a2cd-4699-ad38-dcc4dab27b22,НПУ,263,Закрыто,2020-09-26,,Опер #124,Гр. Петров 974,0
9088f41d-7271-4d48-bb6d-c15289e89299,СБУ,121,В работе,2025-08-16,2026-02-28,Опер #7,Гр. Сидоренко 305,12
05a9fcf5-a6d9-4030-b25b-9fd649a1be06,СБУ,187,Передано в суд,2022-03-15,,Опер #13,Гр. Коваленко 375,10
710c0375-0bc2-4ad7-aafd-944b42530dda,СБУ,296,Ожидание экспертизы,2022-07-24,2023-05-28,Опер #152,Гр. Петров 623,8
ba06ddb7-cc10-464b-b615-3a0d47d305db,Прокуратура,307,Закрыто,2021-06-11,,Опер #157,Гр. Иванов 824,2
179a6b25-0903-4901-9293-805421eba049,НПУ,309,Ожидание экспертизы,2023-06-11,,Опер #56,Гр. Гончар 230,14
a5e594bd-5fe8-4cc7-9b03-992410ec9a18,СБУ,289,На розыске,2023-03-08,,Опер #99,Гр. Коваленко 601,8
4e39eeed-9ca9-4168-8c2c-308ee2ec18d4,НПУ,289,Передано в суд,2024-05-06,,Опер #82,Гр. Коваленко 546,12
93e4cc2f-ae91-4ffb-a5f8-a17c11e0888f,НПУ,296,Закрыто,2025-09-17,2026-08-21,Опер #119,Гр. Гончар 149,15
546eb0ee-d44c-449d-8812-2a56896069f9,СБУ,185,На розыске,2020-10-02,2020-11-21,Опер #187,Гр. Коваленко 563,4
6c72dedb-773e-4096-bc15-aff3cb9c16b4,НПУ,187,Закрыто,2025-07-08,,Опер #109,Гр. Сидоренко 291,12
c0973033-1eca-4670-bbb6-1c1a2821f6e9,СБУ,187,В работе,2021-10-21,2022-04-05,Опер #34,Гр. Гончар 819,1
c3f59658-654e-421d-85a6-b366ea6078bc,НПУ,296,Ожидание экспертизы,2023-02-18,,Опер #9,Гр. Мельник 597,6
e0b5fb3b-eb2a-4464-ae43-efcb7c0be89e,СБУ,296,На розыске,2025-11-13,,Опер #73,Гр. Гончар 988,4
6901de8d-a716-4de9-972a-48162df3f326,НПУ,309,В работе,2021-01-31,2021-09-20,Опер #111,Гр. Мельник 355,14
db83bc91-e53d-4c79-a319-3f02a757202a,Прокуратура,309,В работе,2020-09-26,,Опер #72,Гр. Мельник 345,0
7953589a-a02b-4e25-9bb7-ac54c4e672a1,Прокуратура,187,Закрыто,2022-06-05,,Опер #26,Гр. Мельник 546,13
292f361d-4a8a-439b-ae36-069cbcc1440b,СБУ,121,Закрыто,2020-08-05,2020-10-14,Опер #139,Гр. Гончар 779,4
9a90035a-c601-4c1f-b30e-484389707b66,СБУ,187,Ожидание экспертизы,2023-03-10,,Опер #95,Гр. Иванов 831,4
6ecef945-2822-4a37-a75c-28da4bd52ec7,СБУ,289,В работе,2020-06-04,2021-01-13,Опер #75,Гр. Иванов 351,14
6d3c5e06-272e-4db7-8f8c-018d4572ef3a,СБУ,185,Передано в суд,2020-01-24,,Опер #144,Гр. Мельник 351,7
ad7b0ad0-2ae9-4672-964b-e2f6c3ad2df8,Прокуратура,121,В работе,2020-09-06,,Опер #182,Гр. Сидоренко 854,3
e70b78cc-ed0a-49e9-bca5-b79810d53122,Прокуратура,309,Ожидание экспертизы,2021-12-13,2022-12-29,Опер #190,Гр. Гончар 851,2
2e1ffc80-7c7f-47d2-95ab-34699305ce8c,СБУ,309,Передано в суд,2025-02-05,,Опер #200,Гр. Мельник 414,7
4832238d-9c7d-4b43-8781-fd0948e13338,СБУ,263,Передано в суд,2025-04-27,,Опер #102,Гр. Мельник 781,11
af40034b-53c9-46ee-870c-c972bb4e9946,СБУ,185,В работе,2021-11-16,,Опер #32,Гр. Коваленко 560,3
cd0ac184-3955-40d8-abc5-9abdaf06dd54,СБУ,263,В работе,2021-02-23,,Опер #87,Гр. Иванов 970,14
66f65aaa-df8b-45d2-a089-81553ba41831,Прокуратура,115,Ожидание экспертизы,2025-01-24,,Опер #16,Гр. Сидоренко 815,11
29356caf-d3be-488a-a734-aa140ab95d51,СБУ,121,Передано в суд,2024-04-12,2025-01-22,Опер #175,Гр. Мельник 165,9
683bfbc0-8ae0-411c-a309-1836983d68ce,СБУ,121,Передано в суд,2023-05-05,,Опер #39,Гр. Иванов 963,9
66923bbb-29a7-4914-a22c-840f2abea4ab,НПУ,187,Передано в суд,2024-09-17,,Опер #102,Гр. Мельник 918,11
4659b0ca-34e0-4c89-ac98-1ed997bcb9d4,Прокуратура,185,На розыске,2022-03-31,,Опер #127,Гр. Иванов 310,5
71470a0a-c533-4cf2-9596-926eb5537f2e,Прокуратура,263,В работе,2024-11-26,,Опер #16,Гр. Иванов 942,5
795010a3-3f74-4481-b3bd-33a13d47b025,НПУ,296,Передано в суд,2022-05-17,2022-07-21,Опер #199,Гр. Иванов 663,11
76e1d76f-5493-400d-973a-a11ae9a1f03e,НПУ,296,Закрыто,2024-12-28,2026-01-14,Опер #128,Гр. Петров 831,15
230ab858-0731-4e87-ac0f-acdeb469a31d,СБУ,194,На розыске,2024-02-12,2024-06-13,Опер #98,Гр. Мельник 899,15
fcce2456-1c8c-47e0-a125-99401a959351,Прокуратура,115,Передано в суд,2024-12-03,2025-01-11,Опер #128,Гр. Мельник 713,7
326156d9-1292-41ef-997b-818f3bab62f1,СБУ,307,В работе,2024-06-30,,Опер #113,Гр. Сидоренко 212,0
c82c0d56-c553-4dd9-9ff1-9a8dab31e6d6,НПУ,194,Закрыто,2024-08-24,2024-10-31,Опер #58,Гр. Мельник 816,14
04288353-5960-481e-ba93-ceeb64dd80bc,Прокуратура,263,Ожидание экспертизы,2025-04-03,,Опер #200,Гр. Коваленко 361,13
4a0e8705-d4a4-4c1c-a31c-1358d4276acd,Прокуратура,296,Ожидание экспертизы,2022-11-16,,Опер #85,Гр. Сидоренко 351,10
4d54e852-d1a6-466a-a8ae-ffbc37217ca8,НПУ,121,Закрыто,2025-05-11,2025-10-12,Опер #123,Гр. Иванов 320,12
7064cdd3-e472-4ef1-80f3-4db75deee684,НПУ,185,Передано в суд,2021-04-08,2022-02-08,Опер #106,Гр. Гончар 938,14
c8ef2bf9-3102-4636-a56d-b6194645ef9c,Прокуратура,115,На розыске,2023-03-02,2023-10-29,Опер #96,Гр. Сидоренко 581,5
87d57b76-1577-4073-a494-567ecc064fa7,НПУ,289,Передано в суд,2024-03-12,,Опер #31,Гр. Гончар 258,2
3e24f767-abda-497d-8a97-a7d58ec8bfe2,СБУ,296,Закрыто,2024-08-16,,Опер #104,Гр. Мельник 726,0
80163d71-2ac8-441b-8052-d275b65925fa,НПУ,187,Закрыто,2023-01-07,,Опер #39,Гр. Петров 329,12
731f2770-3216-40cd-acd6-1fb426ed8acc,СБУ,194,Передано в суд,2022-03-16,2022-10-05,Опер #142,Гр. Иванов 115,9
cc37498f-940c-488d-ae53-750b53d2f4ac,СБУ,194,В работе,2021-04-22,,Опер #24,Гр. Иванов 375,12
05e2dea7-cd3d-4a33-8e11-eaa500d516f2,Прокуратура,121,В работе,2022-03-02,2022-09-06,Опер #98,Гр. Петров 418,15
d687af60-d10e-4534-9802-3791af118463,СБУ,296,Передано в суд,2020-04-20,,Опер #193,Гр. Гончар 227,8
4fcbcb51-d676-41ac-8e4e-6db64bec130b,СБУ,121,Закрыто,2025-04-19,,Опер #11,Гр. Коваленко 243,1
db2b5b60-f1e1-4b02-acff-7dc157bee9ac,Прокуратура,194,На розыске,2022-07-12,,Опер #100,Гр. Петров 238,7
0170e1ed-9d75-4898-9f16-d94aceadb1b5,СБУ,115,В работе,2023-09-03,,Опер #87,Гр. Петров 114,6
33fffae2-b86e-4da9-a0ef-1f31f32d4394,СБУ,263,На розыске,2021-03-02,2021-07-27,Опер #86,Гр. Мельник 597,15
efa4e112-41dc-4e39-ac33-8f43c4461bcb,Прокуратура,115,На розыске,2022-02-02,,Опер #51,Гр. Сидоренко 130,3
592889fa-2878-4c13-9989-39751b9d496b,СБУ,185,На розыске,2023-12-25,2024-05-15,Опер #51,Гр. Сидоренко 166,11
2e3cae4b-b927-4a48-a2ad-5343c7099628,НПУ,309,Закрыто,2023-02-28,,Опер #169,Гр. Сидоренко 768,15
c2c1e047-23f6-4010-9eab-22287bc4b77c,Прокуратура,121,Передано в суд,2024-04-23,,Опер #9,Гр. Иванов 375,13
144e1809-5983-4159-9be4-e7df87eb6ac3,Прокуратура,187,Закрыто,2020-04-27,,Опер #121,Гр. Иванов 366,13
a5af8b9d-e668-49b1-9b5e-8438573f65c1,Прокуратура,309,Ожидание экспертизы,2023-04-04,,Опер #125,Гр. Сидоренко 314,7
989cf255-097a-426c-86a3-919848c3de1d,НПУ,289,Передано в суд,2023-03-24,2023-07-13,Опер #108,Гр. Коваленко 403,1
377cacd5-3116-426d-b879-0434fafb0a3a,СБУ,185,Ожидание экспертизы,2025-10-25,,Опер #196,Гр. Гончар 277,10
d7d4e4c0-83e3-4727-8d54-25cf26bffea2,СБУ,115,Закрыто,2022-04-12,,Опер #82,Гр. Сидоренко 463,9
8ef9c02d-87fa-4ebe-9405-4b8f6be7c054,Прокуратура,187,Закрыто,2020-12-06,,Опер #86,Гр. Петров 324,5
b30ea4a4-5b0e-4371-9fb0-e34ccfcbf7ca,НПУ,263,Передано в суд,2024-08-24,,Опер #33,Гр. Иванов 119,8
107072bf-0957-4c96-be50-afd2acd9b89f,НПУ,187,В работе,2020-02-29,,Опер #79,Гр. Петров 351,13
d99e6900-43bb-44d1-a82b-1d561249361a,СБУ,115,Закрыто,2020-11-06,2021-02-27,Опер #84,Гр. Сидоренко 406,4
0b8a7be4-ebdc-44c6-8dbc-6dcbcdceb79e,Прокуратура,289,Ожидание экспертизы,2021-01-08,,Опер #101,Гр. Сидоренко 222,3
b7ccf98d-388c-41d1-9fbc-248ba7e60045,Прокуратура,115,На розыске,2021-01-07,,Опер #104,Гр. Коваленко 131,6
d65bd324-f00e-4264-9a01-16503b0ff3d5,НПУ,309,Закрыто,2021-10-14,2022-10-23,Опер #13,Гр. Сидоренко 539,13
d59c1314-7f66-4738-96ac-3c0ea02ddd8a,НПУ,309,Ожидание экспертизы,2025-05-05,2025-05-26,Опер #68,Гр. Мельник 337,11
9a0d0796-91c6-4c4d-a678-07e02e2fe20d,Прокуратура,187,Закрыто,2023-02-04,2024-01-29,Опер #187,Гр. Коваленко 169,7
0025ee99-10a7-4266-80d2-0c408b525e1f,СБУ,263,В работе,2024-03-31,,Опер #145,Гр. Сидоренко 718,4
edcb065e-9cdd-41a9-805b-718e232cfe56,СБУ,307,В работе,2025-06-30,,Опер #5,Гр. Гончар 469,4
acbda701-2d95-4b34-9a9f-334bab3b33f7,Прокуратура,194,Закрыто,2024-09-09,,Опер #193,Гр. Петров 281,12
425435b9-6f6e-4f76-9425-8fa92b16efed,НПУ,194,Передано в суд,2022-08-04,,Опер #194,Гр. Петров 812,9
914ba3c6-84e2-4afb-9593-392af5c119c3,Прокуратура,307,На розыске,2020-02-24,2020-12-28,Опер #95,Гр. Коваленко 268,5
3df66e58-3b06-443f-9aaf-fbfba5ad5c06,НПУ,296,Закрыто,2021-12-08,2022-10-29,Опер #126,Гр. Гончар 202,10
352c45d3-6ad0-4d83-b5d0-0f65e6b2baca,СБУ,115,Передано в суд,2023-05-22,2024-05-12,Опер #9,Гр. Петров 333,11
9c103291-6649-4968-85e0-cf506f6c3d94,СБУ,187,Ожидание экспертизы,2024-03-12,,Опер #123,Гр. Гончар 615,14
7673fa94-4b15-4e0a-9265-0df862c0dd66,СБУ,296,На розыске,2025-11-19,,Опер #69,Гр. Гончар 217,13
0919a9df-84a2-4023-85b7-f60c818725f3,СБУ,307,Ожидание экспертизы,2021-02-26,2022-01-04,Опер #83,Гр. Гончар 385,6
2717d6f8-ecc1-406d-a246-70da3cc3215f,СБУ,309,Ожидание экспертизы,2025-08-06,2026-04-09,Опер #90,Гр. Петров 394,9
01fbecb7-c4b1-4fc8-b0f0-094b07c59b15,НПУ,263,В работе,2020-03-30,2020-07-26,Опер #186,Гр. Петров 337,13
172a82ba-7e0d-4edb-b83c-617b476cee91,СБУ,194,Передано в суд,2022-06-18,2022-07-16,Опер #146,Гр. Иванов 170,13
554889bd-d89d-443c-b3ff-076e409e1294,НПУ,296,Ожидание экспертизы,2021-06-26,,Опер #112,Гр. Гончар 535,11
4daaf386-5896-44b9-b66d-6065d364b22e,СБУ,309,В работе,2025-07-31,,Опер #52,Гр. Сидоренко 620,11
b4b46b50-f068-4c90-95a5-de4ed82b650e,Прокуратура,194,Передано в суд,2022-04-17,,Опер #180,Гр. Коваленко 665,5
55000155-344a-467d-bf77-09fed353a233,Прокуратура,263,В работе,2020-08-20,,Опер #153,Гр. Сидоренко 133,5
cf449fdf-eacf-4db6-9ffa-1a6a5e0866ad,Прокуратура,115,Закрыто,2023-02-19,2023-08-26,Опер #174,Гр. Мельник 680,14
8207aa64-e50b-41ec-a8ed-28cb88719ea6,Прокуратура,289,Передано в суд,2020-02-14,,Опер #43,Гр. Мельник 876,10
15299f0c-a2b5-4709-8798-4b36368244c6,НПУ,194,На розыске,2020-11-10,2021-01-01,Опер #27,Гр. Коваленко 262,4
f443bbe8-bd56-4fd9-9637-87478dc2a149,СБУ,185,В работе,2024-07-04,,Опер #21,Гр. Гончар 436,0
7acdae6d-d6b0-4d14-8d95-865568fddf42,Прокуратура,121,Закрыто,2025-08-19,,Опер #64,Гр. Гончар 153,12
56493c35-10cf-4427-bc11-db489406d2ed,НПУ,121,Закрыто,2020-04-02,,Опер #190,Гр. Мельник 768,12
35a25da2-d282-45d3-abdd-40914865a80d,НПУ,185,Закрыто,2023-05-25,,Опер #66,Гр. Иванов 279,7
c087ccfb-9645-44a5-8d45-e0b8c073fa6a,Прокуратура,289,Передано в суд,2022-02-25,,Опер #156,Гр. Гончар 823,3
9428fdba-fde3-4b4c-9efe-39fa218de344,Прокуратура,185,На розыске,2023-05-09,,Опер #103,Гр. Гончар 663,0
e0ece9c2-900b-4d20-a1e1-033ad32fcf6d,СБУ,307,Ожидание экспертизы,2023-11-27,,Опер #51,Гр. Гончар 430,13
92b3df2c-232d-4e41-8b3a-cc339d51d3f4,СБУ,309,В работе,2020-01-21,2020-03-04,Опер #174,Гр. Мельник 407,7
a635b337-da2c-42b6-b9df-74a75632611f,СБУ,289,Закрыто,2023-01-02,,Опер #170,Гр. Сидоренко 376,11
33df92d2-3f53-496d-9f25-b7b77c53d597,НПУ,194,В работе,2024-01-30,2024-11-03,Опер #109,Гр. Мельник 980,1
585566cf-9234-4e3d-8cd3-b29413a38fbb,Прокуратура,194,В работе,2023-03-01,,Опер #75,Гр. Коваленко 730,7
d9300a99-7812-4591-8c23-48047d332abc,НПУ,187,Ожидание экспертизы,2021-04-11,2021-09-20,Опер #20,Гр. Гончар 765,10
4775ce2a-1bdf-41f4-b5d8-e41fd33a67cb,Прокуратура,187,Передано в суд,2023-01-13,2023-12-04,Опер #3,Гр. Гончар 758,4
760a867a-a46e-49e3-86f0-aa19ea30a2fd,Прокуратура,309,Закрыто,2023-04-19,,Опер #160,Гр. Мельник 345,1
f393f14f-1643-405c-8f2d-ffd6db0219b9,Прокуратура,185,Ожидание экспертизы,2025-01-10,,Опер #114,Гр. Иванов 985,9
826937eb-d067-4ece-9b17-cd056a0e0040,Прокуратура,263,Ожидание экспертизы,2021-03-15,2021-10-25,Опер #170,Гр. Коваленко 694,4
464b4dee-2cbe-45a1-973f-a056628115e5,НПУ,263,Закрыто,2023-05-07,,Опер #105,Гр. Петров 211,10
565f1dbe-d0cc-4e2f-baf1-a2121781f4f1,СБУ,187,В работе,2021-09-15,2021-10-13,Опер #19,Гр. Гончар 354,12
00c115f3-0f85-45e1-b670-d712d6770dd9,НПУ,296,В работе,2021-11-22,2022-04-21,Опер #190,Гр. Гончар 189,11
676b85f1-4545-486c-b5d3-45b9c09f9066,НПУ,115,Передано в суд,2021-02-18,2021-07-18,Опер #6,Гр. Коваленко 138,15
d0469dea-c8c3-495a-ac85-95cbee2fa30a,Прокуратура,296,Ожидание экспертизы,2024-10-31,,Опер #76,Гр. Петров 478,9
3ae69563-e666-40c9-852f-3647d222167a,СБУ,296,В работе,2023-06-07,,Опер #82,Гр. Коваленко 195,14
86ca9f45-7e6b-427c-95c4-454a24156f68,СБУ,115,Передано в суд,2020-06-22,,Опер #104,Гр. Мельник 246,15
505140ed-8bb9-4265-9482-c22d650184bc,Прокуратура,289,В работе,2020-05-02,2021-06-03,Опер #122,Гр. Гончар 986,4
1af3c8bb-df4e-4b5e-916f-c91342bebb9d,СБУ,115,В работе,2025-02-21,2026-01-25,Опер #47,Гр. Гончар 197,8
78514c82-8cb6-43d6-9349-5e6fa7b38a12,Прокуратура,296,В работе,2024-02-17,,Опер #41,Гр. Гончар 442,15
178498b2-7301-4b42-84af-cfb8380b070c,НПУ,309,Ожидание экспертизы,2020-07-14,2020-11-27,Опер #153,Гр. Иванов 940,3
b11a6dca-7021-442f-9f54-d51a34ca1a49,Прокуратура,121,На розыске,2023-09-13,,Опер #53,Гр. Сидоренко 197,15
a6234f37-6875-4191-bc27-2c91b180ff68,НПУ,187,Передано в суд,2023-11-13,,Опер #7,Гр. Иванов 574,12
abdc8901-8980-443a-8d8c-982b02fb0d4b,НПУ,263,Закрыто,2023-08-03,2023-09-06,Опер #28,Гр. Коваленко 601,7
848b922e-e491-42cd-b965-f725ea3b2988,Прокуратура,263,На розыске,2025-01-25,2025-02-25,Опер #179,Гр. Петров 221,1
d2042da7-655d-428b-b71b-08f948639c91,НПУ,121,Ожидание экспертизы,2020-05-20,,Опер #69,Гр. Коваленко 562,2
1b43f09a-4e86-4b0c-8d14-a5c647f7e29b,СБУ,296,Закрыто,2022-03-14,2022-10-25,Опер #69,Гр. Иванов 212,0
3e846be4-518e-4664-b7c4-c99359759d63,СБУ,307,Закрыто,2020-08-27,2020-08-31,Опер #25,Гр. Петров 894,4
c2d6402f-ad05-4170-8883-fdee6f0245aa,СБУ,115,В работе,2025-10-03,,Опер #154,Гр. Коваленко 680,0
66c1f922-deea-46c5-ac69-506cede404e2,Прокуратура,194,Закрыто,2020-09-28,2021-03-13,Опер #8,Гр. Петров 367,8
578074c1-dcdb-4a7c-8b80-9a97eeb020e6,СБУ,289,Закрыто,2024-06-04,2024-12-03,Опер #115,Гр. Петров 765,14
a5954683-ad5b-4259-96cd-fe0f8f11dcdd,СБУ,185,Ожидание экспертизы,2023-09-30,,Опер #178,Гр. Петров 838,15
0bf17881-6857-405c-8ea9-bd5e53f0a924,Прокуратура,307,Закрыто,2020-08-12,,Опер #99,Гр. Петров 717,12
edfce619-6328-47fa-a684-245678fa1cec,Прокуратура,115,Ожидание экспертизы,2023-06-08,2024-03-28,Опер #101,Гр. Гончар 438,13
8babd67b-7f25-411f-92fe-d356facc090f,НПУ,263,Передано в суд,2025-06-17,2025-11-29,Опер #143,Гр. Петров 372,14
384b98d9-36f3-4795-a72e-380d6581daa3,НПУ,121,В работе,2022-10-02,2023-06-19,Опер #147,Гр. Иванов 541,13
21390b74-e283-4d67-9f95-ca9d4916fb29,СБУ,115,На розыске,2021-03-01,,Опер #122,Гр. Коваленко 505,5
314a4548-0447-48ad-adcb-8ba3895b836b,СБУ,194,Ожидание экспертизы,2024-02-18,,Опер #81,Гр. Мельник 458,10
d627d801-6cca-4c61-b75e-0aca6903d431,СБУ,263,Ожидание экспертизы,2020-11-03,,Опер #38,Гр. Коваленко 857,3
57398cd4-4666-4757-b4be-6b163abaa789,НПУ,309,Ожидание экспертизы,2025-02-12,,Опер #166,Гр. Иванов 820,1
b2da6a76-1ad6-40a8-9c0a-b5df3bfc9e70,НПУ,296,Ожидание экспертизы,2023-10-25,,Опер #161,Гр. Иванов 657,6
59a9be21-9928-40ef-a012-30eb04e503f3,Прокуратура,194,Ожидание экспертизы,2021-06-08,2022-06-22,Опер #196,Гр. Коваленко 856,4
b8bbc56c-591c-436a-9475-89307279be66,НПУ,115,В работе,2020-10-19,2021-09-23,Опер #38,Гр. Петров 390,6
682a5aa0-65c1-4296-9172-e7bd934b5a0a,СБУ,187,Ожидание экспертизы,2024-09-26,,Опер #63,Гр. Иванов 434,3
f9720962-33ac-4ea9-8eb8-6f76bb1b8d9f,Прокуратура,307,Ожидание экспертизы,2025-05-07,2026-02-17,Опер #81,Гр. Коваленко 573,2
5d2baca4-93bd-45d4-85ad-d4a7ef38d28b,НПУ,194,Ожидание экспертизы,2023-09-20,,Опер #131,Гр. Гончар 684,3
f4d921e0-0d1b-4873-973a-08935f0607b9,СБУ,185,На розыске,2023-08-21,2024-05-23,Опер #176,Гр. Сидоренко 873,10
ad7b9eb7-0017-49c0-b9f0-74c073223991,НПУ,187,В работе,2025-02-03,,Опер #195,Гр. Сидоренко 383,14
06f66568-4e10-4f98-8829-5d633ba70eed,СБУ,194,Ожидание экспертизы,2020-09-14,,Опер #72,Гр. Мельник 165,4
b06085a6-ca46-4fac-bcb7-ec60f2f3dca8,СБУ,115,Ожидание экспертизы,2024-04-29,,Опер #200,Гр. Сидоренко 631,7
2bf607e9-24b6-442f-a62d-9f235d9a13c2,Прокуратура,185,Передано в суд,2023-06-12,,Опер #116,Гр. Иванов 772,2
a628e1d2-3a9d-44f7-ab5c-21c1165d3940,Прокуратура,121,Ожидание экспертизы,2023-12-19,,Опер #86,Гр. Сидоренко 689,9
b1f3bdd2-fea7-48b5-a040-da242432e85f,НПУ,121,Передано в суд,2024-05-06,2025-01-10,Опер #67,Гр. Гончар 582,10
e3def1ce-4a5e-4c29-b4a0-08f7e837a66e,СБУ,121,Закрыто,2023-11-10,2024-06-24,Опер #158,Гр. Гончар 599,2
ca0d5630-cbb2-4743-b72d-036b6406f6fb,НПУ,115,Передано в суд,2025-09-25,,Опер #71,Гр. Иванов 171,6
ecdc257c-e746-4d08-8e95-c065d88f9e4f,СБУ,194,Ожидание экспертизы,2025-01-05,2025-08-19,Опер #80,Гр. Иванов 554,7
c8d87dbe-95a7-4015-a863-f2ce13b2cf95,Прокуратура,121,В работе,2020-04-27,2020-05-07,Опер #192,Гр. Коваленко 584,0
0233192c-aa2f-4a0e-8a50-0227c0aace23,Прокуратура,121,Передано в суд,2022-02-09,,Опер #188,Гр. Мельник 379,4
510cb1ca-5cc2-407e-81a1-00d83061a788,НПУ,115,На розыске,2022-02-27,,Опер #11,Гр. Гончар 193,9
5b9e9978-e856-4997-b74a-135fcdf0fb6b,СБУ,187,На розыске,2023-02-23,2023-12-15,Опер #39,Гр. Петров 739,4
915a9130-cf7a-4343-948d-1c4460d0df3a,НПУ,121,Передано в суд,2022-04-15,,Опер #27,Гр. Мельник 651,6
223c1cc1-cde8-4373-adf9-db68949b9a9f,НПУ,185,В работе,2022-01-24,2023-02-18,Опер #126,Гр. Иванов 193,4
45b173c1-3ecd-4f4f-8741-4fc0164f7900,Прокуратура,194,Ожидание экспертизы,2023-05-12,2023-11-24,Опер #2,Гр. Мельник 853,2
a4daa4df-2a2c-4ca4-9596-0f4e8f049d00,НПУ,194,Закрыто,2024-11-23,2025-04-08,Опер #121,Гр. Мельник 500,13
4ee560b2-47b7-423c-ac29-614feb3fe1c4,НПУ,263,Закрыто,2023-09-26,,Опер #90,Гр. Мельник 982,0
339d48fe-220b-4027-8707-af48099c6069,СБУ,121,На розыске,2023-11-01,,Опер #58,Гр. Гончар 399,0
be172294-3b25-40e1-bc8d-507430457a79,Прокуратура,296,Ожидание экспертизы,2025-01-29,,Опер #170,Гр. Мельник 409,14
2a5115f6-5cd6-4fe1-8d0a-0bbaa954d555,НПУ,185,Передано в суд,2025-09-22,2025-12-15,Опер #109,Гр. Иванов 802,13
6ee72b98-377e-4fb1-bf1c-809ce26020dd,НПУ,289,Ожидание экспертизы,2021-01-28,2021-10-27,Опер #148,Гр. Гончар 149,6
91bc6984-6d77-4e8a-9191-ce20725277a8,СБУ,187,Ожидание экспертизы,2025-07-04,2026-06-29,Опер #117,Гр. Петров 761,1
0935f190-9a1c-4589-9898-8bdacd98b3ee,СБУ,309,В работе,2020-10-31,,Опер #134,Гр. Сидоренко 761,7
8f34f3df-8611-471f-a0f0-fc971d6ca1be,НПУ,115,Ожидание экспертизы,2022-08-16,2023-02-08,Опер #182,Гр. Мельник 193,7
063b8639-b619-4881-90d9-23cd4546c4b5,Прокуратура,121,Закрыто,2023-09-26,,Опер #86,Гр. Петров 456,2
22214614-cc72-41bd-968c-a0fa5d04cd20,НПУ,187,В работе,2020-02-19,2021-02-24,Опер #120,Гр. Коваленко 271,0
c4e936c2-9341-41c6-a25a-08b82ebf2356,Прокуратура,115,В работе,2024-12-25,2025-06-04,Опер #146,Гр. Гончар 935,2
710359d9-3fa3-480c-81bd-22229d55ca9f,СБУ,121,Закрыто,2020-09-30,,Опер #25,Гр. Иванов 870,10
e72f1d51-7815-4dca-ae30-407001bf5aa0,НПУ,307,В работе,2023-04-04,2024-03-17,Опер #86,Гр. Сидоренко 613,4
bccea6a7-0d63-4ef5-aa2c-9df056c1c3d8,СБУ,309,Закрыто,2023-07-03,,Опер #130,Гр. Мельник 960,11
388cb6ff-cb59-4afd-b403-47175c2b514b,СБУ,121,Передано в суд,2022-12-04,,Опер #121,Гр. Гончар 511,2
90ab2797-cc92-4f33-a061-c6102e094ae2,НПУ,309,Ожидание экспертизы,2025-10-21,,Опер #36,Гр. Иванов 379,15
8ed781d2-6c0e-446b-9af2-683055348581,СБУ,185,В работе,2025-03-12,2026-01-10,Опер #141,Гр. Гончар 253,9
7149b6f1-8387-440b-985a-0c930f15a057,СБУ,185,Ожидание экспертизы,2020-10-05,,Опер #114,Гр. Мельник 719,7
3d87e02b-1091-41fc-afde-32caeba1858b,Прокуратура,185,Закрыто,2020-01-29,,Опер #172,Гр. Иванов 675,12
84fa7ba5-209f-42cf-8a41-c022e419a604,Прокуратура,185,Передано в суд,2025-05-07,2025-11-06,Опер #112,Гр. Петров 381,15
88d6bf59-e9df-4da2-a632-efcd0305bd03,НПУ,296,Передано в суд,2023-05-16,2024-04-01,Опер #74,Гр. Сидоренко 896,8
f927b3bd-0cb3-4c07-9a18-c0a96717bbe1,СБУ,263,Ожидание экспертизы,2022-05-27,,Опер #32,Гр. Иванов 401,5
7a74d41d-482f-4f28-b4ee-e83a84f26b15,Прокуратура,185,Ожидание экспертизы,2024-10-22,,Опер #157,Гр. Иванов 783,0
8a48d827-e191-472b-8593-751c1dbfc6cc,НПУ,115,Передано в суд,2020-08-12,2020-08-25,Опер #154,Гр. Гончар 436,11
911e358e-6e73-4fd9-970c-27819d967064,НПУ,194,Ожидание экспертизы,2022-10-20,2023-10-20,Опер #8,Гр. Петров 371,5
14f3ecfc-8347-4d68-8691-89c003e76aae,НПУ,194,Передано в суд,2025-02-28,,Опер #54,Гр. Коваленко 845,9
974262d7-b871-4a3d-958c-269cb40c813a,НПУ,263,На розыске,2025-01-22,,Опер #17,Гр. Иванов 584,5
aa50ada4-4737-47a5-956a-c983c427f4e5,НПУ,309,В работе,2022-06-07,2023-03-02,Опер #82,Гр. Петров 689,9
a7a3d2d7-4b73-48a3-9a26-3474193d709e,НПУ,307,Передано в суд,2021-07-08,,Опер #9,Гр. Сидоренко 637,8
3162e98e-d063-42df-8f43-418ea23abf3c,НПУ,296,Передано в суд,2022-08-24,2022-12-23,Опер #165,Гр. Сидоренко 590,13
da3cdbab-8310-4ecb-9217-bb41dd0449a2,СБУ,263,Ожидание экспертизы,2024-06-16,,Опер #148,Гр. Петров 337,3
8baf6fe1-2621-462c-a1aa-f6734ccac11a,СБУ,289,На розыске,2020-06-29,2020-09-10,Опер #160,Гр. Коваленко 832,12
c6f5c064-41e1-4a16-a16a-bdf33ca37f4a,СБУ,309,Ожидание экспертизы,2025-11-16,,Опер #80,Гр. Гончар 449,8
b8dda2a3-31ab-4280-9f1d-eecc3a3b72e9,НПУ,309,На розыске,2024-10-26,2025-01-29,Опер #150,Гр. Петров 284,14
4472a9a0-0f5b-4931-90aa-4472f3100dc9,СБУ,194,На розыске,2020-09-12,2020-09-21,Опер #2,Гр. Петров 154,9
ebc0f4a7-5e2d-48c5-88d8-96425d5d5d12,НПУ,289,На розыске,2025-03-21,2025-06-23,Опер #135,Гр. Иванов 739,14
8316bb1b-56d3-4206-aafb-6ba2e3163c3b,СБУ,185,Ожидание экспертизы,2023-03-03,2023-09-26,Опер #21,Гр. Иванов 146,11
3065cc3b-d178-4d95-af46-a43c5b33a584,СБУ,121,Закрыто,2023-11-28,,Опер #93,Гр. Гончар 987,3
32075136-15f2-4018-901d-0deb363972bd,НПУ,187,Закрыто,2024-03-12,2024-08-08,Опер #28,Гр. Сидоренко 836,6
4f492fdc-a529-40d5-8b12-9348f168e814,НПУ,309,В работе,2023-01-28,,Опер #187,Гр. Коваленко 868,1
c1238452-0b03-496d-ad11-0f91fe54bd7f,НПУ,194,Закрыто,2020-03-25,2020-12-14,Опер #81,Гр. Петров 411,9
bb4cde20-d30c-4c82-a8af-775ebc925a44,Прокуратура,187,Закрыто,2022-10-09,,Опер #173,Гр. Коваленко 258,6
ed4cbae0-6278-423d-8b80-95e3f44b420f,Прокуратура,263,Закрыто,2021-04-06,,Опер #146,Гр. Коваленко 765,7
ac0353bc-258f-48a2-9ec3-3e7dc040e635,Прокуратура,115,На розыске,2020-02-14,,Опер #127,Гр. Петров 387,10
cbe65d02-7d35-4df7-9b4b-c640dc843f74,НПУ,185,В работе,2022-04-11,,Опер #129,Гр. Иванов 613,3
30dd0e79-1dde-4216-a4fa-3382132398ca,Прокуратура,115,Передано в суд,2024-11-02,2024-12-24,Опер #199,Гр. Гончар 456,15
e4032fd1-7afd-400c-b187-b212ac5316ad,НПУ,263,Передано в суд,2023-05-28,2024-05-07,Опер #173,Гр. Коваленко 734,2
cce65325-df8b-48ae-b964-9038a4b5c42c,СБУ,296,На розыске,2021-04-17,2021-10-22,Опер #70,Гр. Иванов 469,9
d912f975-bdd6-46fa-aecb-3dc28bfd5cd6,НПУ,121,На розыске,2022-08-25,,Опер #179,Гр. Коваленко 149,9
145658df-6f4f-4bc0-b48b-447750bd7cbb,СБУ,309,В работе,2025-05-18,,Опер #138,Гр. Коваленко 392,13
fdf17e01-caf3-410a-b683-bdad280251de,НПУ,194,На розыске,2025-08-10,,Опер #65,Гр. Гончар 883,4
cb96bb69-a041-410b-bf64-1c45cd3f7dc6,СБУ,185,Закрыто,2025-04-07,2026-01-04,Опер #128,Гр. Сидоренко 680,14
b337cdb6-81b9-40b3-8f33-ac9bb12b3a28,Прокуратура,115,В работе,2020-11-25,,Опер #98,Гр. Петров 281,5
44a5adaf-2c00-4b71-a101-fc444c43a528,НПУ,115,Ожидание экспертизы,2021-08-04,2022-01-19,Опер #165,Гр. Иванов 678,6
37c66b87-0fa5-4492-ad48-6a430dbe27bf,Прокуратура,115,Ожидание экспертизы,2023-03-16,,Опер #71,Гр. Мельник 243,15
aa0f4833-0247-412b-82d2-53c77ab89276,НПУ,115,Передано в суд,2025-02-21,,Опер #189,Гр. Иванов 444,8
bce28dd8-d10e-4003-b7d5-f426ab4be92b,Прокуратура,296,В работе,2022-12-25,2023-12-13,Опер #123,Гр. Мельник 406,14
c2a4812d-6f37-4b49-87c6-9f6d60ef06d6,НПУ,194,Закрыто,2024-08-13,,Опер #82,Гр. Коваленко 364,4
cbaeb92b-7135-4b87-8ebb-f1c601e35126,СБУ,307,На розыске,2025-02-11,,Опер #104,Гр. Коваленко 724,15
2c1d612c-8dd5-458c-a663-0f98c7ad3fb0,НПУ,307,Закрыто,2025-07-01,,Опер #190,Гр. Мельник 109,1
0d098b3f-ae8d-4d35-8d7c-b5f6d270a570,НПУ,309,Ожидание экспертизы,2022-08-11,2023-02-17,Опер #11,Гр. Коваленко 825,15
2ae3eb76-15f9-4396-b615-09ac7377f3d5,СБУ,187,Передано в суд,2020-02-29,,Опер #108,Гр. Мельник 752,2
69612dc2-6cfc-4afd-bcd4-7823bdae0a9a,Прокуратура,289,На розыске,2024-09-05,,Опер #52,Гр. Иванов 680,1
a48da849-0bcd-4700-870c-f13ee6c3cf35,Прокуратура,307,На розыске,2022-03-18,2023-01-04,Опер #5,Гр. Сидоренко 505,7
5e34d890-4fba-4d11-923d-bfd34212a7e2,СБУ,309,На розыске,2021-07-06,,Опер #190,Гр. Мельник 302,1
eb04585c-0366-4c48-ad35-45084e30d149,Прокуратура,115,Передано в суд,2022-05-19,2023-04-12,Опер #156,Гр. Мельник 734,4
1140fdec-7956-4b05-9ad1-24cdf6dbd3fa,Прокуратура,307,Закрыто,2024-01-13,2024-11-16,Опер #174,Гр. Сидоренко 938,12
fb2802f7-20fe-40aa-a15d-530bf43ada82,НПУ,263,Закрыто,2022-04-10,,Опер #17,Гр. Иванов 586,0
88296379-a104-4c8b-b791-7532bf5f7d90,НПУ,121,Закрыто,2022-11-03,,Опер #147,Гр. Мельник 863,8
4ff80ad3-bc76-419d-815f-80db9eeef18e,Прокуратура,263,В работе,2025-05-03,2025-06-15,Опер #122,Гр. Коваленко 306,10
80360376-1632-49c5-9cd1-758f64b38b08,Прокуратура,309,Ожидание экспертизы,2021-07-27,2021-12-01,Опер #132,Гр. Коваленко 612,10
b09d5822-a806-45d5-9b8f-f39b6b1afea0,НПУ,289,Закрыто,2020-06-13,2021-06-20,Опер #174,Гр. Коваленко 879,12
599637ee-2313-4abf-8f27-0650a6fe9484,СБУ,309,В работе,2025-11-02,2026-11-29,Опер #195,Гр. Мельник 633,14
24b89df8-b660-4771-8d29-3aed9b3c3f7e,Прокуратура,194,В работе,2022-09-04,,Опер #176,Гр. Гончар 823,9
07fbb88c-d9b4-436e-953f-9c2743799b5d,Прокуратура,289,В работе,2024-05-04,2024-11-03,Опер #96,Гр. Петров 599,1
7616e640-6133-40ea-b33a-fa55da1c944d,НПУ,307,Передано в суд,2024-11-29,,Опер #138,Гр. Мельник 262,14
259d2054-2713-43f6-975a-6d9055f06c69,СБУ,263,Ожидание экспертизы,2022-05-07,,Опер #177,Гр. Мельник 839,14
96802e6f-3167-4ecf-97bd-518c00443ad6,Прокуратура,194,Закрыто,2022-03-24,2023-03-27,Опер #151,Гр. Мельник 320,10
e3594b76-d42f-424d-bd3f-848234e40b48,СБУ,121,Закрыто,2023-07-23,2023-12-15,Опер #120,Гр. Сидоренко 242,10
11cae85e-1b53-4c78-87dc-cd9d3a36bbf8,НПУ,115,В работе,2024-06-14,,Опер #9,Гр. Гончар 787,15
f9590973-f81d-494a-922c-d1eb871d21e4,Прокуратура,187,Ожидание экспертизы,2020-01-17,2020-05-03,Опер #59,Гр. Коваленко 470,11
17c4ad7b-f279-4afe-abce-b16b3e2172b2,Прокуратура,115,На розыске,2024-05-27,,Опер #191,Гр. Коваленко 915,4
bf50ecd4-1b4d-4fb6-86c5-790a0270e3d0,НПУ,309,Ожидание экспертизы,2021-03-24,,Опер #152,Гр. Иванов 743,11
acf55e15-fe27-4d14-b6cd-c0f98a280e5e,НПУ,296,На розыске,2020-12-04,,Опер #195,Гр. Петров 554,6
58108cc6-6b19-483b-897d-9d0c6c73520a,СБУ,309,Передано в суд,2025-02-18,,Опер #126,Гр. Коваленко 724,12
07439691-f4aa-4a92-b5ce-5a7101a73054,СБУ,263,Закрыто,2025-11-28,,Опер #172,Гр. Петров 599,0
93f402fe-552a-46e8-a7e4-a9870e33ad89,Прокуратура,309,В работе,2020-10-15,,Опер #115,Гр. Сидоренко 819,11
3b3c45c7-794d-431f-a6cb-e33dc3cf28d6,НПУ,187,Ожидание экспертизы,2024-10-21,2025-05-06,Опер #99,Гр. Петров 316,2
fd9cae2e-b209-44ad-91de-d05bc6b04db7,НПУ,121,Закрыто,2020-04-22,,Опер #166,Гр. Мельник 326,12
f19dae28-2882-4c3f-91e7-1cbcda0e85bf,НПУ,187,На розыске,2024-02-17,2024-05-11,Опер #80,Гр. Сидоренко 284,2
40890390-aad3-40f5-97d9-fd9ce7d8be17,НПУ,121,В работе,2022-11-17,2023-10-01,Опер #90,Гр. Коваленко 945,3
91afa7b7-ea94-4f85-bd45-86c42241b24d,НПУ,296,На розыске,2023-09-08,2023-09-25,Опер #182,Гр. Сидоренко 253,3
e950d5b2-afc5-4ca5-8879-41fbc9f899de,Прокуратура,185,На розыске,2021-10-30,,Опер #127,Гр. Иванов 167,8
8305c018-b255-405d-b15c-c8e3719e0c07,Прокуратура,115,Передано в суд,2023-05-09,,Опер #11,Гр. Коваленко 284,9
112e2ed5-5cde-4ad9-baa2-071960f9fa4d,НПУ,289,Передано в суд,2025-09-01,,Опер #52,Гр. Иванов 391,7
b3713d7e-0cd8-4688-bd8d-e15ae7b420ad,СБУ,263,В работе,2024-01-23,2024-08-28,Опер #93,Гр. Коваленко 180,2
d4dcfda7-4bb6-4e92-bbb8-87ff3c695a0a,Прокуратура,194,На розыске,2025-08-20,2026-08-16,Опер #199,Гр. Петров 253,15
b377b24b-8d92-4fa6-8c26-4c13aa8686a8,Прокуратура,263,На розыске,2020-09-29,2021-05-27,Опер #133,Гр. Иванов 298,12
bec5f1e0-833e-4cd2-9f72-db27ce6bf1a4,СБУ,115,В работе,2023-05-05,2023-12-01,Опер #107,Гр. Петров 743,0
164aeda8-f648-403a-8f4b-cfa5639b7588,Прокуратура,115,Передано в суд,2022-05-24,,Опер #23,Гр. Иванов 878,15
2706307d-f762-4016-8059-d57f941af729,НПУ,289,Передано в суд,2025-02-27,,Опер #163,Гр. Коваленко 153,15
c4c24102-27a4-4de2-8fb8-839566dd86d1,СБУ,296,Закрыто,2022-06-08,2023-03-28,Опер #162,Гр. Коваленко 472,3
1635058f-bf4d-40c4-bc1c-f51bb1606077,НПУ,187,В работе,2023-09-14,,Опер #50,Гр. Коваленко 434,4
15bd1245-82db-4ec1-9d31-1bc9c8f18609,СБУ,296,Передано в суд,2022-04-09,2022-08-29,Опер #197,Гр. Сидоренко 238,2
a566496f-eead-473f-b274-b7f5f069a977,Прокуратура,307,Закрыто,2020-07-28,,Опер #99,Гр. Гончар 711,0
d9d6c87d-944a-45da-88fe-9c6a8508649c,НПУ,185,Закрыто,2024-08-13,,Опер #5,Гр. Сидоренко 936,2
e4c1c8a7-f727-4550-a194-dddeb4be7fb2,НПУ,121,В работе,2023-10-04,,Опер #30,Гр. Сидоренко 107,5
9aec64af-0ec1-48de-b312-e5038060341f,НПУ,307,Передано в суд,2022-09-25,,Опер #85,Гр. Коваленко 678,3
160b501e-4929-4c82-b514-77239489f5e9,СБУ,289,На розыске,2020-02-04,,Опер #28,Гр. Сидоренко 626,6
35688b99-ad34-46c8-a47a-1f59a9425a41,СБУ,121,Закрыто,2022-06-11,,Опер #100,Гр. Гончар 331,9
d097d87d-a665-4639-96a3-a55f22d9e14d,СБУ,115,В работе,2020-12-25,2021-10-20,Опер #108,Гр. Гончар 988,10
25636758-e1de-4174-97ee-1bbf687081eb,НПУ,194,Передано в суд,2020-01-14,,Опер #68,Гр. Иванов 968,4
cd93ea44-3919-4299-9997-c8fd2fd05455,НПУ,185,В работе,2025-07-05,2026-05-10,Опер #180,Гр. Коваленко 881,4
3acdfc5d-cda9-4333-a3f0-3d5fa3e365ba,Прокуратура,194,Закрыто,2020-10-01,,Опер #105,Гр. Петров 215,11
a81cc578-fd83-4ca1-9324-75dd10914ab7,Прокуратура,296,В работе,2023-11-12,2024-03-04,Опер #85,Гр. Гончар 439,0
1bfa1946-cf24-4076-a772-43e9caf9109c,НПУ,263,В работе,2021-08-31,,Опер #44,Гр. Гончар 557,8
3b900b4f-b10e-492b-b5dc-3084b6bf3619,НПУ,289,В работе,2021-02-28,,Опер #157,Гр. Петров 449,10
21639832-3613-4985-a24e-0a6dbd569729,НПУ,185,Передано в суд,2021-03-02,,Опер #97,Гр. Гончар 522,14
1320aea0-1528-47a0-ad8f-7e2234f35df6,Прокуратура,289,Ожидание экспертизы,2021-01-20,,Опер #115,Гр. Сидоренко 412,14
1456ac4e-7179-4cfb-9310-27d55fa2a8bd,Прокуратура,187,В работе,2025-03-04,,Опер #87,Гр. Гончар 918,2
21dc451d-2f10-404b-86e9-954e2b716cac,Прокуратура,187,На розыске,2022-07-19,,Опер #53,Гр. Сидоренко 573,11
afc17b99-c680-4742-9a76-443614f97f7a,Прокуратура,185,Закрыто,2022-05-26,2023-02-17,Опер #68,Гр. Петров 753,5
3838d4c2-e307-47f7-9282-354a06a6e107,СБУ,296,В работе,2024-09-02,,Опер #163,Гр. Коваленко 186,3
3d817fd0-7132-49cd-b016-e1799a5572a8,Прокуратура,309,На розыске,2022-02-02,,Опер #178,Гр. Мельник 432,2
9f4ca15f-df47-4407-b1d4-05074d07be1e,СБУ,289,В работе,2022-12-15,2023-11-19,Опер #112,Гр. Петров 777,0
0136f7b4-0908-40ba-a4c6-43fb4ab7ad6f,НПУ,289,В работе,2024-05-10,,Опер #65,Гр. Мельник 696,11
601ee031-5cf3-448e-9205-eb67cf9b3d2a,СБУ,194,На розыске,2020-01-08,2020-11-05,Опер #197,Гр. Коваленко 813,6
73898fba-334e-4d12-a187-af19c157d501,Прокуратура,263,Передано в суд,2021-09-26,,Опер #62,Гр. Иванов 262,13
08d339a7-362e-42ad-84db-3caebc5a3de1,НПУ,194,Закрыто,2023-12-06,2024-10-07,Опер #87,Гр. Петров 523,6
ec8cbbb4-7f45-4345-bc53-07ccf8f6a96c,СБУ,185,На розыске,2020-08-20,,Опер #141,Гр. Мельник 125,2
937317a0-0ff6-4be4-8bbd-0e1159c566f4,Прокуратура,289,Передано в суд,2025-05-03,,Опер #95,Гр. Иванов 262,7
2acb306a-684d-4755-a1de-b4e9ea176cec,НПУ,187,Передано в суд,2025-05-16,,Опер #33,Гр. Мельник 131,1
51d69655-c2b8-4230-a233-5765c6f67440,СБУ,309,На розыске,2024-12-04,2025-04-09,Опер #122,Гр. Мельник 893,5
da6fedf8-d56a-458e-b00d-035a51bbc625,НПУ,121,Передано в суд,2022-05-20,2022-12-03,Опер #42,Гр. Петров 784,5
8d1ab259-ba6d-44f9-8afd-416137b0724d,СБУ,121,Закрыто,2025-11-13,2026-11-02,Опер #50,Гр. Коваленко 172,8
2fc82e97-1b8b-4d77-a3f3-2278dbaa76d1,НПУ,296,Ожидание экспертизы,2025-10-22,,Опер #31,Гр. Коваленко 772,3
f5e80867-2c2a-4480-9d77-83f13feb10fa,НПУ,289,Ожидание экспертизы,2021-07-15,,Опер #81,Гр. Коваленко 986,2
73bc73d7-3498-4a7e-8c2b-2af1400d8243,НПУ,307,В работе,2021-01-19,2021-10-14,Опер #12,Гр. Гончар 801,0
042ba0ab-610b-45dc-8aac-065048e607bc,НПУ,309,Закрыто,2020-06-05,2020-12-08,Опер #52,Гр. Сидоренко 292,8
b25892e1-b923-4794-83b9-6af0be55c7de,НПУ,187,Передано в суд,2024-07-29,,Опер #189,Гр. Сидоренко 625,15
f5a5e697-08da-46d1-9905-8bfa713b21d3,Прокуратура,194,Ожидание экспертизы,2020-10-21,,Опер #147,Гр. Сидоренко 352,3
14c66314-7c6e-43ec-9de4-6367fe736efc,Прокуратура,309,Передано в суд,2020-04-30,,Опер #195,Гр. Мельник 875,15
3b953e8a-84d9-469b-8701-8fa41edb8244,Прокуратура,296,Ожидание экспертизы,2025-07-16,2026-06-23,Опер #145,Гр. Сидоренко 784,8
3a551b79-f3d6-41de-9ad4-4319474197d8,СБУ,289,Закрыто,2020-06-03,,Опер #78,Гр. Сидоренко 481,4
f9885e94-62ec-4443-b047-2cfb716119f2,НПУ,194,Передано в суд,2020-11-26,,Опер #67,Гр. Иванов 838,15
4fd675d6-67e2-4f92-9bc1-125d15055ad9,Прокуратура,185,Закрыто,2024-08-24,,Опер #107,Гр. Мельник 351,0
ddcfa95e-f9b2-4e60-82f9-814b43b883b6,СБУ,307,В работе,2022-10-14,2022-12-26,Опер #109,Гр. Сидоренко 889,10
d8853236-0fdb-4ce0-85ff-46c50d21922f,Прокуратура,296,Передано в суд,2023-12-12,2024-05-03,Опер #73,Гр. Гончар 458,2
50fcb73a-2fb7-4b82-9cbf-970fd54266d7,НПУ,263,Передано в суд,2020-11-30,2021-07-13,Опер #80,Гр. Сидоренко 472,9
25dc1bf9-4728-4cc8-a6cd-a46d4af16336,СБУ,309,Ожидание экспертизы,2024-11-29,,Опер #77,Гр. Иванов 787,13
874e5233-9fb9-4ab3-9373-513c9beae310,СБУ,289,Закрыто,2023-12-15,,Опер #48,Гр. Мельник 151,8
12c9de16-14ba-472d-b324-4fbced7c539a,Прокуратура,121,Передано в суд,2021-11-15,,Опер #137,Гр. Гончар 249,0
339713f4-3319-4efe-88ae-6da4e0ded094,НПУ,121,Передано в суд,2023-09-08,,Опер #70,Гр. Сидоренко 329,4
e220abce-fcb1-4579-aacd-801f9200f4eb,СБУ,187,Передано в суд,2021-04-19,,Опер #176,Гр. Петров 934,10
e2d28c76-4e10-40bc-8bd9-581e8a2c1bca,Прокуратура,307,В работе,2024-08-14,2025-08-30,Опер #95,Гр. Коваленко 570,14
2ae8b34f-333d-4546-b845-8840e0ac1bb1,Прокуратура,263,Закрыто,2023-05-09,2023-10-26,Опер #70,Гр. Гончар 820,14
e194fc9b-ef75-4085-bda9-ca6feb5abe1d,НПУ,289,Ожидание экспертизы,2022-06-12,,Опер #66,Гр. Иванов 491,12
436fbb63-5d69-4b21-a888-f23e7a415bdd,СБУ,296,Закрыто,2024-11-24,2025-07-02,Опер #31,Гр. Гончар 638,7
9b715a51-2b77-45f5-9e08-dd483f5fdb21,Прокуратура,185,Передано в суд,2020-04-08,,Опер #22,Гр. Коваленко 468,4
660656fc-8140-48cb-bcfa-5d288f2b8f6b,Прокуратура,121,Закрыто,2022-10-28,,Опер #38,Гр. Сидоренко 539,3
b16bafdf-baf6-4d44-ab16-438a68cf27bb,Прокуратура,296,Закрыто,2022-10-02,,Опер #24,Гр. Сидоренко 656,3
64dc8f9d-4ec7-46ef-a1de-1c6231a272d8,СБУ,187,В работе,2023-02-15,,Опер #139,Гр. Мельник 854,10
4fb33018-f7f2-44e3-a0e1-f82bd2212a01,Прокуратура,296,Ожидание экспертизы,2023-11-23,2024-01-24,Опер #156,Гр. Иванов 471,11
692aa2ae-53af-4ffa-9841-628a719501cd,Прокуратура,115,Ожидание экспертизы,2024-04-24,,Опер #144,Гр. Мельник 127,10
291c02f3-4be0-49c1-8e17-65276cb979c2,Прокуратура,187,Передано в суд,2020-07-17,2021-06-20,Опер #32,Гр. Сидоренко 442,12
6350cef3-e6be-4626-b689-92d2f3ec49aa,Прокуратура,296,В работе,2024-10-14,2024-11-06,Опер #121,Гр. Гончар 471,4
75ea94d1-8a9d-411e-b2f2-37b107c6b275,СБУ,289,Закрыто,2021-05-14,2021-11-18,Опер #121,Гр. Мельник 754,14
f83b4951-9206-4335-b2a7-63a117af2d51,Прокуратура,115,Ожидание экспертизы,2023-04-19,,Опер #177,Гр. Петров 899,1
a86269cb-c693-4a4b-bcd6-834e84a5ee21,НПУ,115,Передано в суд,2024-03-25,,Опер #65,Гр. Иванов 299,2
b328693e-ca0b-48f5-b276-a664ea23cf4b,Прокуратура,185,Закрыто,2025-05-05,,Опер #21,Гр. Коваленко 717,4
f8c2391f-dc5a-4739-88c7-a1077e08754a,НПУ,263,Передано в суд,2023-11-29,,Опер #176,Гр. Петров 916,4
e7369f7d-76a1-4507-9b61-c7a85a3d699b,НПУ,309,Закрыто,2020-07-10,,Опер #179,Гр. Сидоренко 765,12
9af58c29-1423-413e-94ab-88e329ae4716,Прокуратура,263,Закрыто,2020-11-05,,Опер #133,Гр. Иванов 622,9
1e8fafbb-3bae-49f0-8d62-0c729d2f9927,СБУ,307,Ожидание экспертизы,2025-09-12,,Опер #82,Гр. Коваленко 673,5
636e8497-fd51-4517-a70d-8b9f5aef07ba,Прокуратура,289,На розыске,2024-04-27,,Опер #128,Гр. Коваленко 112,15
7933350f-d73c-4208-9977-910510b48a5d,Прокуратура,115,Передано в суд,2024-11-11,2025-02-26,Опер #89,Гр. Коваленко 229,6
f8d161e7-99dd-44e0-9985-d88001f97f5d,Прокуратура,185,Ожидание экспертизы,2021-02-25,,Опер #160,Гр. Гончар 165,0
13443735-c144-4362-8fe7-dbf7c2ce703e,СБУ,185,В работе,2022-01-18,2023-02-19,Опер #96,Гр. Гончар 896,2
e3358a9e-d3e2-4e34-be5b-d77e17d9425d,Прокуратура,263,На розыске,2025-09-01,2025-09-07,Опер #182,Гр. Сидоренко 892,13
ac26249c-0934-4ce6-9c3d-452d42236f8a,Прокуратура,194,На розыске,2023-08-19,2024-01-28,Опер #166,Гр. Петров 467,9
757e3732-79aa-43c2-bb68-6a2affb1d727,НПУ,263,На розыске,2025-11-27,2026-03-23,Опер #82,Гр. Гончар 616,4
7f108858-e075-41f4-ac3c-f07e3db73e3d,СБУ,263,Передано в суд,2025-01-08,2025-12-17,Опер #22,Гр. Коваленко 540,11
21f22681-807f-4be3-8a56-4e3acee6b4c0,Прокуратура,296,В работе,2020-11-26,,Опер #149,Гр. Гончар 680,5
6fd3fe2c-1e21-4c7d-bdb2-1adcd5aade49,Прокуратура,185,На розыске,2023-01-14,,Опер #42,Гр. Сидоренко 145,6
8b514e72-eaf2-466f-aae2-7f497b146269,НПУ,289,В работе,2025-11-18,2026-09-19,Опер #184,Гр. Сидоренко 874,0
54284c86-e4e1-4f90-947d-969888c3919a,Прокуратура,307,Закрыто,2023-02-19,2024-02-21,Опер #94,Гр. Мельник 326,2
bc3aa508-4ce3-4cd8-b826-fed467828cfe,СБУ,187,В работе,2025-02-07,,Опер #72,Гр. Иванов 176,7
05da0559-99c2-4bbd-bc30-52fad01ffac0,Прокуратура,115,Закрыто,2025-10-16,2026-08-17,Опер #155,Гр. Коваленко 420,12
e64e44dd-c9bc-4d63-813f-39ba1e9e097a,СБУ,185,Ожидание экспертизы,2020-12-24,2021-05-27,Опер #156,Гр. Коваленко 629,14
82e2db20-b4ea-4f05-b47a-ddf1fbdee6b8,Прокуратура,187,На розыске,2021-03-03,,Опер #174,Гр. Гончар 732,13
f11d2d66-8be4-4926-a509-d580e713aa18,Прокуратура,307,Закрыто,2020-08-06,2020-12-15,Опер #150,Гр. Петров 932,15
fbddf6c7-6956-4c3f-a585-588fbcac8ecb,НПУ,115,Закрыто,2022-04-03,2022-06-05,Опер #62,Гр. Гончар 684,11
45632469-f21d-4971-ad9b-9bed0005600e,СБУ,263,Передано в суд,2022-04-02,,Опер #47,Гр. Иванов 907,13
5d693171-d48f-4a61-95dc-6a058d251165,СБУ,296,На розыске,2025-08-21,2026-09-20,Опер #9,Гр. Мельник 669,3
f306fbb2-1c89-44de-91a7-35a46838bad2,Прокуратура,121,Закрыто,2025-08-09,,Опер #192,Гр. Сидоренко 658,1
7bf0168c-1e9d-4b8e-b33d-38841c9a1b46,СБУ,121,Закрыто,2024-01-04,2024-08-27,Опер #1,Гр. Коваленко 688,3
bf77bcd7-6281-40a1-b707-08fecce576d0,Прокуратура,309,На розыске,2025-06-23,2025-06-25,Опер #85,Гр. Коваленко 352,3
591a65a9-826b-486a-957e-8fb555eb8b06,СБУ,296,Ожидание экспертизы,2025-02-15,,Опер #150,Гр. Иванов 720,13
da321157-756c-4514-aa57-a1c440daacfa,НПУ,263,Передано в суд,2023-01-22,,Опер #116,Гр. Коваленко 186,6
f90f17af-f9e3-4291-a9ed-246fd8aacf9b,СБУ,263,В работе,2024-03-20,,Опер #127,Гр. Сидоренко 234,5
e27b77ee-3778-4ee4-bf50-2b6b92abd63c,СБУ,289,Закрыто,2023-12-28,,Опер #62,Гр. Гончар 134,4
7f496a52-28d2-4fee-af55-f84f5cfbb333,Прокуратура,296,Закрыто,2024-08-09,,Опер #183,Гр. Гончар 565,8
11450913-b904-4b03-aef3-ae68853321ee,СБУ,185,На розыске,2022-10-06,2023-10-29,Опер #93,Гр. Гончар 151,7
a771d137-3dbe-44ae-8a47-ea5bf792fbde,НПУ,187,Передано в суд,2024-08-30,2025-05-16,Опер #3,Гр. Петров 585,8
8453a2e2-6a24-4c41-ac04-ede70ac8d47c,СБУ,194,Закрыто,2020-04-09,,Опер #149,Гр. Коваленко 121,12
5c10c5bb-2b19-49ef-9057-d5224bee4eee,Прокуратура,263,Закрыто,2025-07-26,2026-06-13,Опер #195,Гр. Иванов 988,13
f53e9203-9675-4f9b-81bd-37cc9d546ee2,Прокуратура,121,В работе,2024-10-23,,Опер #124,Гр. Сидоренко 272,4
1f2ae499-8dd8-4f3c-8f97-bc06a1697ad9,СБУ,187,Передано в суд,2021-05-01,,Опер #96,Гр. Мельник 739,7
55032c51-842a-46ae-a845-5f1953844e8f,СБУ,307,На розыске,2023-11-15,,Опер #75,Гр. Сидоренко 823,6
c574019c-0974-495b-b161-e57254d03624,НПУ,185,На розыске,2023-12-30,,Опер #30,Гр. Сидоренко 950,0
4b4241d7-524c-43b7-b054-a6cb1d944b49,НПУ,185,На розыске,2025-09-11,,Опер #193,Гр. Иванов 692,5
9fba9a72-6ba3-41c3-af10-e75f24898d3f,НПУ,121,Ожидание экспертизы,2024-09-13,,Опер #130,Гр. Петров 485,4
a0a94ebc-e568-42b8-b72b-63fb6fceb04f,СБУ,263,Закрыто,2022-05-18,,Опер #174,Гр. Петров 579,11
f155209c-e613-4d32-b552-9399529e4d04,СБУ,194,Ожидание экспертизы,2021-10-09,2022-01-10,Опер #168,Гр. Сидоренко 452,7
2f3067c5-f172-4ccd-95df-7f1e0f372b6e,СБУ,187,В работе,2024-07-05,,Опер #121,Гр. Иванов 477,6
1892826c-b50a-4c55-864b-7931989e4617,Прокуратура,121,На розыске,2021-03-16,2021-12-29,Опер #159,Гр. Коваленко 525,15
d223a110-ddde-46d2-9263-1f5b4f80bcef,НПУ,309,В работе,2020-04-29,,Опер #24,Гр. Коваленко 571,0
06ea0b30-a307-4042-9f2d-e959f678772d,НПУ,309,На розыске,2024-12-28,2025-10-30,Опер #185,Гр. Петров 846,2
2720f200-923f-4288-bc7e-df0553647092,НПУ,194,Закрыто,2025-07-19,,Опер #50,Гр. Петров 936,1
54a21a08-2fd0-46d2-9b4a-06ed193362d0,СБУ,121,Ожидание экспертизы,2024-05-12,,Опер #118,Гр. Гончар 341,4
80678f23-d6fe-40cc-a8c5-438ff9e30bdd,Прокуратура,121,На розыске,2020-09-12,,Опер #39,Гр. Коваленко 383,5
9faa6d1a-d734-4631-ad74-6d4e079f2c9f,СБУ,263,В работе,2022-10-21,,Опер #185,Гр. Сидоренко 452,10
8618e211-d11f-41fa-b33a-62118133f18d,НПУ,289,На розыске,2023-05-30,,Опер #126,Гр. Иванов 822,1
4d9da448-5708-4473-a95f-ee1005a53fa5,СБУ,263,Передано в суд,2024-11-22,,Опер #167,Гр. Сидоренко 125,14
f83aa542-7a9b-4326-af64-76fef05d650a,Прокуратура,194,Передано в суд,2024-11-24,2025-02-09,Опер #16,Гр. Коваленко 164,6
3d8547ef-b91a-4cf3-bfe4-bf73e13307e2,НПУ,185,Передано в суд,2022-10-29,,Опер #163,Гр. Иванов 767,9
632ee3e7-c469-486d-a7bb-0f87d1d577b6,Прокуратура,194,В работе,2023-07-07,2023-07-15,Опер #30,Гр. Мельник 883,2
d13ca54d-93c1-480f-bf18-92803149abeb,СБУ,185,Ожидание экспертизы,2020-04-13,,Опер #39,Гр. Мельник 623,2
6ff5b589-2382-4269-9800-a68496d4a64b,Прокуратура,289,Передано в суд,2021-05-17,,Опер #56,Гр. Мельник 628,0
4c16e009-e15b-4661-afe2-9c1c60f541ca,НПУ,185,Ожидание экспертизы,2024-07-19,2025-04-18,Опер #177,Гр. Петров 679,4
5a701786-ac99-4e4d-aeb4-0ca9fd73435e,НПУ,296,Закрыто,2021-05-10,,Опер #5,Гр. Сидоренко 697,15
31105d32-fb38-4e22-a71a-bbd0bd159f2b,СБУ,263,В работе,2024-02-04,,Опер #113,Гр. Мельник 623,5
b69bfdd3-f119-4726-8a0b-67bb4cef3db4,НПУ,263,Передано в суд,2022-06-27,2023-06-22,Опер #158,Гр. Петров 717,12
998fb28e-0407-4322-9f06-000007ab3b2a,СБУ,121,На розыске,2024-05-01,,Опер #22,Гр. Гончар 580,5
e8e7e018-3157-4a8d-b8c6-852fffd3af14,СБУ,187,Передано в суд,2024-07-19,,Опер #34,Гр. Сидоренко 297,10
43b45444-550a-4032-abbb-486f95bca8a5,СБУ,187,Передано в суд,2023-02-19,,Опер #131,Гр. Сидоренко 901,5
af863db2-6d30-4e7e-9dee-6a0689ad773e,НПУ,263,В работе,2024-04-24,,Опер #58,Гр. Иванов 119,14
de8fe5c1-c988-4f57-9389-5e4e6c0835d9,НПУ,115,На розыске,2024-06-09,2024-12-24,Опер #57,Гр. Сидоренко 166,8
65ba60cc-77d4-48a8-9ad1-f264b9f9bd1f,Прокуратура,185,Ожидание экспертизы,2023-10-22,,Опер #167,Гр. Гончар 497,12
f5c1ae6d-1d7b-409a-bbb8-b603549ab7ee,СБУ,187,Ожидание экспертизы,2022-07-05,2023-05-20,Опер #182,Гр. Иванов 559,6
53d0b92c-799f-4a27-b0f1-fdac5884e80a,НПУ,307,Закрыто,2020-03-30,,Опер #27,Гр. Петров 775,10
3f345389-df3e-4ffe-a7c4-e8b6bf98050f,НПУ,121,Передано в суд,2024-02-01,,Опер #109,Гр. Иванов 314,5
a6c3f58a-5b4d-465c-a0a5-f59e210b0445,Прокуратура,289,Закрыто,2025-01-02,2025-09-15,Опер #23,Гр. Петров 157,7
42732a24-994b-4c78-a7bf-a6c5a29d14d1,НПУ,187,В работе,2020-10-17,2021-02-11,Опер #31,Гр. Мельник 950,12
91b813b7-16b3-472b-89c7-ccbe4027b4c4,НПУ,263,На розыске,2020-03-22,,Опер #4,Гр. Гончар 362,7
23d4bcf4-1ff3-4028-8eef-d48632fc0be8,СБУ,185,Ожидание экспертизы,2020-10-04,2021-04-09,Опер #67,Гр. Сидоренко 597,8
b8682a7a-6830-4641-872b-4ab5f2db7927,СБУ,187,На розыске,2020-07-30,,Опер #67,Гр. Сидоренко 840,9
f1c0f12a-6679-48d2-8bbd-a27ae7bc39a8,СБУ,309,Закрыто,2020-04-10,,Опер #76,Гр. Иванов 947,2
97fb8cd1-c5fd-4cc2-9503-9c2ef141bb76,СБУ,263,Передано в суд,2021-07-14,,Опер #173,Гр. Сидоренко 176,8
7071d427-fb00-4d65-9847-16a6bacba804,НПУ,194,На розыске,2021-10-11,2022-02-01,Опер #186,Гр. Гончар 168,13
11f36519-671a-420b-9cb9-13f5788306e8,Прокуратура,194,Ожидание экспертизы,2020-06-22,2021-05-23,Опер #80,Гр. Коваленко 364,0
90cfb862-2eaf-4d85-a575-effec555b277,Прокуратура,187,Закрыто,2023-10-30,2024-08-07,Опер #19,Гр. Гончар 138,9
b4903e84-7eb5-4d9e-8f24-44c226c4591d,Прокуратура,263,Передано в суд,2020-06-21,,Опер #108,Гр. Гончар 354,7
67d97586-b104-4642-8beb-9738938982e9,СБУ,307,В работе,2022-01-12,,Опер #193,Гр. Иванов 225,14
e9efbfa8-bcdd-4c83-a49f-92cd68a91fa2,СБУ,187,Передано в суд,2020-02-20,2021-01-03,Опер #200,Гр. Мельник 880,1
a14ce93f-9b4d-45a0-acce-f4db6e805020,Прокуратура,263,Ожидание экспертизы,2020-08-22,2021-04-04,Опер #125,Гр. Сидоренко 160,7
1a0dc87b-69d4-4615-834f-9fd86439160a,Прокуратура,115,Закрыто,2024-11-17,,Опер #83,Гр. Гончар 282,7
3c458793-2b44-4e4f-a4a9-04103e058c60,СБУ,115,Закрыто,2022-05-25,,Опер #167,Гр. Коваленко 746,3
cfa1123c-55e0-4ff2-a210-54b7bd8a3c96,НПУ,309,В работе,2024-06-19,,Опер #131,Гр. Гончар 951,2
eb43baab-9eac-47b4-9802-d1c8a332784b,Прокуратура,263,Передано в суд,2023-08-14,2024-01-30,Опер #182,Гр. Петров 625,3
f14d1ab2-9256-4518-8eda-7a3ba7a28c3d,СБУ,289,Передано в суд,2022-02-22,,Опер #29,Гр. Петров 355,5
4f1617b4-d5d2-4152-8f18-798cab80d7d8,НПУ,309,Закрыто,2025-10-06,,Опер #154,Гр. Мельник 328,6
77d72763-6b27-4662-bdf0-f2a795ede6d8,СБУ,263,В работе,2022-02-10,2022-11-26,Опер #64,Гр. Коваленко 618,1
ac9dd9ff-96a0-406f-96ae-d831337a54f4,СБУ,296,Передано в суд,2023-06-14,,Опер #132,Гр. Иванов 590,4
a2cc2b24-edfb-411d-b90b-8b0d6dee1b9b,НПУ,296,На розыске,2020-10-16,2021-10-19,Опер #77,Гр. Гончар 522,14
12f2098b-087c-421d-897a-98c4eecda6ad,НПУ,185,Передано в суд,2024-01-25,,Опер #165,Гр. Сидоренко 353,14
4fff6b2e-4092-4a12-ab9d-9fc8c2885001,СБУ,307,На розыске,2025-06-14,2026-04-23,Опер #73,Гр. Петров 402,12
4f061260-0f7a-477c-83f6-e966894bd06c,СБУ,187,В работе,2022-10-06,,Опер #15,Гр. Гончар 236,2
d7f4e2ad-713e-4535-911f-bc413ffccc54,СБУ,185,На розыске,2020-10-07,2021-09-29,Опер #43,Гр. Иванов 934,0
77cd8474-3ec4-47da-8162-6cd114782b8f,СБУ,289,Закрыто,2023-06-21,,Опер #4,Гр. Мельник 632,4
a89ff9df-7b97-4f1e-9220-8fa47e722f4f,Прокуратура,309,Передано в суд,2023-10-03,,Опер #32,Гр. Гончар 717,5
3bff6f1f-12c5-45a6-a2c0-26f9ddad6691,СБУ,187,Ожидание экспертизы,2020-03-19,,Опер #53,Гр. Сидоренко 984,15
1c549d20-0a9e-4c90-a2f5-e4a8dc6e0b99,Прокуратура,263,В работе,2025-09-13,,Опер #52,Гр. Сидоренко 529,15
ee8134f5-8d06-4469-8c53-bcae9d8cd089,СБУ,263,Ожидание экспертизы,2021-09-10,2021-11-10,Опер #199,Гр. Сидоренко 137,2
83d14ca7-85af-491b-a6e6-f9accd7d128d,Прокуратура,289,Закрыто,2025-05-29,,Опер #110,Гр. Мельник 261,2
6db96b13-4f7d-48d2-ad28-85aea1d791a3,НПУ,115,Передано в суд,2025-05-01,,Опер #149,Гр. Сидоренко 384,14
ac377633-0282-48f3-8cae-e7e6c69dc782,НПУ,309,Передано в суд,2021-12-02,2022-03-26,Опер #122,Гр. Мельник 536,3
2251509e-54b9-4bb0-a594-b0505b9f1ddf,Прокуратура,309,В работе,2023-05-13,,Опер #183,Гр. Гончар 640,1
9bfa98cb-a753-4b2f-8790-a54ad356bc89,Прокуратура,115,Закрыто,2021-07-04,,Опер #140,Гр. Мельник 825,3
ef661b5a-5810-4750-a242-fbb8d6e3be64,СБУ,187,Передано в суд,2020-08-05,,Опер #85,Гр. Сидоренко 434,13
59c8853b-8569-4aea-8be6-622fd937eb47,НПУ,309,Передано в суд,2024-08-16,2025-03-29,Опер #108,Гр. Петров 873,13
3e5eba88-2ea9-4345-9db4-0c555f0bfefd,Прокуратура,296,Ожидание экспертизы,2020-10-30,2021-11-13,Опер #4,Гр. Гончар 858,6
5d7b2d66-8e4b-489b-8dfc-28a0e841ebce,НПУ,194,Закрыто,2020-11-02,2021-02-12,Опер #56,Гр. Сидоренко 725,10
c598dd3d-4a98-47e6-846f-a9dcbf6d0e24,Прокуратура,263,Ожидание экспертизы,2024-07-22,,Опер #23,Гр. Гончар 295,1
acbd32e9-ecef-441d-83a7-d3cf5c8dff20,Прокуратура,296,Передано в суд,2022-11-05,,Опер #57,Гр. Гончар 393,1
a05fae82-5952-4964-a95b-048dfc525acf,НПУ,187,На розыске,2023-07-14,,Опер #118,Гр. Сидоренко 368,8
ce7d2e5b-11dd-4e74-a492-a8740c177d1c,СБУ,194,Передано в суд,2022-05-22,2023-02-20,Опер #158,Гр. Петров 189,9
7e625cb1-b8c6-4237-b365-303ade654869,СБУ,185,В работе,2022-10-23,2023-01-09,Опер #134,Гр. Сидоренко 246,5
01171ed0-54e3-4ea0-a24f-06c4dbb3a6a8,НПУ,115,Ожидание экспертизы,2024-01-12,2024-05-05,Опер #82,Гр. Иванов 890,2
10219847-5235-4052-a2ae-3ad7f7a58e0e,СБУ,309,Закрыто,2023-02-10,2023-07-18,Опер #94,Гр. Иванов 728,5
a4e82381-6797-488e-b6e6-f272999fd036,Прокуратура,263,В работе,2022-05-08,2022-09-30,Опер #137,Гр. Сидоренко 649,0
a83c3983-9c43-4d62-92a3-36122ddfae2c,СБУ,187,Закрыто,2023-11-12,,Опер #166,Гр. Петров 458,11
a985970e-82ae-4545-bcc4-bd8148b91041,НПУ,194,Закрыто,2022-04-26,,Опер #48,Гр. Петров 278,8
b6c2cd56-144e-435a-8c0d-66a87c3241df,Прокуратура,121,Закрыто,2020-07-16,,Опер #80,Гр. Иванов 162,2
6dc144be-82f7-49ad-88e7-d1bb363e8e85,НПУ,263,Передано в суд,2024-12-02,2025-08-18,Опер #159,Гр. Гончар 203,1
bbd79bd7-c286-4459-a84c-634a796aa38a,Прокуратура,115,В работе,2022-06-23,2023-06-27,Опер #136,Гр. Гончар 715,15
783d608e-5193-4d3a-a812-a88e983410cb,СБУ,289,На розыске,2022-11-21,2023-04-05,Опер #131,Гр. Сидоренко 155,13
578b0f96-f65c-4d3a-97c2-9b0d10a5c9cf,НПУ,289,Закрыто,2024-09-23,,Опер #161,Гр. Сидоренко 789,4
f686df01-e99c-4435-a185-28a4657714a8,НПУ,289,Ожидание экспертизы,2023-10-21,,Опер #50,Гр. Коваленко 689,6
ef92b7fe-dafe-48fc-b3bf-cb6d02228ddf,Прокуратура,289,Передано в суд,2024-06-30,2025-07-11,Опер #192,Гр. Мельник 163,11
a8a969bf-2796-486f-a01d-076fb11e2df3,НПУ,115,Ожидание экспертизы,2021-03-22,2022-03-29,Опер #95,Гр. Сидоренко 186,3
d345154c-0f1a-4a40-94b2-9d7ad1db0a83,НПУ,289,Закрыто,2025-10-11,2025-11-28,Опер #9,Гр. Петров 603,14
ba450152-19c3-49b2-975f-ffd1d82a0507,СБУ,185,Передано в суд,2021-11-11,,Опер #38,Гр. Петров 678,10
de66a51f-909a-47d5-85c6-3810d9bce036,НПУ,187,Закрыто,2023-03-09,,Опер #61,Гр. Коваленко 808,9
4e1167f6-7dc6-4632-92fc-b6300cf1680a,СБУ,121,Ожидание экспертизы,2022-04-25,,Опер #61,Гр. Мельник 413,1
e9e92d62-0d79-46c5-9217-99eaf56f8986,СБУ,307,В работе,2021-09-02,,Опер #196,Гр. Сидоренко 832,1
05a750bd-a44a-4bf8-bc95-8e36ca2dfeac,НПУ,309,На розыске,2022-11-03,2023-02-13,Опер #112,Гр. Коваленко 906,12
4042efbd-ff05-48f3-b39e-664be34fb740,Прокуратура,115,В работе,2022-05-12,,Опер #117,Гр. Гончар 664,7
c10be2e6-2ec5-4d3a-a08c-c7978a957424,НПУ,263,На розыске,2025-07-20,,Опер #60,Гр. Гончар 708,7
9701bf85-9ace-4571-b663-fd12a868f358,СБУ,289,Закрыто,2024-01-23,,Опер #12,Гр. Петров 983,10
22ff296d-9c67-42df-a54c-6db5fa34d3d0,СБУ,121,В работе,2021-07-24,2021-09-11,Опер #86,Гр. Гончар 112,14
6c836fad-8fc6-4211-b974-7bbd0f9eb9db,СБУ,309,На розыске,2022-04-12,,Опер #108,Гр. Сидоренко 784,6
ec4c14ab-f2c4-4f47-954b-a6b115a05dc9,НПУ,307,Передано в суд,2022-06-26,2022-07-05,Опер #174,Гр. Петров 705,14
d7f85dab-b583-4114-bad0-21b20b67d94c,НПУ,121,В работе,2022-02-18,2023-02-06,Опер #62,Гр. Иванов 650,10
4b555ec8-01fb-42c0-88a3-661c5cc52b5b,Прокуратура,185,Передано в суд,2022-10-08,,Опер #100,Гр. Мельник 736,7
4c54b20c-4e7c-4a1d-894b-753b763bbd86,СБУ,289,В работе,2023-11-13,,Опер #186,Гр. Иванов 655,1
f10203c0-1ac3-4b21-b2ca-60bf421f2dde,Прокуратура,194,Ожидание экспертизы,2021-02-21,,Опер #97,Гр. Гончар 218,15
ba54bab0-0793-41a0-9eff-722d969d8abd,СБУ,309,Передано в суд,2023-09-09,2023-11-16,Опер #48,Гр. Иванов 114,2
0db467e7-900c-4521-be46-e6f271042b23,Прокуратура,289,Ожидание экспертизы,2023-06-06,,Опер #185,Гр. Иванов 284,9
90499516-08af-453d-a9cd-7183cd5eef7f,НПУ,115,Закрыто,2021-12-26,2021-12-27,Опер #139,Гр. Иванов 417,10
dfb1b70b-de31-49a8-9220-fb8a95ef1a54,НПУ,187,Закрыто,2022-01-15,,Опер #22,Гр. Мельник 654,5
1d3964bc-609f-44ed-98a3-b30fb6ef90a8,НПУ,185,Передано в суд,2020-03-06,,Опер #11,Гр. Коваленко 301,0
d84e6e04-a391-4565-9aed-957c6621aa55,НПУ,121,Ожидание экспертизы,2021-01-30,,Опер #128,Гр. Иванов 615,15
edba2681-5916-4e06-90b4-5b0b0f0bdfff,Прокуратура,187,Закрыто,2023-02-10,2024-03-03,Опер #161,Гр. Сидоренко 532,4
b1e24703-ce07-4373-8259-07da0ca1a5da,Прокуратура,307,Закрыто,2022-11-13,2022-12-19,Опер #45,Гр. Гончар 372,12
2999eb81-f3ce-45f1-8ff2-0e90078c3eda,СБУ,289,Ожидание экспертизы,2025-05-08,,Опер #133,Гр. Иванов 441,2
e0f817df-255f-4bf7-92f0-2d67499575ef,НПУ,121,В работе,2021-10-30,,Опер #83,Гр. Коваленко 386,14
27caca59-5f0c-470d-8873-1222477a7c87,СБУ,307,На розыске,2024-06-03,,Опер #150,Гр. Гончар 201,12
124a7fa6-0f42-4bf2-a7ae-0f3d97c96390,СБУ,289,Передано в суд,2025-10-18,,Опер #12,Гр. Гончар 705,3
87cffae5-2995-4db3-a607-e7688a61269c,НПУ,296,Ожидание экспертизы,2025-04-26,,Опер #124,Гр. Сидоренко 462,10
1255e75e-55eb-4931-9f38-170ae6bc298f,Прокуратура,194,На розыске,2023-09-23,2024-09-25,Опер #54,Гр. Сидоренко 922,8
490e7b80-5d3d-4cd0-bd0a-b0d880361cba,СБУ,307,Закрыто,2021-03-06,2021-10-02,Опер #111,Гр. Петров 972,1
40b7ca81-7bbe-44a0-9be3-6e961ae7ee61,Прокуратура,296,На розыске,2024-05-11,,Опер #179,Гр. Иванов 950,13
2c48c87a-fca4-49ef-8b75-cfb8ec549f32,СБУ,121,Ожидание экспертизы,2025-03-17,2025-08-11,Опер #117,Гр. Иванов 603,4
8d5e671c-bf54-464e-804b-6b85931cdf9d,НПУ,194,В работе,2021-05-02,,Опер #120,Гр. Мельник 955,10
34933660-4dd1-44ac-b8a0-e7683cb9cfe7,НПУ,307,Закрыто,2021-02-02,,Опер #75,Гр. Мельник 466,0
c0ca4478-3fbd-40cd-ab70-725edc34e92f,НПУ,289,В работе,2020-03-10,2020-06-26,Опер #181,Гр. Гончар 533,2
b30df9b8-c56b-436f-bd92-4753d7e27b85,Прокуратура,289,Закрыто,2024-11-16,,Опер #198,Гр. Петров 322,12
7f066cc6-6da2-402c-977b-0054dbeb5b6c,НПУ,309,На розыске,2021-11-01,2022-08-04,Опер #75,Гр. Коваленко 435,14
5067d4f9-dff0-484f-b252-5935025eb839,Прокуратура,309,На розыске,2022-08-21,,Опер #107,Гр. Коваленко 189,1
9220385b-06b4-41a5-8858-7ead9c2e0a38,НПУ,307,Передано в суд,2023-11-17,,Опер #146,Гр. Петров 429,14
6f5ab4d0-6900-4edb-975f-6dd3900b71c0,Прокуратура,263,Закрыто,2023-09-11,,Опер #151,Гр. Коваленко 703,10
8a42320b-463f-4102-ad6c-b4b5e53e700e,СБУ,194,Передано в суд,2020-01-29,2021-02-28,Опер #70,Гр. Коваленко 767,11
556b34b8-32f4-4fd2-a4ea-a7e2e8631ac4,Прокуратура,296,Передано в суд,2022-12-31,,Опер #36,Гр. Гончар 275,1
c26b9c65-a007-4b8b-97b4-44049603b54f,СБУ,187,На розыске,2024-08-27,2024-10-17,Опер #141,Гр. Петров 211,11
433edb55-324f-456c-9363-2ee820a81336,Прокуратура,289,В работе,2025-01-22,2026-02-26,Опер #127,Гр. Мельник 280,11
6fbb0cc3-115d-4efc-9f74-c32517289424,НПУ,115,Закрыто,2020-03-29,,Опер #44,Гр. Иванов 642,15
3d95f6c0-a74d-488c-9697-c4e9113c0d4a,Прокуратура,289,Закрыто,2021-09-16,,Опер #16,Гр. Коваленко 361,9
7a12b020-d3b1-4df6-9072-b0f7ca2e1e74,Прокуратура,309,Закрыто,2020-08-19,,Опер #185,Гр. Мельник 445,14
14498d0e-287b-441a-b6bf-c3eae0c2aa04,СБУ,309,Закрыто,2023-10-05,,Опер #40,Гр. Мельник 774,5
21cd5da3-44fb-4110-a906-79d4369032e3,НПУ,115,Передано в суд,2021-10-20,,Опер #9,Гр. Мельник 539,3
cf1eafdb-e96f-4f78-89d8-22c0cfe8e811,СБУ,121,На розыске,2022-11-26,2023-06-03,Опер #117,Гр. Коваленко 913,2
b0f759d2-ce1a-45ba-b3c8-853bcb0e10a4,НПУ,187,Ожидание экспертизы,2025-07-14,2026-04-11,Опер #90,Гр. Иванов 505,4
465ebe5a-19b0-4b5f-a950-78669581356c,Прокуратура,115,Закрыто,2022-07-16,,Опер #117,Гр. Иванов 437,3
1d65d3ee-163b-4a76-8a2f-5f2f324cffef,Прокуратура,121,В работе,2021-05-19,,Опер #155,Гр. Сидоренко 657,4
5ca69b83-5baf-4991-96d4-6978a91b89ad,Прокуратура,307,Ожидание экспертизы,2024-02-28,2024-03-14,Опер #177,Гр. Гончар 346,14
34e80e64-01ea-4711-ba22-c457fa2c749d,Прокуратура,185,Закрыто,2023-11-26,,Опер #16,Гр. Мельник 625,9
72f8c8e1-f905-4475-8c00-55dc8cb2d7c7,Прокуратура,187,На розыске,2025-08-23,,Опер #133,Гр. Коваленко 142,0
385dd964-645f-4805-b605-0caa3a6e7cf9,НПУ,307,Закрыто,2020-09-17,,Опер #19,Гр. Коваленко 818,3
54723d8a-6310-46f3-8e14-2e8affbd4f39,НПУ,309,В работе,2024-12-22,,Опер #3,Гр. Петров 675,5
cd22cd67-38ff-46ef-92b2-4d0275ef55e5,НПУ,185,На розыске,2024-07-26,2024-12-23,Опер #113,Гр. Петров 355,13
e80f426b-6956-48e8-a299-17e66e8c7e90,Прокуратура,263,В работе,2024-08-12,,Опер #123,Гр. Коваленко 406,9
289fa893-3c2e-4a03-845b-8c9210617ff3,НПУ,307,В работе,2020-09-18,,Опер #86,Гр. Петров 665,13
5d736c3a-5343-4331-a751-4671567d1b58,СБУ,187,Закрыто,2025-03-03,,Опер #156,Гр. Сидоренко 902,7
79184fc3-fe90-4ce8-82a0-cc385fa1e490,НПУ,263,В работе,2022-11-21,,Опер #7,Гр. Гончар 710,13
b21b2a36-8c12-4047-9505-b9ea3d3148c9,Прокуратура,309,Передано в суд,2025-07-29,2026-06-11,Опер #26,Гр. Гончар 337,15
0649e695-6adc-4ed6-9c55-2cb65b2a8dcb,НПУ,121,Закрыто,2020-05-31,,Опер #95,Гр. Петров 170,6
1ed2077f-1e12-4d10-a2ea-b13123cb87ad,НПУ,121,Закрыто,2020-10-13,2021-02-03,Опер #122,Гр. Мельник 467,14
1bcc0407-f8aa-4007-ad41-8b11d0170d7c,НПУ,187,Закрыто,2020-09-28,,Опер #123,Гр. Коваленко 709,4
17ccb8f8-2067-4df1-8c75-37b4654c3b10,СБУ,121,Закрыто,2020-01-10,2020-01-13,Опер #97,Гр. Коваленко 189,13
13ad7301-9ee8-44a5-a80b-0b62d3b3407a,НПУ,307,Закрыто,2020-10-25,2021-09-24,Опер #62,Гр. Гончар 797,4
ef75e47f-df84-4e9b-bd43-404cf1ef1953,СБУ,115,На розыске,2024-08-27,2025-01-09,Опер #24,Гр. Петров 935,1
7d2fca89-4fa6-49a4-9ed3-dc50f13d48ab,Прокуратура,185,В работе,2020-03-14,,Опер #44,Гр. Иванов 394,3
e5f3a030-4515-4773-a767-a8724fa312bc,НПУ,289,В работе,2021-06-02,,Опер #63,Гр. Мельник 299,6
f404490d-43fe-462e-b13d-1f4048adf97d,НПУ,263,Ожидание экспертизы,2022-06-12,,Опер #71,Гр. Коваленко 363,3
b44209b9-ef0b-46b6-a291-603ec596d67b,НПУ,307,Ожидание экспертизы,2024-10-15,,Опер #153,Гр. Иванов 595,14
bae0ef04-4e15-4c9a-b023-2351ef42082c,Прокуратура,289,Закрыто,2022-07-31,2022-08-16,Опер #107,Гр. Коваленко 399,8
d8c72264-96fe-443c-a0c9-80b7cc9b498b,Прокуратура,307,Закрыто,2024-06-22,2024-09-16,Опер #31,Гр. Коваленко 314,12
f24d099f-6fdf-4a65-a0c1-96e264290a26,СБУ,296,Закрыто,2024-06-22,,Опер #195,Гр. Коваленко 337,12
b83ca7dd-7fcd-4ac5-a15f-5c2de921eb63,Прокуратура,289,В работе,2025-01-09,,Опер #9,Гр. Мельник 408,15
696bdc0f-9362-41ad-b910-1ac9f61f2cec,НПУ,263,Передано в суд,2022-05-01,2023-03-24,Опер #100,Гр. Сидоренко 270,8
fe72a525-228e-4646-adee-dbea307d3fd6,СБУ,185,Передано в суд,2021-11-12,,Опер #55,Гр. Гончар 996,8
1ab36653-5589-43f2-a422-e03dce3692dc,Прокуратура,289,На розыске,2021-12-13,,Опер #6,Гр. Гончар 374,2
bc9aa8bd-b222-43ee-89b5-0cf9638b2808,СБУ,263,В работе,2020-01-21,,Опер #22,Гр. Коваленко 186,5
aa55a8cc-5457-40f6-8678-55c3e61e4707,НПУ,185,В работе,2024-01-18,,Опер #160,Гр. Сидоренко 519,4
d1bdb8f0-ff4c-476b-ad15-e4c8fd47e4a2,СБУ,296,Передано в суд,2021-12-03,2022-06-02,Опер #167,Гр. Сидоренко 909,14
90fd17ba-8a46-48a6-bb3c-1081a0e94cb8,НПУ,185,Ожидание экспертизы,2022-09-04,,Опер #114,Гр. Петров 970,13
fad5c769-f0c8-4a4c-a013-07a87296c14f,Прокуратура,263,Передано в суд,2020-08-15,,Опер #131,Гр. Мельник 251,1
29d905c2-0e65-497d-997f-a2614a420643,Прокуратура,289,Передано в суд,2022-03-14,,Опер #129,Гр. Иванов 412,0
3b79b1a3-6d9a-4343-bc8b-c459858851a7,СБУ,121,Закрыто,2023-12-12,,Опер #147,Гр. Сидоренко 510,9
a6045883-b295-4a27-afec-6e0a96969bc2,Прокуратура,187,На розыске,2022-10-30,,Опер #21,Гр. Коваленко 674,8
c58333e0-e2d7-4558-b19f-b22683a81b1e,СБУ,296,В работе,2025-04-11,,Опер #59,Гр. Гончар 916,9
7178dcd4-7ab6-440f-8c5d-c29ab2792035,Прокуратура,309,В работе,2021-02-26,2021-06-07,Опер #100,Гр. Коваленко 712,11
dbd45156-d86e-4f3a-868c-e97ec0d385c6,НПУ,187,Закрыто,2025-08-30,,Опер #190,Гр. Петров 152,13
42bd4c10-b16c-4211-bab2-d56c2e48920c,СБУ,296,В работе,2025-09-13,,Опер #98,Гр. Мельник 507,1
77abc6f5-d0f8-447b-a17a-9ee685d83af4,НПУ,121,На розыске,2020-11-16,2021-05-05,Опер #137,Гр. Мельник 741,5
a4009f2c-a402-4fb4-b6ea-7d4262c5c4b1,СБУ,187,На розыске,2020-04-17,2020-07-26,Опер #164,Гр. Гончар 509,14
41389f60-f9e4-4106-9eb3-1ca74a92f710,Прокуратура,309,На розыске,2023-07-22,,Опер #66,Гр. Иванов 177,1
8240e182-a621-4810-a541-1026d0121403,НПУ,263,В работе,2025-07-20,2025-10-30,Опер #15,Гр. Гончар 279,7
a929f762-186e-4f6b-b268-98e9b4fd84e6,НПУ,309,На розыске,2023-05-02,,Опер #130,Гр. Коваленко 785,13
b6025908-540c-403d-90fa-3e23cfa062ba,СБУ,307,Закрыто,2022-01-16,2022-12-22,Опер #167,Гр. Иванов 144,5
7dc6702b-76de-46ea-b0d6-b08b6042f32d,Прокуратура,194,В работе,2024-05-05,,Опер #182,Гр. Коваленко 267,9
a97db283-48c4-442c-9310-bf0a7399ee86,НПУ,296,На розыске,2020-07-17,,Опер #106,Гр. Сидоренко 558,11
19727454-2d53-4f37-90f0-5d759545bc42,НПУ,187,В работе,2020-04-06,2020-07-31,Опер #176,Гр. Мельник 365,14
3371af98-abf1-4e06-9b44-3cea4cab6f01,СБУ,296,Закрыто,2020-11-05,,Опер #58,Гр. Иванов 819,3
56246de3-32cd-42fd-84b3-3ac4dbc1f743,СБУ,296,Закрыто,2022-12-09,2023-01-09,Опер #87,Гр. Мельник 195,8
752ccdbd-e9dc-4f1e-8355-cdee924b06ee,СБУ,121,Закрыто,2021-11-05,,Опер #25,Гр. Иванов 692,14
ecb652bb-4002-4d57-81ce-91c4755f3900,НПУ,263,Ожидание экспертизы,2024-05-22,,Опер #131,Гр. Гончар 710,10
1903dae8-be02-473e-b278-0e3c4b6c35f7,НПУ,309,Передано в суд,2024-04-26,2024-07-06,Опер #84,Гр. Иванов 635,15
a6e098e5-6200-466d-b7ae-cc0dc8426e4c,Прокуратура,289,Закрыто,2022-02-02,,Опер #143,Гр. Сидоренко 182,7
375cee4e-b6d5-45b9-a97c-63dd5ae4a252,НПУ,185,В работе,2023-12-06,,Опер #66,Гр. Иванов 775,6
469b42f2-a157-472f-b4e5-ddc064ca3fcb,Прокуратура,121,Ожидание экспертизы,2020-03-22,,Опер #88,Гр. Коваленко 956,1
b7908b28-5622-431c-a6d4-6b654abf73bd,Прокуратура,187,На розыске,2020-12-19,2021-05-21,Опер #177,Гр. Мельник 394,12
326e3b48-34a8-458b-b4c9-80163db56181,СБУ,194,На розыске,2024-07-28,,Опер #33,Гр. Петров 694,4
4a64e444-3126-4d8a-9ebd-5d02545f8617,Прокуратура,121,На розыске,2022-06-29,,Опер #155,Гр. Мельник 176,14
0c30d87b-4c70-405a-8a90-4c6040e3957b,Прокуратура,296,На розыске,2023-05-27,,Опер #123,Гр. Петров 886,4
54e1df87-01bb-4f1e-8586-e5dda0fafc9f,НПУ,185,Закрыто,2020-07-02,,Опер #96,Гр. Иванов 130,4
61f4812b-4dd8-4ad3-827c-5377f582837e,Прокуратура,289,Закрыто,2022-05-01,,Опер #143,Гр. Сидоренко 466,6
3b018155-80d8-4670-b76c-4c89f4e7a6fd,СБУ,121,На розыске,2020-09-03,,Опер #22,Гр. Иванов 794,6
d2082dd3-9af9-4363-8d63-3ef7138c5fd9,Прокуратура,185,Закрыто,2020-04-22,,Опер #18,Гр. Коваленко 852,4
f0da3009-52b3-4d9b-9e0e-817877cf5fa0,Прокуратура,194,Закрыто,2024-01-06,,Опер #17,Гр. Коваленко 260,2
5edd5986-cb91-4b7f-ae7b-eb76ce139ecb,НПУ,185,Ожидание экспертизы,2025-10-30,,Опер #42,Гр. Петров 862,10
712959a4-79be-4771-808a-f9159c39030e,Прокуратура,309,Передано в суд,2024-06-14,,Опер #21,Гр. Петров 809,2
c31562b1-2486-49ee-9ae2-d3f51d3ee2cf,НПУ,187,На розыске,2022-11-06,2023-12-08,Опер #194,Гр. Петров 990,9
91d3be39-7093-484f-90b5-309d60018bcc,СБУ,185,Ожидание экспертизы,2020-07-23,,Опер #119,Гр. Петров 705,10
1901352f-a0f8-4fa0-b60f-3e60e824ad24,СБУ,115,Ожидание экспертизы,2023-12-03,2024-03-21,Опер #62,Гр. Гончар 411,15
57264167-94a7-48d2-a829-09046d80403e,НПУ,309,Закрыто,2022-02-14,2022-10-26,Опер #51,Гр. Иванов 654,6
c59edc76-2397-42f7-ab37-ff011b85158d,Прокуратура,307,В работе,2021-05-26,2021-10-01,Опер #117,Гр. Сидоренко 678,5
fa9659ba-a4be-4dd2-bcf8-13c8ed452232,Прокуратура,115,На розыске,2022-07-10,,Опер #1,Гр. Петров 425,13
6ee34619-3208-4215-b243-eb2872057c7f,Прокуратура,187,В работе,2022-10-24,2023-09-21,Опер #17,Гр. Сидоренко 217,11
70f43eb9-0cb9-43db-8b1d-0ce080281b4f,Прокуратура,194,Передано в суд,2025-10-17,2026-11-20,Опер #9,Гр. Мельник 348,9
ac3b92a9-f1a1-4ccd-9baf-7612067199c1,НПУ,115,Ожидание экспертизы,2021-09-03,2022-06-24,Опер #36,Гр. Иванов 411,14
9232e712-77e4-4dbf-b7c8-8ae6dd829747,НПУ,289,Передано в суд,2023-12-24,,Опер #30,Гр. Сидоренко 687,5
430b9c3d-bdf4-4241-9bff-8a88b74630d1,Прокуратура,121,Ожидание экспертизы,2023-09-10,,Опер #83,Гр. Гончар 656,7
4b67ba7b-396e-405b-bfba-8232ce4cbe73,НПУ,121,Передано в суд,2025-09-03,,Опер #21,Гр. Мельник 379,6
037b1dd1-dbd5-4bfd-b022-deaa1d1ea743,НПУ,296,Закрыто,2024-06-10,,Опер #90,Гр. Иванов 690,13
c4ed08f4-a7c3-45f9-9348-b3be02338fd0,СБУ,185,Ожидание экспертизы,2024-05-14,2024-06-26,Опер #29,Гр. Петров 670,0
ec32b330-1fb9-46db-9f21-cf4ac5daecf7,Прокуратура,185,Закрыто,2023-04-11,,Опер #152,Гр. Иванов 857,4
f387ed29-f60e-458d-aa57-853c780a6085,СБУ,309,Передано в суд,2022-04-12,2023-04-17,Опер #196,Гр. Сидоренко 988,10
ccaff818-957c-4865-8438-ed2fbed79356,Прокуратура,289,В работе,2025-03-21,2025-08-03,Опер #9,Гр. Мельник 448,4
8a6983d2-ae95-420c-9d51-b2539e848984,НПУ,185,Ожидание экспертизы,2024-10-02,,Опер #89,Гр. Коваленко 141,15
9922a04e-555d-4e07-8adc-29faca01ef7e,НПУ,307,На розыске,2022-07-16,2023-05-31,Опер #54,Гр. Гончар 649,6
e80d5ec7-dcf7-4f15-8da5-9eac76b64110,Прокуратура,185,Ожидание экспертизы,2022-04-05,,Опер #123,Гр. Иванов 135,2
12253518-5b6c-499b-a7c9-88a2725edd88,Прокуратура,187,Ожидание экспертизы,2022-09-21,,Опер #174,Гр. Мельник 581,14
960f69e5-bd9c-45fc-8d49-32ee984c817b,Прокуратура,263,Ожидание экспертизы,2021-04-19,,Опер #111,Гр. Коваленко 843,13
97c51b37-8eac-4ab2-94be-6fb81ec0d0fe,Прокуратура,263,На розыске,2025-04-05,2025-07-26,Опер #6,Гр. Иванов 410,0
17ef3800-0fd5-42fc-83fd-042afe221046,Прокуратура,289,Передано в суд,2020-05-16,2020-12-15,Опер #134,Гр. Гончар 744,10
74a44375-cd6d-46d5-ad44-357ad8de598d,НПУ,309,На розыске,2023-11-03,2024-11-03,Опер #171,Гр. Сидоренко 803,11
382bfc3f-62d3-4d5f-95f5-40a8e1457df9,СБУ,307,Закрыто,2024-12-10,2025-12-22,Опер #22,Гр. Коваленко 930,8
9044e51e-b062-44c2-8192-4bd525726bea,СБУ,307,На розыске,2023-10-31,,Опер #162,Гр. Иванов 256,15
597f3699-0d0c-42f1-bfe2-7ba6b2e6f1b1,СБУ,115,Ожидание экспертизы,2023-08-14,2023-10-18,Опер #175,Гр. Мельник 212,5
79cd176c-525c-4985-a643-d277b65a484a,Прокуратура,307,Закрыто,2025-11-27,,Опер #120,Гр. Сидоренко 487,5
120b6be7-ce10-4a2b-b7e3-d664de3ae375,СБУ,194,В работе,2022-11-17,2023-09-26,Опер #40,Гр. Петров 956,14
90aecf86-a9c7-44a6-b50f-983ecd24b069,СБУ,296,Закрыто,2023-12-25,2024-03-23,Опер #148,Гр. Иванов 669,3
9b4465f3-f8c2-4a7c-b0e2-3da21fcafddc,НПУ,115,Передано в суд,2020-04-07,,Опер #124,Гр. Гончар 261,14
5dc47a2d-71e3-413d-86a1-cc1704bebbce,НПУ,115,Ожидание экспертизы,2025-02-08,,Опер #92,Гр. Коваленко 228,1
38ae0a52-adb6-4c44-b193-4f63d8b52c4b,Прокуратура,263,В работе,2024-06-25,2025-04-23,Опер #54,Гр. Петров 921,1
332f2fc6-8f8a-4257-b6bd-f7dcf66dfe82,НПУ,185,На розыске,2025-02-28,2026-03-09,Опер #119,Гр. Гончар 709,9
c45f0d88-a8b3-4096-ae33-dba8b61417ad,Прокуратура,263,Ожидание экспертизы,2024-07-08,2024-07-12,Опер #98,Гр. Коваленко 177,10
1075da9d-ac07-49d9-9fa2-a0487152557e,СБУ,296,Передано в суд,2021-11-04,,Опер #166,Гр. Иванов 346,10
c5ca0738-c052-416a-bb3e-ea9bd16b7fe0,СБУ,289,Ожидание экспертизы,2020-03-07,2020-07-05,Опер #98,Гр. Коваленко 217,0
ab997eb3-4170-4938-8647-e5eeb5b0bd6e,СБУ,307,На розыске,2025-02-01,,Опер #67,Гр. Петров 147,12
3016d88c-34c5-4054-bb4c-e66921872b43,НПУ,185,Передано в суд,2022-02-17,,Опер #95,Гр. Гончар 660,3
7c0d5db0-c411-4b27-b8d5-61376e03732f,СБУ,194,Закрыто,2024-08-29,,Опер #114,Гр. Сидоренко 336,8
423855bd-d658-4dcd-9caf-ed64bd8210f6,Прокуратура,194,В работе,2022-05-24,,Опер #57,Гр. Иванов 737,11
348da739-13ea-4594-9d81-426f5e2a9ce4,СБУ,289,Ожидание экспертизы,2025-03-05,2025-09-02,Опер #68,Гр. Иванов 104,0
26a48305-5bf1-41b0-b078-ee6ea08315e5,СБУ,289,Закрыто,2022-12-25,,Опер #153,Гр. Иванов 617,7
e307f62e-14b8-4a5d-ab9e-0af6c5d29d0f,СБУ,309,Передано в суд,2023-09-17,,Опер #174,Гр. Мельник 358,15
b2857c81-34c7-4e3d-9dd3-9d48428b5eb8,Прокуратура,263,На розыске,2025-01-12,2025-09-15,Опер #176,Гр. Петров 642,0
0dd2903a-bd3b-4082-9573-f4fbcece6228,Прокуратура,263,Ожидание экспертизы,2024-08-18,2025-04-07,Опер #12,Гр. Петров 121,6
e45fb91a-4cef-467c-b36e-a40ebbb47c24,НПУ,115,В работе,2025-09-29,,Опер #165,Гр. Мельник 856,12
817f0fa1-ca7f-4fac-9dd2-87175bb14aa2,СБУ,194,В работе,2020-06-08,,Опер #112,Гр. Иванов 665,0
8ab78ef7-a917-4bdc-985f-e3b6ef93461c,СБУ,289,Передано в суд,2021-09-05,2022-06-14,Опер #169,Гр. Мельник 682,15
b09c1ba3-271b-4222-813e-c1deb3e76998,СБУ,289,На розыске,2022-04-18,2023-05-02,Опер #26,Гр. Сидоренко 997,10
1e634fc3-e2db-4626-bf62-8a658903d2c1,Прокуратура,115,Ожидание экспертизы,2020-11-11,,Опер #25,Гр. Гончар 856,11
bf6e8a51-8d05-4e86-88fb-b768ecff5b9e,Прокуратура,115,Ожидание экспертизы,2023-05-09,,Опер #53,Гр. Иванов 164,1
0fb956d0-ca26-4d57-ac47-b7a6093be63b,Прокуратура,185,Закрыто,2025-06-13,,Опер #198,Гр. Петров 960,3
3a4291b4-a0d7-4b51-96ed-630bc0ea4bb2,Прокуратура,296,В работе,2025-03-16,,Опер #96,Гр. Мельник 675,14
7fc2bdb8-8081-4e48-b8c0-712026ce7dbc,СБУ,115,Закрыто,2020-11-11,,Опер #114,Гр. Сидоренко 612,2
407ea103-8afb-49ad-af0b-0670976a84ff,СБУ,289,Ожидание экспертизы,2023-08-05,2024-08-04,Опер #119,Гр. Коваленко 611,5
e0fdea71-65ec-420f-865d-2c08d3a68c5b,СБУ,115,На розыске,2024-04-20,,Опер #170,Гр. Коваленко 798,10
68fecaa4-63c9-4c67-a2a0-d15c6d028357,НПУ,289,На розыске,2024-04-22,2024-06-05,Опер #90,Гр. Сидоренко 347,6
1ad44ce1-2497-4c7a-86ef-352648c46a69,НПУ,187,Закрыто,2020-05-14,,Опер #130,Гр. Иванов 430,2
26536a35-350f-4c39-b9b4-325da3f734d2,НПУ,187,Закрыто,2023-08-21,,Опер #76,Гр. Иванов 618,5
1fda3a1a-2693-4028-9f74-488ea21184bb,НПУ,263,Передано в суд,2025-07-27,,Опер #132,Гр. Коваленко 602,4
7ae47aa8-243c-4f4c-9703-39a698233d91,НПУ,115,Закрыто,2023-12-19,2023-12-27,Опер #24,Гр. Гончар 111,7
bbceecd5-9e53-4616-92fe-33637c37e2f2,НПУ,309,Передано в суд,2022-01-26,,Опер #34,Гр. Коваленко 537,5
1c59c653-cc70-44fe-bd0f-e6b81d5689a2,НПУ,115,Передано в суд,2024-11-02,,Опер #88,Гр. Сидоренко 754,9
db9e86b4-de0b-4cda-9c76-38a17419ab7f,СБУ,289,В работе,2021-01-01,2021-11-30,Опер #152,Гр. Мельник 855,9
2f4329bc-a8fd-4a87-8ed6-cb971592f876,НПУ,194,Передано в суд,2021-06-22,,Опер #48,Гр. Гончар 460,8
c80b00e9-a527-489e-a552-f505dd59b03a,Прокуратура,296,Передано в суд,2021-04-15,,Опер #156,Гр. Мельник 900,13
2ba8e826-2b18-4ad7-bbf4-b582c74e1c47,СБУ,307,Передано в суд,2023-02-18,2023-11-15,Опер #177,Гр. Гончар 828,10
51f0b088-df36-4a9f-9497-dd955fcf0ebb,СБУ,115,Передано в суд,2022-05-16,,Опер #15,Гр. Гончар 294,12
4dfd647c-cda2-4c3f-880b-c32c327592c6,НПУ,289,В работе,2025-08-26,,Опер #181,Гр. Иванов 238,1
3e5eb74d-7f81-4ed0-8dc5-33576b57cc0e,НПУ,296,Ожидание экспертизы,2021-07-11,,Опер #9,Гр. Гончар 399,5
d6922390-6d91-4d89-97cc-650d4cb569e6,НПУ,187,Ожидание экспертизы,2024-10-31,2025-08-01,Опер #21,Гр. Сидоренко 247,15
7284ccf3-d746-4664-a259-33db373c41d8,СБУ,296,На розыске,2020-07-14,,Опер #5,Гр. Петров 261,5
4e43234d-49b1-48a4-8138-239069db94ba,НПУ,121,На розыске,2020-04-20,,Опер #157,Гр. Сидоренко 277,2
7393f96d-a19e-4487-b930-c3b7997db758,Прокуратура,121,В работе,2020-03-25,,Опер #38,Гр. Гончар 133,7
27fd1614-4bcb-4d98-9c1e-7c61315c469b,Прокуратура,309,Закрыто,2023-01-18,2023-06-26,Опер #176,Гр. Сидоренко 809,3
66598052-b1dd-4e05-9265-53c818b78f93,СБУ,289,Передано в суд,2023-03-06,,Опер #160,Гр. Петров 552,2
09319d51-6a5c-489c-8482-9623e66a61e4,НПУ,309,В работе,2021-07-19,,Опер #6,Гр. Гончар 773,12
2f86fe61-63e3-4946-995c-adfad25b16ab,СБУ,187,Передано в суд,2020-04-24,,Опер #31,Гр. Петров 155,7
c4547577-63b3-4190-924b-662a1b7eb146,НПУ,296,Ожидание экспертизы,2022-10-30,,Опер #66,Гр. Сидоренко 425,2
920ed03a-f3ed-4d52-820a-8864c614f1e6,СБУ,121,Передано в суд,2025-11-20,2026-06-07,Опер #97,Гр. Петров 407,15
dbde8db8-c54c-4c91-b0f1-c166e8545bf1,Прокуратура,296,В работе,2022-04-29,,Опер #18,Гр. Коваленко 116,4
82ea6abc-40f1-4267-be7f-8fc00dfb69bb,СБУ,289,На розыске,2020-11-18,2021-11-08,Опер #181,Гр. Гончар 280,10
70120b9b-e836-46b1-99a0-76aa95a51784,Прокуратура,194,В работе,2025-11-05,2026-08-29,Опер #123,Гр. Сидоренко 608,4
a414cb60-bf02-4a3a-9410-4996778017aa,СБУ,187,Передано в суд,2021-06-19,,Опер #52,Гр. Гончар 195,3
d0b15d9c-8417-4d52-a912-6f1962a74580,СБУ,121,Ожидание экспертизы,2021-09-19,,Опер #78,Гр. Иванов 695,10
929954e8-87a7-49ae-9ae6-0c509bed94fb,СБУ,296,Передано в суд,2021-04-03,,Опер #134,Гр. Иванов 422,8
97916080-bd95-4e3f-8ba5-bd0ce573425f,Прокуратура,263,На розыске,2021-10-18,,Опер #78,Гр. Коваленко 518,14
368d0dd0-3125-48ee-9288-69781523609b,Прокуратура,296,Закрыто,2024-11-07,,Опер #43,Гр. Петров 333,3
f08a145e-26e9-4d5e-9d5a-030726c72bfc,СБУ,309,Закрыто,2021-04-26,,Опер #11,Гр. Сидоренко 192,2
793cea32-fd04-4fc7-8962-39b46fbad926,НПУ,296,Передано в суд,2022-02-04,,Опер #71,Гр. Гончар 680,3
aa778e3f-7acf-4b45-a10d-c1efe298a070,СБУ,115,Ожидание экспертизы,2022-04-15,,Опер #129,Гр. Иванов 908,8
924df6ad-b963-4820-9c03-e6ab608174bc,Прокуратура,185,Ожидание экспертизы,2022-09-25,,Опер #87,Гр. Сидоренко 939,14
f2d1ac3e-91c5-4f4c-af80-a0340b4d7c70,НПУ,289,Закрыто,2021-03-20,,Опер #166,Гр. Петров 715,10
887f5ee5-1014-458d-8ca1-99347f851afd,СБУ,185,Передано в суд,2020-01-30,,Опер #158,Гр. Коваленко 924,5
581e6e42-324e-409f-88f7-72c1ab523771,Прокуратура,309,На розыске,2024-12-22,2025-03-31,Опер #35,Гр. Иванов 438,3
378aa4bc-ee77-4685-b47e-caa3578bb0d6,СБУ,185,Ожидание экспертизы,2022-04-28,,Опер #178,Гр. Иванов 107,3
df248c0e-b4d4-4998-bee2-b5bb64ec15bc,НПУ,194,Ожидание экспертизы,2023-12-15,,Опер #85,Гр. Гончар 586,15
ed77b382-a8a1-4790-a8cc-fdee2dbfd5df,Прокуратура,309,На розыске,2024-12-05,,Опер #24,Гр. Мельник 831,11
980eb578-02f7-4464-bf27-dca01178a3a1,НПУ,307,Передано в суд,2024-06-22,,Опер #74,Гр. Коваленко 205,13
4015e60b-3283-440d-88ec-eb226dd8f6fe,НПУ,309,Закрыто,2023-01-04,,Опер #59,Гр. Иванов 964,0
ed4b1bbe-4b4d-48d5-a232-2b472f2aa8d7,НПУ,307,На розыске,2020-11-12,2021-11-16,Опер #91,Гр. Гончар 617,12
0356b550-31ee-49c2-b139-5690c45ec95e,Прокуратура,194,В работе,2023-07-31,2023-10-09,Опер #126,Гр. Сидоренко 210,9
556f6a5a-d4fc-4821-b21b-8d81e3af3f9d,НПУ,307,На розыске,2025-04-12,,Опер #188,Гр. Сидоренко 968,8
68d07720-34d7-45c2-b4ad-0be31f9bfce7,СБУ,185,В работе,2025-08-06,,Опер #184,Гр. Петров 545,13
40c68b1d-3c3b-4b00-b50d-28ae8544195e,НПУ,263,Передано в суд,2022-01-30,2022-10-24,Опер #179,Гр. Коваленко 392,15
f7f98a78-f797-4330-b96e-e6fec8ae3829,СБУ,263,Закрыто,2020-07-03,2020-12-29,Опер #97,Гр. Петров 705,9
2ff9a97d-1552-4d7a-b814-c82cbe7b662b,СБУ,263,Закрыто,2021-02-17,,Опер #85,Гр. Сидоренко 909,4
d7667029-ce37-41dd-a2d4-7d88837e324b,Прокуратура,187,Ожидание экспертизы,2025-04-06,,Опер #18,Гр. Сидоренко 820,15
ddca348b-1c7a-4cf5-904b-98dc41d221c3,Прокуратура,289,В работе,2025-02-24,2025-10-31,Опер #12,Гр. Мельник 616,12
bbffd532-25ba-4375-9ee6-3f6d151776e0,Прокуратура,289,Передано в суд,2022-02-17,,Опер #20,Гр. Иванов 192,7
f969067c-e199-41c7-8e5c-a0b543e63361,СБУ,296,В работе,2023-05-28,2024-05-21,Опер #137,Гр. Иванов 898,10
3ba6d614-d26a-4a6a-b5a3-76db23c07e1f,Прокуратура,289,На розыске,2022-10-04,,Опер #160,Гр. Иванов 161,8
cdabe4d7-a213-477b-8fc8-1a0444398569,НПУ,187,В работе,2022-07-01,,Опер #195,Гр. Петров 153,15
d8c832aa-ef7a-4b2e-a0a8-0f2988f9e428,НПУ,309,Ожидание экспертизы,2022-12-30,,Опер #115,Гр. Сидоренко 568,11
fcc852a1-381f-4de8-bb08-fdd0a3c81d50,СБУ,185,В работе,2025-04-15,2025-12-19,Опер #131,Гр. Коваленко 343,13
46e709fd-a62d-4a52-b42e-c5b87c6c578e,Прокуратура,187,В работе,2024-10-06,2025-02-04,Опер #18,Гр. Коваленко 508,7
0e3d4f5d-5798-42ae-8aca-3378b991461d,НПУ,187,Передано в суд,2025-05-31,,Опер #197,Гр. Мельник 506,15
c4205fa6-e009-4c3f-99fc-275b56184c2a,СБУ,115,Закрыто,2021-07-23,,Опер #14,Гр. Сидоренко 218,14
50f85a87-b052-476a-a0a5-82f1f4893288,СБУ,187,На розыске,2024-08-09,,Опер #82,Гр. Гончар 326,15
e145bd07-2277-4dac-b091-281ad7442dc1,НПУ,289,Ожидание экспертизы,2021-12-23,,Опер #72,Гр. Мельник 128,2
c4dcb730-8c41-4496-9851-759fbc46cd59,Прокуратура,115,Закрыто,2025-10-24,,Опер #15,Гр. Петров 508,14
952d61c7-a82d-4100-a41b-509463c3f8db,Прокуратура,121,На розыске,2024-06-27,,Опер #37,Гр. Гончар 656,12
8b09b486-7f8e-4262-b871-7af88e7701d5,СБУ,263,Передано в суд,2022-03-04,,Опер #59,Гр. Иванов 545,13
f8b06703-1d70-4856-abef-ab4743b095af,СБУ,296,Закрыто,2020-08-01,2021-01-13,Опер #121,Гр. Мельник 601,11
dc3f6230-fac5-4d12-b7d8-f71ff1152d71,СБУ,185,На розыске,2021-08-04,,Опер #17,Гр. Петров 652,3
a159cc7d-5f68-41cc-94b1-0b445af8151b,СБУ,307,В работе,2020-11-03,2020-11-06,Опер #17,Гр. Сидоренко 649,13
9ddab740-bc37-4d04-8a80-36909aa5b222,НПУ,187,В работе,2020-04-15,,Опер #170,Гр. Коваленко 757,2
8746f950-7bc2-4630-9342-a817eb91e78d,СБУ,121,В работе,2023-11-01,,Опер #187,Гр. Гончар 524,8
4f31fe8c-ef8d-47a7-bbcb-3a30831d5499,НПУ,121,Закрыто,2021-04-25,,Опер #42,Гр. Гончар 443,9
f33effc4-7b86-4bdc-ae0d-54abb6adbfb2,НПУ,296,Передано в суд,2023-08-29,2024-08-07,Опер #151,Гр. Сидоренко 591,3
0c2ba501-b3ef-4c18-9d4a-632ace9e658f,Прокуратура,115,На розыске,2023-12-24,,Опер #116,Гр. Иванов 262,2
6c036915-74f9-4c09-8cdd-01ca22174f12,НПУ,307,На розыске,2024-02-29,,Опер #119,Гр. Иванов 401,10
40eec084-6d52-4b0b-bd9c-e25d756b9165,НПУ,296,Закрыто,2025-06-22,2025-08-25,Опер #20,Гр. Иванов 627,6
852f38e0-86d9-454d-b57a-dd26f3358a88,НПУ,194,В работе,2022-10-19,,Опер #1,Гр. Гончар 735,8
b52387d6-4071-4f0e-9b19-0fc0774d3d02,Прокуратура,115,В работе,2023-01-26,2023-09-11,Опер #26,Гр. Мельник 311,0
2ad7d675-9b16-4e05-84d6-6ef7beaf1f42,СБУ,309,Передано в суд,2020-09-09,,Опер #102,Гр. Петров 891,10
f53e1930-e2cb-4115-82ac-ef283927ded4,НПУ,307,На розыске,2024-12-04,2025-06-30,Опер #5,Гр. Иванов 998,15
b8a6a74b-bd97-44ee-8c52-1c2003de1ac5,СБУ,263,Закрыто,2020-09-29,2020-10-27,Опер #32,Гр. Сидоренко 449,0
8c2ef2dd-b63c-4ed1-ac7b-f2b247a5a91f,Прокуратура,296,В работе,2022-08-08,2023-04-09,Опер #60,Гр. Мельник 341,0
45af2e38-1183-4b98-9561-8b5e3e71323b,НПУ,115,В работе,2024-09-03,2025-08-16,Опер #134,Гр. Гончар 148,8
3a39487e-c38b-43c3-b857-fc79befa46f4,СБУ,307,Ожидание экспертизы,2023-10-14,2024-09-26,Опер #35,Гр. Петров 638,14
fce1a0cb-7253-4d0d-a859-f6627123f2ee,Прокуратура,185,В работе,2022-07-19,2022-08-02,Опер #43,Гр. Мельник 748,3
72c23625-d736-46b5-9339-607ad557bd6b,Прокуратура,121,Закрыто,2020-12-21,,Опер #199,Гр. Иванов 925,9
d6533a50-c7a7-45ed-9137-5633009c863a,СБУ,115,Ожидание экспертизы,2021-04-02,2021-12-26,Опер #149,Гр. Мельник 562,5
657d1ec9-d1d1-4c18-9942-4a51adb3a8dc,СБУ,307,На розыске,2024-02-01,,Опер #131,Гр. Гончар 773,6
6f6c4809-f708-412e-a7d9-11b00bb5d454,СБУ,115,Ожидание экспертизы,2023-03-04,2023-11-14,Опер #161,Гр. Сидоренко 290,9
5edd7dc1-79bc-4f2a-ba27-52dd2554545f,НПУ,185,На розыске,2020-10-25,,Опер #119,Гр. Петров 832,11
33d237eb-7de2-4ea6-ab18-85e37adcd679,НПУ,115,Закрыто,2024-08-22,2025-09-11,Опер #187,Гр. Гончар 341,14
909fdde7-6038-4814-b024-175cfe9fdd72,НПУ,263,В работе,2021-06-11,2021-07-22,Опер #182,Гр. Иванов 198,8
531758ab-019d-42b0-9fe4-d4b9dc8bfc89,Прокуратура,289,Передано в суд,2024-05-10,,Опер #89,Гр. Иванов 412,0
119103fb-bb43-4a42-8bb3-8465f3a549cb,Прокуратура,115,В работе,2025-11-15,2026-05-02,Опер #151,Гр. Мельник 611,3
165294de-ab7c-4ef4-825c-14aee6ba6cfe,СБУ,194,В работе,2024-09-12,2025-05-01,Опер #192,Гр. Коваленко 992,10
2d4745a6-4604-4fff-bfe9-50784533a19c,СБУ,307,Передано в суд,2024-03-06,2025-03-27,Опер #69,Гр. Мельник 706,8
2d499b8b-683c-4057-82ec-850dccd96c7f,Прокуратура,194,Закрыто,2025-10-13,2026-05-01,Опер #135,Гр. Мельник 421,4
6a04592d-139e-4407-8f1e-65eab5bdc2fa,СБУ,289,Закрыто,2024-12-15,,Опер #194,Гр. Гончар 807,7
cf0c907d-efd5-4bf8-99f4-f3466ae7b089,СБУ,185,Закрыто,2023-06-26,2023-09-15,Опер #53,Гр. Сидоренко 668,7
b060bd12-3b11-4a33-a6a7-7414d1f6e8ed,НПУ,296,Закрыто,2021-04-02,,Опер #182,Гр. Петров 381,14
cd5b147c-e6ef-4abe-aeb4-e0181c72d21b,Прокуратура,115,В работе,2022-07-24,,Опер #89,Гр. Мельник 294,14
0e5b0ee9-5416-49a9-8b20-5b19a4e825d4,СБУ,115,Закрыто,2021-03-27,2021-12-18,Опер #200,Гр. Гончар 435,14
e862e19e-b685-4888-a695-07f21cae17dc,СБУ,185,На розыске,2024-12-30,,Опер #32,Гр. Иванов 221,5
f3a44894-7d17-4d84-945c-0dc52d6ec471,СБУ,289,В работе,2024-08-23,,Опер #196,Гр. Сидоренко 108,7
46134be5-22f1-4383-baf4-e35108544a3c,СБУ,187,Передано в суд,2022-06-18,,Опер #87,Гр. Сидоренко 996,12
f712c085-f3f2-4fd6-9a3c-2480bb625298,Прокуратура,296,В работе,2022-08-19,2023-02-28,Опер #33,Гр. Коваленко 390,11
19824fdd-99f2-4331-bf47-25813c82e9ca,СБУ,194,На розыске,2022-09-16,2023-03-17,Опер #14,Гр. Гончар 355,2
f630e584-3ab4-4c5a-8036-6a8117fc2ec0,СБУ,187,Закрыто,2021-05-02,,Опер #125,Гр. Сидоренко 603,1
ac2e257e-b206-4826-a01c-e638f127f2ab,Прокуратура,194,Закрыто,2023-10-23,,Опер #85,Гр. Коваленко 983,1
b98c798c-5703-4eef-8abc-a11ea4f8723d,СБУ,121,В работе,2020-02-02,,Опер #46,Гр. Иванов 389,15
6fe63862-7c2d-4e7d-bc0a-09f43a673542,НПУ,121,В работе,2025-04-24,,Опер #75,Гр. Мельник 729,10
929e2e7a-dc93-4e13-980d-1b95d28cf813,СБУ,309,В работе,2024-10-18,,Опер #174,Гр. Иванов 864,2
ca8583f2-fc7f-4874-aeb1-a916c8579957,НПУ,185,На розыске,2021-03-08,2021-06-16,Опер #14,Гр. Сидоренко 848,10
b0b9f694-a62f-4a63-ac12-1e07b988330c,НПУ,194,На розыске,2020-05-14,2021-03-17,Опер #48,Гр. Мельник 302,7
28ce3a94-89e7-4983-8ec2-31e525f457fe,СБУ,121,В работе,2020-05-30,2020-06-12,Опер #197,Гр. Коваленко 217,4
be9a6009-0723-4ffb-a12c-95ad65669bd3,СБУ,115,Ожидание экспертизы,2024-11-28,,Опер #16,Гр. Коваленко 884,1
8879a899-363c-4dbd-9884-f842efc4fc93,НПУ,289,Ожидание экспертизы,2020-03-02,,Опер #85,Гр. Мельник 452,9
0f905727-4b93-40ac-b401-0647e35ff98f,СБУ,115,Передано в суд,2022-11-24,,Опер #131,Гр. Сидоренко 964,0
e0f108ef-3cc4-4edc-9c4b-32c677836cd3,НПУ,263,В работе,2023-09-24,,Опер #3,Гр. Иванов 675,4
4f6b8d2e-738e-4376-ad2a-eca0d112c617,НПУ,185,В работе,2022-08-11,,Опер #173,Гр. Коваленко 239,3
29314dc5-f5e8-412c-ae8a-7149a1c0faa8,Прокуратура,187,Ожидание экспертизы,2021-11-23,,Опер #107,Гр. Петров 218,7
6dbd2540-8aee-403d-8c7f-59cbb49793f3,СБУ,187,На розыске,2024-12-18,,Опер #159,Гр. Сидоренко 852,8
c2be5a85-1bfa-442c-a8d4-8286429ab7f7,СБУ,309,Передано в суд,2021-07-12,,Опер #8,Гр. Коваленко 607,1
7a3a277f-8ab2-4ece-a37b-b597c7e34050,СБУ,115,Закрыто,2022-08-06,2022-10-31,Опер #131,Гр. Сидоренко 995,5
29810666-ce96-45de-88a8-e86c3212045b,НПУ,187,На розыске,2022-08-22,2023-05-27,Опер #154,Гр. Иванов 165,8
325a5f96-b9b5-4da2-b04e-71082a5d7681,НПУ,307,Закрыто,2020-04-03,,Опер #162,Гр. Гончар 973,5
22f1cef3-49a7-42a7-b9b6-dd9959be8ea8,СБУ,307,Передано в суд,2020-11-19,2021-06-29,Опер #40,Гр. Коваленко 312,3
cdc05e57-a8cf-42e0-9866-43cd817ad6d5,Прокуратура,115,На розыске,2022-08-30,,Опер #147,Гр. Иванов 446,3
df64cb71-e6be-43cd-bee2-fece2a59da02,НПУ,307,В работе,2023-10-20,2023-12-29,Опер #15,Гр. Мельник 265,10
a41c8d78-7b34-4221-8ce4-aea2f6c7f05b,СБУ,185,В работе,2020-04-14,2021-01-07,Опер #123,Гр. Мельник 548,7
8f8d45a1-2754-42b0-9bf9-30d53fb425d2,СБУ,115,Передано в суд,2020-02-13,,Опер #109,Гр. Мельник 830,5
ce3bac8d-50bd-4a6e-a434-ea7127c3b4d6,Прокуратура,115,Передано в суд,2025-10-18,2026-05-29,Опер #79,Гр. Коваленко 925,11
d6056857-d1ba-40b5-ba49-a4bae3cd85ef,НПУ,296,Закрыто,2025-09-23,2026-01-01,Опер #147,Гр. Коваленко 690,7
63849459-53ff-47d9-88ca-fde193f30be5,СБУ,296,Ожидание экспертизы,2023-04-10,,Опер #92,Гр. Коваленко 478,15
4069288f-0ce8-410d-95c2-200126b29611,НПУ,185,На розыске,2025-04-21,,Опер #175,Гр. Сидоренко 434,10
7c975a4f-5a55-47df-9457-2ebffbffe893,НПУ,307,На розыске,2022-06-07,,Опер #39,Гр. Сидоренко 131,9
6871b797-8f84-4714-84f7-d460743f6983,СБУ,263,Закрыто,2023-03-30,,Опер #173,Гр. Иванов 582,1
50462759-20d8-4211-a359-271d32f29597,Прокуратура,309,Передано в суд,2023-12-18,,Опер #68,Гр. Гончар 887,9
50410d0c-dd22-4424-a6a2-f74b7b2fc46d,СБУ,307,В работе,2024-09-27,2025-10-06,Опер #187,Гр. Сидоренко 638,4
7e6dcb22-a089-42ed-8c73-76321565d02b,СБУ,307,Передано в суд,2021-06-30,,Опер #81,Гр. Коваленко 787,0
2a74bc47-0499-4a2b-94f7-b2a8210af5af,Прокуратура,296,В работе,2024-01-21,2024-03-09,Опер #127,Гр. Сидоренко 271,3
214c1e8a-9ad3-4548-aebc-b14b7adec752,СБУ,296,На розыске,2022-03-16,,Опер #79,Гр. Петров 617,14
150402a6-80ef-4e38-bc03-5c011c4893f8,СБУ,194,На розыске,2024-08-19,,Опер #156,Гр. Коваленко 985,12
e48ddd85-4181-4871-9f3a-dd56dbfc7d8f,НПУ,185,Передано в суд,2021-02-07,2022-02-15,Опер #30,Гр. Гончар 471,11
5f07ca6c-89ad-4bb8-a8da-3eaf18627ae6,СБУ,263,Ожидание экспертизы,2023-12-04,,Опер #88,Гр. Иванов 864,6
d0f1c75d-998d-47af-ac21-9325d2ab9bf6,НПУ,194,На розыске,2022-01-30,,Опер #56,Гр. Гончар 655,6
a7a363b0-bbce-49d3-8e08-5932a453b902,СБУ,121,Передано в суд,2024-05-28,,Опер #69,Гр. Сидоренко 325,4
ecae2e80-3668-4e95-8b2d-27b313cb7654,НПУ,194,Закрыто,2020-01-02,,Опер #73,Гр. Иванов 469,14
4ecb8af2-8b7c-46e7-8a68-184802ecdf51,Прокуратура,185,На розыске,2023-05-12,2024-06-15,Опер #114,Гр. Иванов 742,12
bab2668d-6acc-417e-adde-f528dadf80cb,СБУ,185,В работе,2020-12-07,,Опер #182,Гр. Петров 758,1
39667ed4-5b30-4add-8e30-c1e590439076,Прокуратура,307,Передано в суд,2023-11-10,,Опер #61,Гр. Гончар 722,0
ba92da36-4e8b-47b6-a0fe-3f63d191e4c5,СБУ,115,Закрыто,2020-10-24,2021-09-26,Опер #117,Гр. Иванов 833,0
2023a211-0f5f-42c9-81d2-360ad21f1e14,СБУ,296,На розыске,2025-04-29,2025-06-22,Опер #122,Гр. Иванов 391,0
93f89742-2c6d-4ff2-b810-bed923798115,НПУ,296,Ожидание экспертизы,2025-08-13,,Опер #173,Гр. Мельник 760,11
05beca9a-3501-4ef3-a76c-75df7587c7be,Прокуратура,289,На розыске,2022-08-22,2022-09-06,Опер #189,Гр. Петров 986,6
e96c6437-621d-434d-adea-28fb5139c00f,НПУ,121,Ожидание экспертизы,2021-03-04,2021-08-22,Опер #81,Гр. Сидоренко 788,8
b880fe66-66c9-4dcc-8e3d-26bd5d9ab8de,Прокуратура,289,Ожидание экспертизы,2024-07-16,,Опер #83,Гр. Петров 345,8
ece16b58-6187-41e6-bbb9-5ddc37e50f43,Прокуратура,263,В работе,2021-03-09,,Опер #83,Гр. Петров 810,15
d7cb49ab-4e34-4fb6-b3f3-6439929a0af8,Прокуратура,194,Ожидание экспертизы,2021-01-09,,Опер #17,Гр. Мельник 727,11
813c7630-f38e-4317-88d8-600b14f4e2d1,Прокуратура,309,Передано в суд,2024-09-26,2025-08-29,Опер #94,Гр. Гончар 473,1
3d51fb55-73f1-4b30-b7d1-d290e20582e1,Прокуратура,289,Закрыто,2020-06-09,,Опер #75,Гр. Петров 475,12
618a195e-ccf3-44e2-aa62-620156cdd1b7,НПУ,309,Передано в суд,2025-02-16,2025-12-01,Опер #153,Гр. Мельник 602,12
6efdcbde-9fd5-4e91-adde-dd4f481ce496,НПУ,289,Закрыто,2024-11-09,,Опер #133,Гр. Сидоренко 625,0
848e3dcf-a396-4fbb-828f-2c6d8f7fd8d3,СБУ,115,Закрыто,2023-05-24,2023-12-10,Опер #155,Гр. Гончар 970,8
c221e034-b6e7-4c82-90d7-efde25feafea,Прокуратура,185,Ожидание экспертизы,2023-06-12,,Опер #16,Гр. Иванов 764,8
55449eec-143c-4736-b128-82804bda4858,Прокуратура,296,Ожидание экспертизы,2021-06-03,,Опер #144,Гр. Сидоренко 833,6
1ddd4440-a3dc-48ac-88f7-a5124a341490,Прокуратура,115,На розыске,2024-03-24,,Опер #149,Гр. Гончар 698,11
cf95726b-9db8-4e1a-9e32-7e426a42fd79,НПУ,289,Передано в суд,2021-11-27,,Опер #191,Гр. Коваленко 189,1
577be856-de1b-4135-938e-39bb7f928535,НПУ,263,На розыске,2021-10-07,,Опер #129,Гр. Сидоренко 192,14
aa90a325-9e83-48fc-88eb-6d8372d24d32,СБУ,296,На розыске,2025-08-21,,Опер #191,Гр. Мельник 836,13
3f512530-d747-4cba-8423-2e931c267d64,НПУ,289,Передано в суд,2025-08-23,,Опер #8,Гр. Сидоренко 801,1
91bf260c-f611-4e16-98dd-5003e7299305,НПУ,263,Передано в суд,2023-07-09,,Опер #4,Гр. Петров 538,1
a5118420-c718-40e7-8d4b-6211dbf88ce7,СБУ,296,Передано в суд,2021-12-26,,Опер #27,Гр. Петров 777,4
27426651-4ef8-4d8a-9598-5931148f45da,СБУ,115,Закрыто,2022-01-21,,Опер #15,Гр. Иванов 101,4
a6c5cd5f-e3cd-41a6-8d15-0e3ac929e67a,Прокуратура,187,Ожидание экспертизы,2024-09-05,,Опер #41,Гр. Гончар 183,2
3f0f8bb5-3804-4f87-9abf-1ade3181c170,Прокуратура,115,Ожидание экспертизы,2021-10-06,,Опер #41,Гр. Петров 199,14
9cf79154-98ff-4642-baf2-88a3b0b281e3,СБУ,289,Ожидание экспертизы,2024-08-03,,Опер #124,Гр. Иванов 167,1
47b177e2-7c22-444c-8bd8-577e7d2b38ad,СБУ,307,Ожидание экспертизы,2022-08-30,2023-05-31,Опер #166,Гр. Петров 657,11
322c542f-329b-46d0-b2e5-52a97abb3122,СБУ,263,В работе,2024-08-10,,Опер #179,Гр. Сидоренко 115,13
77876bac-f3ad-40f3-80c1-0aece278274f,СБУ,115,В работе,2025-02-24,,Опер #20,Гр. Иванов 557,11
d6618d62-9f4b-4555-b4cb-0ec679a30238,Прокуратура,185,Закрыто,2025-04-02,2026-01-12,Опер #122,Гр. Сидоренко 638,6
ffbf6852-b511-418d-9bde-14416a5c2714,НПУ,309,Передано в суд,2023-03-05,2023-08-11,Опер #16,Гр. Коваленко 444,2
921f9327-d3a9-49fa-b746-1e25d1027478,НПУ,115,Передано в суд,2024-06-16,,Опер #74,Гр. Гончар 840,10
a8439bec-3d87-41a1-a85d-374e3292a1c3,Прокуратура,194,В работе,2022-03-14,,Опер #185,Гр. Иванов 200,6
19dfacde-197e-4b17-9f81-ceab7413b621,Прокуратура,307,В работе,2022-10-08,,Опер #106,Гр. Петров 728,9
0e234b7f-f2d8-4b68-818d-828dfad054e9,НПУ,185,Передано в суд,2021-07-04,,Опер #9,Гр. Гончар 809,6
3521f36b-1dff-4e3c-be1b-ebc73a3d4c24,НПУ,187,В работе,2023-03-18,,Опер #162,Гр. Сидоренко 443,0
6748cd9d-b08a-473c-93b4-0ea32d7cf06d,Прокуратура,307,Закрыто,2020-08-22,,Опер #196,Гр. Сидоренко 185,10
a1305796-addf-4917-a0b1-1ae44d359b6c,НПУ,263,Закрыто,2021-12-22,,Опер #95,Гр. Иванов 431,15
5ae9e7c2-8633-4a76-9142-9e98d24b4aeb,НПУ,115,На розыске,2022-02-26,,Опер #87,Гр. Иванов 529,6
95ab0060-4f53-45da-9fb7-82a0002888f6,НПУ,263,Закрыто,2024-08-03,2024-12-19,Опер #33,Гр. Гончар 941,13
4a29a99b-7bda-4337-99af-eb0a585beee2,СБУ,115,Передано в суд,2025-07-23,,Опер #49,Гр. Петров 443,10
8d2cc919-6da3-489e-957e-b022ed5ea328,НПУ,121,В работе,2022-11-24,,Опер #168,Гр. Коваленко 816,5
73c481aa-eaba-42b1-96bf-69d20a67a666,СБУ,309,Закрыто,2024-11-20,,Опер #114,Гр. Иванов 296,8
391211ff-7e53-4577-9703-ec1577d5c304,НПУ,309,Передано в суд,2023-07-02,,Опер #175,Гр. Мельник 342,9
b4b2bd89-b974-48c5-9eb8-44c57ca434d2,НПУ,194,На розыске,2023-10-22,,Опер #20,Гр. Коваленко 139,13
aac7e031-ab2e-446f-b3a7-0a4c277c2053,НПУ,296,Ожидание экспертизы,2020-12-27,2021-10-11,Опер #107,Гр. Гончар 714,3
257fe0fb-28f5-49aa-b450-2d62d5b8b41c,Прокуратура,187,На розыске,2023-11-30,2024-02-03,Опер #132,Гр. Сидоренко 535,9
02db16df-7f41-4fbd-acd3-8beca1b8a191,СБУ,309,На розыске,2025-05-22,,Опер #59,Гр. Мельник 505,1
e7977310-cee3-4c6d-9f08-63be17e1266d,СБУ,289,В работе,2025-01-14,,Опер #95,Гр. Иванов 712,13
e8b2331b-adbf-4782-be53-17f4d041b1df,Прокуратура,121,В работе,2024-09-23,,Опер #59,Гр. Коваленко 611,1
5950db18-17cb-40e8-acd4-86d54d90dbd7,СБУ,263,Передано в суд,2020-04-23,,Опер #183,Гр. Гончар 540,9
8efb7106-9d09-47f7-bfcf-240ada0d5466,Прокуратура,296,На розыске,2020-12-08,,Опер #123,Гр. Мельник 470,11
351be85d-509b-4d65-8563-1842cf71f31f,НПУ,296,Ожидание экспертизы,2020-11-05,2021-09-04,Опер #185,Гр. Коваленко 986,1
01c897de-c636-49df-8a96-41fa87f95d7a,СБУ,121,На розыске,2024-01-28,,Опер #80,Гр. Мельник 139,13
68101a48-5916-4b1b-bab1-9b5cdd8c73cd,СБУ,115,На розыске,2024-06-27,,Опер #128,Гр. Петров 546,5
5a56dd89-2e03-4968-b7c1-fcd1414609b3,Прокуратура,115,В работе,2023-12-21,,Опер #6,Гр. Гончар 334,9
2889d5d4-b79b-4c02-a675-ddfb593bc6ea,НПУ,185,На розыске,2024-01-07,2025-01-27,Опер #1,Гр. Сидоренко 216,3
64087348-1a8c-4527-9dd7-b94e5f2ab60d,Прокуратура,187,В работе,2024-07-16,2025-05-16,Опер #192,Гр. Иванов 419,9
48a02fa0-7208-46da-b3d2-b8b6bb3c1152,Прокуратура,194,На розыске,2024-03-15,,Опер #154,Гр. Петров 421,4
a14b216c-ab3b-4ca5-858c-5e7a3127833f,НПУ,307,Ожидание экспертизы,2023-03-02,,Опер #149,Гр. Мельник 553,3
898dee9c-0f5a-47d7-8f14-793c0e1f5a4b,Прокуратура,121,В работе,2023-03-01,,Опер #3,Гр. Сидоренко 761,1
5ad8c265-04aa-47dd-bd15-399c79a35f39,СБУ,309,Закрыто,2023-11-16,2024-08-29,Опер #97,Гр. Мельник 136,14
70cb170d-c139-4618-ada2-fae3a6b52c42,СБУ,194,Передано в суд,2024-09-04,,Опер #172,Гр. Мельник 921,4
945aa229-c2f2-4e07-bd15-ac9ab0508cab,Прокуратура,289,Закрыто,2021-10-28,,Опер #124,Гр. Петров 985,15
0a5e60e7-a6a0-4f30-a5ed-618fdffcbbf6,СБУ,121,Передано в суд,2022-05-03,,Опер #31,Гр. Коваленко 511,4
2987b40a-b8aa-463f-b23f-54653f91978b,Прокуратура,187,Закрыто,2024-09-22,,Опер #137,Гр. Мельник 854,4
fa9e4e14-a436-4dd3-894e-6aaa085aa7ac,НПУ,309,Ожидание экспертизы,2022-09-15,2022-11-14,Опер #124,Гр. Петров 729,11
4e5d92cb-7fc4-41c3-b343-ce8a1c393e8f,СБУ,115,Закрыто,2023-12-22,2024-01-22,Опер #181,Гр. Мельник 477,0
df28ada8-89ad-4c72-96b5-bdc9aad2905e,СБУ,187,Закрыто,2023-04-01,,Опер #112,Гр. Сидоренко 336,13
e3a61aec-9c7f-473b-8bdf-23b6eee7a4ba,СБУ,263,На розыске,2022-09-17,2022-10-27,Опер #194,Гр. Мельник 445,8
9400e37f-fa2d-45e1-975d-52447e7b3e34,Прокуратура,296,Передано в суд,2024-02-03,2024-04-25,Опер #44,Гр. Петров 219,12
1d1eba4a-7fe1-4df5-bc77-11d27be1c138,НПУ,289,Ожидание экспертизы,2025-11-07,2025-11-18,Опер #132,Гр. Гончар 229,13
51e9fa03-a61b-4489-9f5a-0e4079686f8f,СБУ,309,Передано в суд,2023-08-21,2024-01-10,Опер #14,Гр. Мельник 381,3
3063f99f-3d31-4cc5-8b6c-791ace8967e7,НПУ,296,На розыске,2022-04-28,,Опер #196,Гр. Сидоренко 679,8
1dc3bb7c-7aae-4e75-95bc-876a09b70817,НПУ,194,Передано в суд,2022-12-25,,Опер #75,Гр. Иванов 898,1
bc0ea2ed-8dbd-4bea-8c92-92f61ccd660e,Прокуратура,307,Передано в суд,2025-09-18,,Опер #187,Гр. Сидоренко 470,12
c425c4e7-ac1e-4365-a181-1a4c9479461f,НПУ,296,В работе,2021-10-14,,Опер #37,Гр. Коваленко 517,4
d5d93f80-7d7a-42cb-a335-202f89055714,СБУ,185,Закрыто,2024-04-21,,Опер #126,Гр. Коваленко 360,12
b2b9a932-6c12-4480-8916-ab749f9727b1,НПУ,194,Передано в суд,2025-06-21,2025-10-17,Опер #123,Гр. Петров 940,0
f08df49d-2867-4e79-a60f-f9667f965231,Прокуратура,307,Ожидание экспертизы,2023-07-23,2023-11-04,Опер #18,Гр. Гончар 394,10
1b482366-303a-4235-a75b-b253bf3eee65,СБУ,194,Ожидание экспертизы,2020-06-18,2021-02-16,Опер #81,Гр. Мельник 302,10
765e92c0-cc06-4914-86ce-8949512acd65,НПУ,307,На розыске,2021-10-21,2022-05-08,Опер #138,Гр. Коваленко 508,12
9fe6f736-9a8b-43c5-8ab5-2c9d0115dd02,НПУ,115,Передано в суд,2025-10-24,,Опер #153,Гр. Гончар 484,6
97ebb15c-eb8b-41f0-bb84-37ee43923f93,СБУ,185,В работе,2024-08-10,2024-10-27,Опер #93,Гр. Иванов 470,5
07b16275-153c-4c7f-bf62-927f030e7cf9,Прокуратура,289,На розыске,2023-01-03,,Опер #94,Гр. Сидоренко 352,15
bee384c0-c110-4518-8205-c9c74f1718d0,Прокуратура,187,Передано в суд,2025-03-07,,Опер #74,Гр. Гончар 571,6
b4256be0-ca8b-45ca-89a0-66a90d93e44f,Прокуратура,185,На розыске,2025-01-11,2025-06-21,Опер #13,Гр. Коваленко 313,8
c6e59215-700b-43e3-8895-0b75055cf030,НПУ,121,Передано в суд,2025-03-03,,Опер #73,Гр. Иванов 795,4
46fffecf-e594-4749-a626-ceff61e1ee15,Прокуратура,187,Закрыто,2022-03-26,,Опер #190,Гр. Коваленко 207,10
8a023b41-4b27-4ecd-8538-b42871ab02ed,НПУ,296,Ожидание экспертизы,2024-06-26,,Опер #27,Гр. Сидоренко 505,1
1d10c2d6-09f2-425f-8bc2-54e82ecb9409,НПУ,289,В работе,2024-02-19,,Опер #199,Гр. Гончар 813,15
a1580f83-e3e9-48bb-80e4-1c258a49ec95,СБУ,187,Ожидание экспертизы,2021-02-13,,Опер #90,Гр. Иванов 434,9
2d10670f-aa1b-44b2-983f-78a94d84a598,НПУ,121,В работе,2023-12-28,2024-06-17,Опер #199,Гр. Мельник 322,8
76c7f24f-6b6e-4d2f-8906-f958dc1a0426,НПУ,309,Ожидание экспертизы,2025-03-12,2025-08-18,Опер #81,Гр. Сидоренко 320,10
5de80c8b-f6d4-4ab7-a554-99a10831bec6,НПУ,263,В работе,2025-09-23,2026-01-09,Опер #56,Гр. Петров 751,2
fa26e2dd-e7f9-41f4-b03c-17ad875bba8c,СБУ,309,На розыске,2024-10-26,,Опер #197,Гр. Мельник 586,15
0e19a109-f6c7-4f00-9e02-9a95feb91700,Прокуратура,296,На розыске,2021-07-09,,Опер #39,Гр. Сидоренко 654,14
d5d05782-6044-4f4e-99fa-4b74a1622a92,НПУ,307,Закрыто,2023-01-31,,Опер #61,Гр. Гончар 365,8
8447da2d-a3b1-4a36-8ed0-a22196ad25a1,СБУ,185,Закрыто,2023-05-09,,Опер #53,Гр. Мельник 925,11
726d9157-2690-4dab-867e-7a5386c91ee1,Прокуратура,307,Ожидание экспертизы,2024-05-17,,Опер #62,Гр. Коваленко 833,14
dba6aa65-984d-4635-b491-111969b65c46,НПУ,263,В работе,2022-01-20,,Опер #134,Гр. Иванов 192,10
86d5f08b-b57d-401e-a7d9-2fe1ed5a2bb2,СБУ,263,Ожидание экспертизы,2023-10-25,2023-11-08,Опер #107,Гр. Сидоренко 177,4
a5b685bc-723c-480f-adf2-55af9ea5620e,НПУ,289,На розыске,2024-10-10,,Опер #43,Гр. Мельник 522,1
3d51a2db-370c-4169-b60d-73f569d1f5ce,НПУ,296,В работе,2022-06-28,,Опер #158,Гр. Сидоренко 657,1
3aa83df9-7bd9-400f-96b1-07ec8c9ed062,НПУ,187,В работе,2020-09-04,2021-09-04,Опер #77,Гр. Иванов 557,3
f1bd62eb-62ae-47ed-96f4-7830f6c1ba64,Прокуратура,121,Ожидание экспертизы,2023-03-24,,Опер #186,Гр. Сидоренко 509,5
d2260505-7ed2-4b24-8f32-976bc5227cf5,НПУ,121,Передано в суд,2020-08-08,,Опер #130,Гр. Сидоренко 280,1
660b4c04-f9d0-48ae-9fc5-224f717e3e2c,Прокуратура,194,В работе,2022-01-04,,Опер #1,Гр. Сидоренко 929,15
d707e003-8543-4585-a532-2152dfd4ff6e,СБУ,296,Передано в суд,2025-05-19,,Опер #135,Гр. Коваленко 485,0
d79e22ae-77f6-41f6-9efd-2c98b54234d6,СБУ,289,Закрыто,2021-09-20,,Опер #74,Гр. Иванов 596,13
4eadad49-519e-448a-846b-cc3b992b76d0,НПУ,121,На розыске,2023-11-29,,Опер #160,Гр. Гончар 781,7
36ce8976-bd2d-4440-b9d8-1e14fdc148ba,Прокуратура,121,В работе,2024-12-04,,Опер #130,Гр. Сидоренко 632,13
635e5963-fff6-4c52-a0b5-46ee5aa5dd7f,Прокуратура,263,Закрыто,2023-01-17,2023-09-19,Опер #3,Гр. Петров 997,3
d179a47d-1ab4-4028-9fdb-3fbff0c329a1,НПУ,194,Закрыто,2020-08-09,,Опер #50,Гр. Гончар 110,10
23349828-946c-4457-b048-d706e5252ba6,СБУ,185,Закрыто,2023-10-11,,Опер #183,Гр. Гончар 832,14
448d5172-1d94-431c-aebd-410a6d97a479,СБУ,309,Передано в суд,2024-12-21,,Опер #99,Гр. Коваленко 471,15
2351615d-c6c3-4d7b-abbd-946e8bc0bf5a,Прокуратура,309,Закрыто,2022-01-22,,Опер #179,Гр. Коваленко 558,15
4a6b94ae-385d-47f7-8f31-d7638e3d73c9,НПУ,263,Закрыто,2022-10-02,2022-10-09,Опер #164,Гр. Мельник 568,4
9e75b2e5-3388-4ae6-8fee-ac39067d50d2,Прокуратура,187,Ожидание экспертизы,2024-10-27,,Опер #17,Гр. Мельник 999,4
38727cc7-b210-4d5f-821e-2b7d798dc0ad,СБУ,121,Ожидание экспертизы,2025-07-14,,Опер #139,Гр. Петров 496,1
406e373f-102e-4575-be33-41657e58a1df,НПУ,289,Закрыто,2022-08-29,,Опер #109,Гр. Коваленко 923,13
24123d20-b5ed-415e-b3da-8334cddeeecf,СБУ,185,Передано в суд,2020-08-18,,Опер #79,Гр. Мельник 521,6
5525702a-4371-4eb4-bc46-11eaa9bed3fd,НПУ,263,Ожидание экспертизы,2020-02-04,,Опер #150,Гр. Гончар 657,5
5e7edffb-fc2c-417d-80b5-17099bb508ed,НПУ,309,Передано в суд,2022-10-18,,Опер #9,Гр. Петров 216,12
60db53bc-b380-49a3-ad31-c7e08a01015e,СБУ,115,Передано в суд,2024-09-15,,Опер #129,Гр. Петров 776,3
9adaa666-1aa6-41b7-8ecd-3de3a31dcb97,СБУ,185,В работе,2021-02-13,,Опер #107,Гр. Коваленко 770,3
8d94213d-13cb-4fac-bc19-40d489b6ddc5,Прокуратура,187,Закрыто,2023-06-30,,Опер #58,Гр. Петров 156,4
f8cd44b9-1dd4-476a-a649-8e76aa4e0efe,НПУ,289,Закрыто,2023-04-29,2024-02-08,Опер #153,Гр. Петров 192,14
326b42d1-58df-429a-b21f-ddaecc2b6dc2,СБУ,309,Ожидание экспертизы,2025-11-20,,Опер #165,Гр. Коваленко 290,8
b8c73908-4430-415f-a588-f34ef0fc587d,Прокуратура,187,Передано в суд,2024-10-05,2025-01-24,Опер #124,Гр. Иванов 849,8
dd0859dc-79a0-4176-a6e4-be97f91e5ce3,СБУ,185,Закрыто,2025-02-21,,Опер #37,Гр. Коваленко 848,15
48166231-c0c6-4441-8caa-d497db0062e3,НПУ,263,В работе,2023-12-23,2024-05-11,Опер #103,Гр. Коваленко 213,1
4eddf428-f592-4b64-8404-0d427ecd514a,НПУ,307,Закрыто,2021-10-02,,Опер #127,Гр. Иванов 564,2
e7b1a29c-28b7-4e17-bda1-687df597c3d5,НПУ,187,Передано в суд,2021-08-29,,Опер #39,Гр. Петров 210,9
72ba1b38-76c5-48f3-8a6d-4eb04aa68ac7,НПУ,296,Закрыто,2025-06-17,2026-05-05,Опер #182,Гр. Иванов 287,0
dd6461c1-2fc1-4e9d-b0a3-6d228347b769,СБУ,115,На розыске,2024-11-27,2025-04-25,Опер #9,Гр. Мельник 703,3
425fbf5b-5ae4-461f-819b-fc6a26a73acf,НПУ,309,Передано в суд,2021-07-14,2021-12-11,Опер #137,Гр. Сидоренко 880,10
b4da1dc9-a271-4322-a234-eab985c08529,СБУ,185,Закрыто,2023-12-15,,Опер #113,Гр. Сидоренко 436,8
bf490da9-ef46-415f-b3c0-139bd81fb0a9,НПУ,194,На розыске,2024-02-07,2024-09-02,Опер #179,Гр. Иванов 928,4
2d23e0e2-531e-4844-8b27-ae471e9edcb5,Прокуратура,309,В работе,2020-12-31,,Опер #26,Гр. Иванов 127,7
eb4f782f-201a-43be-9371-b09728aec7c5,НПУ,296,Передано в суд,2020-12-01,,Опер #173,Гр. Гончар 793,4
105386f8-c950-4186-b187-c1ca52d04d3a,Прокуратура,121,В работе,2022-04-09,,Опер #135,Гр. Сидоренко 357,6
dee7b196-d22e-4e6c-986a-e13255631e10,Прокуратура,187,На розыске,2021-11-15,2022-01-19,Опер #4,Гр. Гончар 366,15
cec6cbab-0345-4d4e-a184-b048fb6211a2,НПУ,263,Передано в суд,2023-10-06,2024-01-16,Опер #137,Гр. Петров 802,13
cb69e5d4-5ae3-4af7-a22e-0fc516cce17c,Прокуратура,307,На розыске,2023-10-18,2023-12-28,Опер #78,Гр. Коваленко 529,5
5dfb464d-8eaa-43a0-ae08-7d82f253eeeb,СБУ,289,Передано в суд,2025-09-04,,Опер #147,Гр. Петров 591,9
1d198e4c-5ad6-4dc8-8262-82f0b892f8b4,НПУ,296,На розыске,2022-07-03,2023-08-02,Опер #64,Гр. Сидоренко 555,13
2ff9b9c2-f7af-46f0-b814-60017214a252,Прокуратура,263,Ожидание экспертизы,2020-04-23,,Опер #10,Гр. Сидоренко 783,12
272af431-b9c5-4133-bff4-96bedddee6bf,СБУ,289,На розыске,2021-09-01,,Опер #154,Гр. Гончар 808,12
07b529d2-5332-49fa-8d5a-e75857207f2f,НПУ,115,На розыске,2022-03-10,2022-12-17,Опер #186,Гр. Сидоренко 987,1
5dd1e4ce-c28f-4190-87f6-e6ed9ec5a71f,Прокуратура,185,В работе,2021-05-05,,Опер #75,Гр. Мельник 886,8
e0e2f386-85f5-4c44-b11c-820096f9a60d,СБУ,263,Закрыто,2025-03-12,,Опер #138,Гр. Иванов 653,10
f7bcbaff-3cc9-4bf8-b559-7ff7561734ce,СБУ,121,Ожидание экспертизы,2022-12-20,,Опер #8,Гр. Коваленко 557,2
c4d046e3-8fa9-4b32-835d-ab92e4365789,НПУ,121,Ожидание экспертизы,2021-03-16,2021-10-20,Опер #196,Гр. Петров 973,15
54d6af0e-f210-49fe-971c-17a054886897,СБУ,185,Передано в суд,2021-03-01,2022-02-09,Опер #121,Гр. Иванов 211,12
de300a4d-d1c8-40bb-be59-5d95726c52c0,Прокуратура,185,Закрыто,2023-12-14,,Опер #163,Гр. Сидоренко 418,14
162733bc-d5ab-401a-97d8-7d6fcf050093,Прокуратура,194,Передано в суд,2021-03-25,,Опер #146,Гр. Мельник 706,5
e9162c5c-356f-4f69-ab51-e4cc4713bfd7,СБУ,263,В работе,2022-08-16,,Опер #13,Гр. Иванов 764,8
282e4464-e994-4a8e-bc23-acb991670a43,СБУ,289,На розыске,2024-07-12,,Опер #161,Гр. Сидоренко 448,9
856a7d0c-0d2f-404a-83f2-ca8823fd6053,НПУ,115,На розыске,2025-09-01,,Опер #26,Гр. Иванов 908,10
c032cd37-7103-4200-a26d-45bbc040320c,СБУ,307,На розыске,2024-02-26,2024-03-10,Опер #166,Гр. Мельник 355,13
585a971c-19c4-4980-9280-0e803ce4e5c4,НПУ,289,Ожидание экспертизы,2023-03-04,,Опер #44,Гр. Мельник 363,5
aa02d1e4-e0c9-4457-b078-8e4196a56d16,Прокуратура,289,В работе,2025-10-26,2026-06-02,Опер #91,Гр. Коваленко 924,2
aee441aa-afd6-4ee9-b217-781d19cb5c78,Прокуратура,307,В работе,2022-01-14,2022-10-06,Опер #163,Гр. Мельник 964,14
bca5e504-4ce3-48b8-b02e-c64557bd0d71,СБУ,307,На розыске,2022-06-21,2023-04-17,Опер #181,Гр. Иванов 897,5
3b3ceb3c-081a-48b8-8106-98a955ede278,Прокуратура,194,Передано в суд,2023-04-08,,Опер #154,Гр. Иванов 385,11
16f6f042-6893-4f6d-949f-e1f98e72cf01,Прокуратура,307,Ожидание экспертизы,2022-07-23,,Опер #102,Гр. Коваленко 327,6
2e827ea4-a513-42a5-92a5-3a30ee31166e,СБУ,309,В работе,2022-09-15,,Опер #179,Гр. Коваленко 580,10
66371c2a-a703-4e85-a798-69532c8429ec,СБУ,187,В работе,2023-11-21,2024-03-03,Опер #164,Гр. Иванов 648,8
7c477263-708b-48f1-950e-c2e25949159b,Прокуратура,296,Закрыто,2025-03-01,,Опер #86,Гр. Коваленко 243,13
86b1277f-033e-43a9-8ce3-02cffe87fb10,СБУ,289,Закрыто,2020-11-09,2021-04-08,Опер #47,Гр. Иванов 132,3
131fcc31-7b34-4545-8b96-ff7057f5e4ff,Прокуратура,115,Закрыто,2025-06-10,,Опер #122,Гр. Гончар 502,14
c4a6154c-1066-45f3-ad73-f9e98bd76964,НПУ,194,Закрыто,2020-07-07,,Опер #135,Гр. Сидоренко 852,2
4a9e36a6-8ed5-46f7-ab7a-61cf1b8c2a37,СБУ,296,На розыске,2023-02-12,,Опер #184,Гр. Коваленко 847,12
3feaf0ce-bebf-4a90-acff-3f16136244b2,НПУ,185,На розыске,2022-02-27,2022-04-03,Опер #174,Гр. Коваленко 255,15
ce518137-e90e-484f-b7e2-37b5423bc5ed,НПУ,309,В работе,2023-08-20,,Опер #163,Гр. Сидоренко 347,4
8c7fb9d1-47f4-4a30-a344-e290c04b01e6,Прокуратура,115,На розыске,2024-02-08,,Опер #121,Гр. Иванов 429,4
886fed92-2478-45a3-85a7-ccc186f357a9,СБУ,194,На розыске,2020-07-14,,Опер #185,Гр. Иванов 205,4
ed4e2173-9a0f-4e62-810d-272ac0f981f0,НПУ,263,На розыске,2024-05-28,2024-09-12,Опер #188,Гр. Мельник 510,11
e7b8c2f0-75e1-4b89-96ab-823183a8b1a2,НПУ,194,Ожидание экспертизы,2021-09-13,,Опер #22,Гр. Иванов 392,14
4604dd4d-530d-435e-96ae-38c55d3bf460,НПУ,121,Передано в суд,2025-04-16,,Опер #58,Гр. Мельник 729,15
56bbf060-4161-4419-b228-2a68637a4821,Прокуратура,185,Ожидание экспертизы,2024-07-18,2024-11-08,Опер #198,Гр. Мельник 786,12
b9b197b0-b903-4014-8525-a6ed9f0d368b,СБУ,185,Передано в суд,2023-07-12,,Опер #137,Гр. Мельник 424,9
10870e28-0010-40d9-8220-92e516ec0966,Прокуратура,115,Ожидание экспертизы,2021-07-24,2022-05-05,Опер #60,Гр. Петров 464,6
01223f39-7e02-422a-b85c-e72b931e6638,НПУ,185,Закрыто,2023-09-10,2024-03-07,Опер #23,Гр. Гончар 604,9
bd6099c1-be2b-43c4-8ed8-23c1ab0f215d,НПУ,307,Закрыто,2025-11-24,,Опер #129,Гр. Сидоренко 445,6
ebf7e6b7-8e3e-4117-a471-c7f74ebcba9c,СБУ,115,На розыске,2020-04-27,2020-05-10,Опер #190,Гр. Петров 405,1
47c6d601-5ee4-430d-b65f-2cf8924ae6fd,Прокуратура,121,Передано в суд,2025-04-09,,Опер #144,Гр. Сидоренко 754,3
8a32a56f-92bb-4e03-b8aa-04ae16805b6d,НПУ,121,Передано в суд,2025-01-20,,Опер #195,Гр. Иванов 697,10
4abf2915-044a-4e29-8751-ba65133ef297,СБУ,296,В работе,2024-02-05,,Опер #143,Гр. Петров 111,8
e3d7d721-7f98-49c7-a6e7-777450258acd,СБУ,263,Ожидание экспертизы,2025-02-26,,Опер #140,Гр. Сидоренко 239,8
0a1b77f8-7dd0-470e-964c-5c389b9a9a78,Прокуратура,115,На розыске,2023-11-21,,Опер #45,Гр. Гончар 733,15
5be7ab33-36a4-45ea-a0b0-30288cabc7ba,СБУ,185,На розыске,2021-08-04,,Опер #22,Гр. Петров 881,4
9da84f6b-410d-4950-8c25-6d8fe2ecac7d,Прокуратура,307,В работе,2021-08-29,,Опер #199,Гр. Иванов 367,14
5f333524-edf0-4b87-ad16-c9495c3bd862,Прокуратура,263,В работе,2021-06-13,,Опер #46,Гр. Петров 921,15
0b94272e-92e2-429e-aca8-871fd0e99771,СБУ,307,В работе,2021-12-08,,Опер #55,Гр. Гончар 803,11
6eeed741-96e0-4ce3-993b-9926a450e350,Прокуратура,185,Передано в суд,2022-06-16,,Опер #23,Гр. Петров 699,13
6f7a8903-c75f-48be-82b4-b7cca4621e66,НПУ,194,В работе,2024-09-01,,Опер #35,Гр. Петров 232,6
7626503f-e32c-4250-8708-c34468930ddd,Прокуратура,121,Ожидание экспертизы,2024-05-03,2025-02-10,Опер #42,Гр. Иванов 838,6
4424602e-7b3f-405e-92f6-4abd8d8d02fa,НПУ,187,В работе,2024-08-26,,Опер #117,Гр. Мельник 307,10
db1e38e0-06aa-4f07-8182-1f82257b45cc,НПУ,307,На розыске,2023-03-03,,Опер #61,Гр. Иванов 413,5
e88422d3-c1b9-46db-95e2-e05498988aa4,СБУ,194,Ожидание экспертизы,2023-01-27,,Опер #181,Гр. Коваленко 566,10
f7f57138-da0a-41a0-b844-7dfabc74afc8,Прокуратура,185,Ожидание экспертизы,2022-11-04,,Опер #191,Гр. Мельник 771,11
e7f9266d-44fe-42cc-acea-979aa3ac31cc,СБУ,115,Передано в суд,2020-01-02,2020-05-10,Опер #152,Гр. Иванов 167,1
a71625ee-cff2-46dd-a58c-72d11f919756,Прокуратура,289,Передано в суд,2023-02-02,2024-02-14,Опер #36,Гр. Сидоренко 697,11
ce116547-5ca2-4cbc-9567-5de89c365c23,НПУ,121,На розыске,2024-02-16,2024-08-15,Опер #151,Гр. Коваленко 968,1
03147e01-9bec-4a9f-b634-783db775e692,СБУ,309,На розыске,2020-09-29,2021-03-28,Опер #177,Гр. Мельник 622,11
4875d528-4e6b-456a-8a14-e4e9db908ad6,Прокуратура,115,Закрыто,2020-03-16,,Опер #130,Гр. Коваленко 622,11
a940c9db-9f44-446b-9e9a-31506fb2d858,СБУ,296,В работе,2020-08-29,2020-12-22,Опер #128,Гр. Иванов 739,6
d58260ae-5613-4ec2-8bf3-4369c59d2f46,Прокуратура,187,В работе,2023-04-21,2023-12-19,Опер #142,Гр. Сидоренко 912,11
c4301bcb-82a9-4df4-aff3-4626794bf8b6,НПУ,263,Передано в суд,2021-09-01,,Опер #142,Гр. Петров 311,15
e8702920-553f-4531-aecb-e47a633b15a5,НПУ,121,Закрыто,2023-10-29,2024-10-29,Опер #156,Гр. Иванов 518,13
990baa4c-ed2d-49fa-ad38-554f56878f09,СБУ,263,В работе,2025-02-19,2025-12-26,Опер #35,Гр. Петров 279,10
4a58457a-5405-4ede-82ae-63e22e1e7264,Прокуратура,309,На розыске,2025-07-02,2025-10-09,Опер #198,Гр. Сидоренко 577,10
47145b55-1eb3-4c2d-bd0a-cd36f99f011e,НПУ,289,Ожидание экспертизы,2021-02-21,,Опер #123,Гр. Сидоренко 258,8
e74a2529-5fbd-4933-ab4c-89534100d4f0,НПУ,187,Передано в суд,2022-01-28,,Опер #27,Гр. Сидоренко 301,8
3fc615a0-75b9-434b-beee-e315f3ed3a60,СБУ,194,На розыске,2025-08-12,,Опер #117,Гр. Сидоренко 217,3
317844b8-92f8-4fb3-ae60-dcb497bb0d63,Прокуратура,115,Ожидание экспертизы,2025-05-02,2025-06-04,Опер #1,Гр. Коваленко 221,11
e7cfca9c-0e26-446f-916b-8d2eb8a16848,Прокуратура,185,Передано в суд,2022-07-14,,Опер #155,Гр. Мельник 584,14
91519d84-1feb-4321-9674-e8e1bcdf6b62,Прокуратура,307,Закрыто,2021-08-18,2021-09-15,Опер #116,Гр. Коваленко 571,1
ccda1e6b-9dbd-4b45-87a7-0665f81595a9,Прокуратура,115,На розыске,2020-10-24,,Опер #94,Гр. Мельник 817,13
6ac65f73-80be-4b00-9ab5-5d74dbb8b44b,Прокуратура,185,На розыске,2023-06-26,,Опер #78,Гр. Гончар 744,11
b875809b-fa21-4a7d-9a39-e987a1ab2e8c,СБУ,115,На розыске,2022-05-12,,Опер #58,Гр. Петров 434,1
eecfc904-d1f8-4b0c-b0d6-1ff735892471,НПУ,115,Ожидание экспертизы,2021-01-11,2021-09-25,Опер #143,Гр. Сидоренко 539,4
29281e20-10e1-4ddc-99c6-6c132390786d,СБУ,307,Закрыто,2025-03-12,2025-07-26,Опер #44,Гр. Иванов 349,14
7781c622-2ffc-46b0-ae8c-b60a831ef745,НПУ,296,Ожидание экспертизы,2021-03-11,,Опер #51,Гр. Иванов 770,9
4048531a-181d-4a52-b5f0-9704429f30fa,НПУ,289,В работе,2022-01-18,,Опер #148,Гр. Иванов 685,15
324b8cec-5ac8-423f-8839-5bf721d58975,НПУ,309,Закрыто,2024-11-11,,Опер #71,Гр. Гончар 395,14
cd657fb1-8a1f-440d-8c2a-532b5fdf0a10,СБУ,187,На розыске,2020-07-23,2020-12-18,Опер #52,Гр. Коваленко 747,9
71ad2ea4-47de-470d-b0b5-3adef13c9611,НПУ,185,В работе,2025-06-19,2025-10-05,Опер #131,Гр. Иванов 771,9
ab7d7873-1375-4fdc-8885-1384a07a507a,НПУ,187,Передано в суд,2020-07-24,2021-02-20,Опер #19,Гр. Петров 914,8
28b401ea-023d-4acd-b3a0-c658f07116e1,Прокуратура,115,На розыске,2021-07-26,2022-06-08,Опер #162,Гр. Мельник 982,0
b2aa3a57-2f93-41aa-8a62-95f8994badd6,СБУ,115,На розыске,2022-01-28,2022-07-20,Опер #80,Гр. Сидоренко 420,4
c12e5f73-e7fe-44ad-96a7-30b13685abaf,СБУ,309,Закрыто,2022-06-19,,Опер #74,Гр. Коваленко 257,14
bb0f975d-6e74-4369-a1a5-c3090842b5f0,Прокуратура,187,Передано в суд,2022-03-26,,Опер #62,Гр. Петров 327,6
7c3cf5e4-6421-4e7d-80ea-47b9cbdbb1ed,СБУ,263,Передано в суд,2025-02-22,,Опер #78,Гр. Гончар 412,7
b366816c-5f00-4ec5-8256-896015b03cbd,СБУ,187,Ожидание экспертизы,2022-05-17,2023-03-05,Опер #105,Гр. Сидоренко 991,13
d1ab0851-22d6-40b9-adec-b3fb80e02352,СБУ,115,Ожидание экспертизы,2023-05-26,,Опер #105,Гр. Иванов 932,5
63e31021-38f8-4fc7-b55e-797d1a3934ac,СБУ,289,На розыске,2023-12-09,2024-10-03,Опер #31,Гр. Сидоренко 617,6
058e88ac-5506-494f-89dc-f1b755c637dc,НПУ,296,Ожидание экспертизы,2020-12-06,,Опер #25,Гр. Иванов 991,9
20294547-2fb4-48d1-8c6c-2d1100eaf3ff,НПУ,121,В работе,2021-10-20,2022-04-27,Опер #119,Гр. Петров 541,11
96958a0b-c73b-4b4e-9eff-7844df6a730e,СБУ,309,На розыске,2024-04-19,,Опер #152,Гр. Гончар 691,1
4884cb45-c13d-4aae-ae71-ca1cf55dc847,НПУ,307,Передано в суд,2023-02-10,2023-10-28,Опер #91,Гр. Иванов 811,7
629073e1-afd8-462f-82d8-d87123791037,СБУ,185,Закрыто,2020-07-05,2021-07-23,Опер #185,Гр. Иванов 935,5
d39cfbcd-2aa9-4acc-8932-3cd5b8749a19,Прокуратура,309,На розыске,2025-07-27,2026-08-03,Опер #45,Гр. Петров 747,6
50a49e36-841c-4631-866d-30cc9faff781,Прокуратура,194,Закрыто,2022-06-25,,Опер #163,Гр. Иванов 913,8
4acc648b-8fda-4d47-840c-35985a000c90,НПУ,187,На розыске,2023-09-13,,Опер #59,Гр. Иванов 710,12
50745daa-10bd-4626-ad71-f8a54faacb27,Прокуратура,307,На розыске,2021-12-20,,Опер #137,Гр. Сидоренко 863,12
60782826-ec6c-4570-a218-44aca41fd9a2,НПУ,115,Закрыто,2021-06-10,2022-02-01,Опер #87,Гр. Коваленко 950,4
bd202fc7-c9d2-40b1-800e-64f5c9b2aa4a,Прокуратура,187,На розыске,2021-09-16,,Опер #73,Гр. Петров 572,8
6f2b0947-17a5-44d4-b86a-109b56791131,Прокуратура,309,Закрыто,2020-08-15,2021-03-18,Опер #194,Гр. Петров 726,4
629eac83-eb8c-4b2b-86b3-118778558921,Прокуратура,289,На розыске,2021-01-22,2022-01-15,Опер #144,Гр. Иванов 851,11
27c04be5-452d-4951-952a-9960ee58f549,Прокуратура,115,В работе,2024-11-25,2025-12-15,Опер #62,Гр. Иванов 636,12
2789c0b0-0760-41f6-9e99-eb6935b75058,НПУ,296,Закрыто,2024-10-12,2025-01-20,Опер #118,Гр. Гончар 248,4
e82f8046-9c86-4189-81a7-1b5a0945864d,Прокуратура,121,Ожидание экспертизы,2020-05-30,,Опер #68,Гр. Петров 234,5
fb9df325-8c8e-477b-bcf8-859250677107,НПУ,121,Закрыто,2024-03-15,,Опер #54,Гр. Гончар 177,10
a70d678c-2b4c-434a-b304-5846a33c3c9e,НПУ,185,Ожидание экспертизы,2021-11-04,,Опер #148,Гр. Мельник 737,12
16198c26-8b86-4dcd-8ae1-c0fcb0d07289,НПУ,309,Передано в суд,2022-01-13,,Опер #38,Гр. Петров 258,15
dbaeeaa8-6eb6-4c86-b724-3118b25f0537,Прокуратура,289,Закрыто,2025-11-30,,Опер #109,Гр. Сидоренко 439,0
f57dc536-3cfc-4b30-ab43-803ae77d4ec9,Прокуратура,309,Передано в суд,2022-03-15,,Опер #58,Гр. Гончар 358,4
9b8e0e5c-0040-4e41-a563-25b3b3730d58,Прокуратура,296,На розыске,2023-04-23,2023-07-24,Опер #97,Гр. Мельник 875,0
34e70d02-b52a-436a-afd1-cf774905329e,Прокуратура,185,Ожидание экспертизы,2020-04-04,2020-04-30,Опер #39,Гр. Коваленко 847,0
3448dba1-af14-42ef-8d01-408dba50933b,НПУ,296,В работе,2022-11-29,,Опер #63,Гр. Петров 338,6
c66f3fe1-9c75-421f-9988-39fb95c131fa,СБУ,289,Закрыто,2024-02-12,2024-08-13,Опер #42,Гр. Мельник 289,5
a70273ec-686b-473d-90dd-345bc8beefb0,НПУ,307,В работе,2020-11-19,2021-10-01,Опер #58,Гр. Гончар 630,8
df46bede-bc88-4e0f-9f34-f97cd72ee6cd,Прокуратура,289,Закрыто,2025-07-19,,Опер #176,Гр. Сидоренко 756,9
95f4c9c7-6502-457e-bab7-1b29c61d41d6,НПУ,185,В работе,2023-10-20,2024-06-11,Опер #134,Гр. Сидоренко 262,11
8c3acfd2-d130-48ea-92f4-457e2f6fb0f1,СБУ,187,В работе,2021-04-10,2021-06-06,Опер #81,Гр. Коваленко 235,3
bb1349e0-658c-493d-8c5a-1d542dae9a89,Прокуратура,185,В работе,2025-04-12,2025-11-02,Опер #115,Гр. Гончар 853,2
bf63078e-78e7-4e97-b474-f1edd71dea68,НПУ,307,На розыске,2022-04-15,2023-03-20,Опер #72,Гр. Мельник 836,15
433cbf69-83c8-4993-b087-49248bce91d8,Прокуратура,307,В работе,2021-06-27,2022-03-17,Опер #17,Гр. Петров 976,11
6a6e664f-7a6b-4b8f-a1f0-f271ad1be4e5,СБУ,296,Закрыто,2024-10-26,,Опер #172,Гр. Гончар 213,12
93e7d057-0ef0-4434-87a2-f93a8b573a73,Прокуратура,289,В работе,2025-10-15,,Опер #198,Гр. Иванов 135,13
3f4154e4-b327-45fd-a31b-f06fa9531547,НПУ,194,Закрыто,2020-02-29,2020-10-04,Опер #174,Гр. Иванов 886,15
d5c64d3f-d250-4a85-9921-9f658757ece8,СБУ,289,На розыске,2024-09-04,2025-01-10,Опер #55,Гр. Сидоренко 755,13
0df7c24e-781b-4451-9075-742d4a07ea87,НПУ,121,Закрыто,2024-06-07,,Опер #175,Гр. Сидоренко 446,11
c49784c5-38b4-4c46-a49f-4dd2b5cb3530,Прокуратура,263,Передано в суд,2020-05-10,,Опер #59,Гр. Коваленко 493,6
86036344-cfd9-45a0-915e-bda6a0f54285,СБУ,296,Закрыто,2021-07-05,2021-09-16,Опер #164,Гр. Гончар 249,9
94800887-8eb0-44f2-8c13-b282808df195,Прокуратура,307,В работе,2020-02-20,,Опер #123,Гр. Сидоренко 889,3
2db78dcf-49d8-416b-8388-cdab550c0cc0,Прокуратура,309,Передано в суд,2022-12-01,,Опер #62,Гр. Гончар 886,5
9030043d-fa5c-463e-aa6f-9989c1f34c5d,СБУ,185,Ожидание экспертизы,2020-12-14,,Опер #199,Гр. Коваленко 408,1
74dc6564-e0b1-497d-90fe-1f0c42fe9c06,СБУ,309,В работе,2020-10-21,2021-02-23,Опер #199,Гр. Коваленко 663,15
f9535d85-8a93-4359-918a-47a3095fbb9e,СБУ,309,В работе,2024-09-10,,Опер #200,Гр. Гончар 760,10
d1b99b36-287a-44f5-b048-45527f2f20e2,НПУ,187,На розыске,2023-06-28,,Опер #104,Гр. Иванов 660,7
530f6153-6dc3-41d4-a8d5-08be4536e963,Прокуратура,263,На розыске,2022-10-30,2022-11-12,Опер #171,Гр. Мельник 615,15
00d313d4-f92f-4154-b277-4f63fb05b309,НПУ,194,Закрыто,2022-12-01,,Опер #55,Гр. Коваленко 464,8
a2bcef4a-a9ee-4614-9028-be6c693c0b40,Прокуратура,296,Закрыто,2021-04-03,2022-02-04,Опер #173,Гр. Мельник 945,1
6e9a55f1-2c35-43bc-9bb6-db0d7fa28fd0,Прокуратура,307,Закрыто,2020-09-02,,Опер #126,Гр. Мельник 179,10
502a0440-2530-4e43-aae9-e6a84f5bae71,НПУ,115,Ожидание экспертизы,2022-02-19,,Опер #113,Гр. Мельник 437,5
fc9a62b4-dff3-4cf1-b2f1-7163d91693ca,НПУ,121,Закрыто,2022-05-16,2023-06-05,Опер #195,Гр. Коваленко 444,10
ad8797a0-e729-46ff-bc2a-4952249f9e3b,Прокуратура,289,Ожидание экспертизы,2021-02-06,,Опер #83,Гр. Мельник 815,3
0c0e94b7-6ac4-475f-b977-f8e7f6d4316a,НПУ,115,Передано в суд,2024-11-03,,Опер #87,Гр. Иванов 595,3
6fbe5450-d1ce-4744-9a41-4c60a66a9d4c,НПУ,121,На розыске,2022-04-03,,Опер #88,Гр. Мельник 506,6
39065dea-2d5f-48d5-92f5-fe0e7ef2798f,НПУ,296,В работе,2024-10-05,2025-01-19,Опер #70,Гр. Петров 886,8
b84dd8dc-60d0-4faa-9e71-6f8a2d22c72b,НПУ,194,Ожидание экспертизы,2020-07-18,2021-04-12,Опер #125,Гр. Иванов 977,0
66c8234b-03f8-40b8-ae5c-eb399abd1642,СБУ,185,Передано в суд,2023-05-05,2023-06-30,Опер #16,Гр. Иванов 497,4
d0975ee6-a090-471c-a254-8b86e34bb4e7,Прокуратура,185,Передано в суд,2022-04-15,,Опер #41,Гр. Сидоренко 506,1
12effbe8-53af-4bc4-bd9c-b8da6106ff36,СБУ,307,В работе,2024-05-06,2024-08-28,Опер #162,Гр. Сидоренко 975,0
4a38a022-ef6a-45b2-848b-487948fe91fb,СБУ,296,Передано в суд,2022-09-28,2023-07-06,Опер #33,Гр. Мельник 875,0
287826e5-adef-4b02-80e6-4d75addd27ea,СБУ,187,На розыске,2025-03-12,2026-02-01,Опер #182,Гр. Коваленко 998,11
a9ca7ce7-417e-4c64-b88c-5ae3e0124d75,Прокуратура,194,Передано в суд,2021-02-01,2021-05-02,Опер #200,Гр. Коваленко 653,15
343d051e-ce51-40fc-9aa2-5b99f549ee78,НПУ,187,Закрыто,2023-03-08,,Опер #123,Гр. Гончар 872,5
c8d8e854-d9ce-47be-a806-95d43212eb34,СБУ,187,В работе,2023-08-19,2023-10-12,Опер #173,Гр. Петров 944,10
0f6ebfde-4b53-4e0f-9854-91f60ba1ed20,Прокуратура,115,Ожидание экспертизы,2023-03-09,,Опер #70,Гр. Коваленко 561,0
a723ca43-9c52-49fd-8f71-70104b055051,Прокуратура,115,Закрыто,2023-10-03,2024-07-02,Опер #144,Гр. Гончар 696,15
54a1f8da-4843-4886-ad3e-375c73c52609,СБУ,194,Передано в суд,2025-04-26,,Опер #112,Гр. Гончар 717,11
3b2e00bf-00b3-4776-8d5e-2e084d7a26e1,НПУ,121,Передано в суд,2024-08-06,,Опер #116,Гр. Коваленко 773,15
8d2e9516-115a-43a7-8d6f-34bfcf5641fa,НПУ,121,Ожидание экспертизы,2025-06-16,2026-02-09,Опер #21,Гр. Иванов 938,9
5c7beaf7-143a-495e-a9f9-6a956d508526,СБУ,309,Передано в суд,2022-12-27,,Опер #195,Гр. Гончар 987,3
c2b2711b-4440-45ed-8929-90898b1d58a4,Прокуратура,115,Ожидание экспертизы,2023-07-26,2023-08-05,Опер #113,Гр. Гончар 439,9
a6202e86-6f52-4c0e-8f49-12de13ea79de,НПУ,296,В работе,2023-05-12,,Опер #171,Гр. Мельник 756,3
caf5cbfe-a68c-4b09-9c72-333f6ab629ac,НПУ,296,На розыске,2020-06-13,2021-06-30,Опер #21,Гр. Коваленко 411,13
97d75a55-a2a1-4077-889a-56ab91d6b9f6,СБУ,115,Ожидание экспертизы,2024-07-02,,Опер #187,Гр. Сидоренко 341,1
84a373a5-cab3-4970-be99-6a501c7b11df,Прокуратура,115,В работе,2022-11-07,2023-07-07,Опер #123,Гр. Коваленко 432,3
7e508e4f-bc27-42c5-bfe1-7e200aaa3226,Прокуратура,115,Закрыто,2022-10-26,,Опер #121,Гр. Иванов 975,7
720dfa96-3ac3-4702-94f9-f2187cdf3970,Прокуратура,121,В работе,2021-04-08,,Опер #35,Гр. Гончар 361,1
bb652e53-87cd-496f-b926-537f57b03bac,НПУ,194,Ожидание экспертизы,2020-04-26,2020-10-12,Опер #156,Гр. Петров 856,3
01bea2a4-2b00-41a0-8bf4-d821edb8b8d9,СБУ,289,На розыске,2024-05-07,2024-10-11,Опер #92,Гр. Иванов 110,3
113eb71d-f5e8-4476-8c86-9ecba219c603,СБУ,115,Передано в суд,2025-08-11,,Опер #51,Гр. Петров 860,2
1ee80b0a-e0e9-46fb-81ce-ac09e0c0325a,НПУ,289,Передано в суд,2022-04-15,,Опер #93,Гр. Петров 630,6
cf902fd7-7dcc-4c97-9e4b-b6bb00bd500f,СБУ,289,В работе,2022-03-01,,Опер #134,Гр. Гончар 116,15
8e6f4e46-d4ab-4ff2-aba0-4ccefb069f8e,СБУ,121,Закрыто,2021-06-25,2021-08-21,Опер #60,Гр. Сидоренко 730,13
8f1743cb-aeed-428d-9d0e-18a07df684fc,СБУ,115,Ожидание экспертизы,2024-07-18,,Опер #57,Гр. Сидоренко 611,5
d730ffa4-8625-4854-a5e0-3ca1be609d4c,Прокуратура,115,Передано в суд,2022-06-30,2022-10-08,Опер #97,Гр. Мельник 360,14
efc23364-7908-4473-9735-3eab2073f874,НПУ,307,Передано в суд,2021-01-17,2021-02-10,Опер #92,Гр. Иванов 412,5
e3641116-c422-40d7-9897-136bd7bb4150,СБУ,289,В работе,2025-01-23,,Опер #200,Гр. Мельник 303,13
159e916e-0cd6-4a3a-bebc-a73905f7b711,НПУ,185,Ожидание экспертизы,2021-10-30,2021-11-25,Опер #131,Гр. Коваленко 782,0
2be8df45-8613-46da-a912-17018dcbd65a,НПУ,296,Передано в суд,2024-11-03,,Опер #145,Гр. Петров 430,11
9c37c68a-b80c-4b36-89a6-02622e3e30f9,СБУ,121,Ожидание экспертизы,2023-04-19,2024-05-13,Опер #54,Гр. Гончар 700,14
3b0e429c-aab2-4164-bd9b-e00157112709,Прокуратура,121,На розыске,2025-02-05,2025-12-16,Опер #44,Гр. Иванов 825,0
76faba66-b457-4d72-8db8-16995d1d48c9,НПУ,296,Передано в суд,2020-01-21,,Опер #40,Гр. Мельник 806,15
e38bd9d3-4d6d-4a6c-b369-8bda2bf977f3,СБУ,289,Ожидание экспертизы,2020-11-26,,Опер #132,Гр. Иванов 758,3
ead82614-5cd1-4e95-a59d-f89ba487b4b1,СБУ,121,Закрыто,2024-04-07,2024-06-05,Опер #167,Гр. Иванов 599,9
c57499b9-9214-4a1d-a7d0-2b77f676358d,Прокуратура,309,На розыске,2025-01-26,,Опер #186,Гр. Мельник 604,3
caef4218-1d34-4bd8-bcba-20d27c31ad44,НПУ,263,Ожидание экспертизы,2024-01-02,,Опер #194,Гр. Гончар 328,12
e000d689-fe84-46f4-a701-1d88d434dde5,Прокуратура,187,В работе,2023-02-11,2023-08-25,Опер #24,Гр. Сидоренко 847,1
93ffdb1a-1a8e-4d21-9a1a-83bd803116a5,НПУ,185,На розыске,2025-05-31,2025-11-25,Опер #120,Гр. Сидоренко 321,4
aec2dfd2-1a76-4e75-8731-8bc1bd7e7b40,НПУ,115,Передано в суд,2020-10-07,2021-02-06,Опер #47,Гр. Иванов 556,2
1f2dcab6-1b10-4786-adee-597be8cb2f4d,НПУ,115,Ожидание экспертизы,2021-10-28,2021-12-27,Опер #146,Гр. Петров 713,10
aa646b0a-95b9-4844-a591-64c39b945ec6,Прокуратура,194,Передано в суд,2020-12-04,2021-11-06,Опер #9,Гр. Иванов 195,9
4d1c1df7-e6f9-4274-8dea-3f4fccddc710,НПУ,263,В работе,2023-02-10,2023-11-28,Опер #98,Гр. Петров 775,15
497c0ea7-9530-4631-a97b-ccc127ad1cba,Прокуратура,296,На розыске,2020-03-07,,Опер #48,Гр. Иванов 363,0
5436cb96-e3fd-4da1-92f0-4c2748386c4d,СБУ,185,На розыске,2024-06-19,2025-01-01,Опер #38,Гр. Мельник 330,14
b9e5c493-f072-44d7-b48e-f5f4f3fd3c39,СБУ,263,На розыске,2021-11-17,,Опер #98,Гр. Гончар 419,2
0b394e43-9cba-4a8b-b720-b35ab952ec2b,СБУ,296,Закрыто,2023-01-20,2023-09-06,Опер #153,Гр. Сидоренко 394,11
536fd5e4-ef3e-4c51-b47c-120f9e5d250a,НПУ,187,Передано в суд,2022-02-02,2022-12-22,Опер #85,Гр. Мельник 228,7
cd067122-fe2a-4b42-83b1-74aaea115849,Прокуратура,194,На розыске,2020-05-07,,Опер #81,Гр. Сидоренко 817,12
8a334413-e652-4149-88a8-2df66362364d,НПУ,296,Ожидание экспертизы,2025-02-08,2025-07-28,Опер #178,Гр. Иванов 737,9
4d0b4c9e-923c-40f2-9f99-93609f040633,СБУ,296,В работе,2022-10-23,2023-02-24,Опер #104,Гр. Сидоренко 535,0
68f10c7a-e762-459a-afad-d34a25c6b34d,Прокуратура,309,Закрыто,2024-08-30,,Опер #23,Гр. Мельник 803,8
b06b8f40-a547-468a-8425-344c5727a6c4,Прокуратура,263,Закрыто,2021-07-09,2021-09-08,Опер #165,Гр. Мельник 701,1
ed1dd1c3-b400-4949-b338-a02b00e3eab3,НПУ,307,В работе,2024-10-31,,Опер #149,Гр. Гончар 284,7
c56cd5d2-1d3b-4cb7-b8c1-868e39c71348,Прокуратура,309,Передано в суд,2020-02-11,2020-05-08,Опер #64,Гр. Петров 246,8
4ec25604-a9a4-4a10-993d-bf643998b028,Прокуратура,289,В работе,2022-02-16,,Опер #64,Гр. Коваленко 923,15
58210164-6484-4b16-b392-2a860d209be4,Прокуратура,115,Передано в суд,2025-04-30,,Опер #186,Гр. Петров 136,11
204aec70-34e7-44f7-8e84-456f80a29e8b,НПУ,185,Ожидание экспертизы,2022-07-08,2023-06-10,Опер #71,Гр. Коваленко 869,4
65fa24eb-3a54-435c-8a66-bf18d90db412,СБУ,115,В работе,2022-01-27,,Опер #193,Гр. Мельник 826,3
72b7dafe-ce9d-4593-8011-63d3954890d6,Прокуратура,309,Ожидание экспертизы,2021-07-31,,Опер #175,Гр. Петров 310,10
d2df4785-51e6-43d4-a4b1-2b8548c89249,Прокуратура,187,Передано в суд,2021-07-26,2021-08-11,Опер #99,Гр. Коваленко 468,7
deef5331-11ca-4a5f-a779-c4c939f24c4d,Прокуратура,307,Ожидание экспертизы,2025-10-25,,Опер #115,Гр. Петров 585,0
3925ab1d-b104-46c5-ac58-98e01d7db4f8,НПУ,115,На розыске,2020-12-06,,Опер #93,Гр. Иванов 676,4
52d67437-5a61-4ac0-873d-e864166e438f,НПУ,296,Закрыто,2022-11-30,2022-12-20,Опер #148,Гр. Мельник 658,15
e8cfc52b-faf3-4475-ac6d-87d7250a64d3,НПУ,194,Закрыто,2021-04-22,2021-06-28,Опер #23,Гр. Гончар 360,7
1f6a45f8-96a4-474a-96ef-3c9ceb7e9ce7,Прокуратура,307,Ожидание экспертизы,2020-05-20,2021-02-15,Опер #21,Гр. Коваленко 623,11
08d12594-ff56-4f7f-995c-c28f50d5ded6,Прокуратура,121,Передано в суд,2022-03-27,,Опер #160,Гр. Коваленко 960,15
91e20f92-731c-4c9b-a954-2dcde2ab58f0,НПУ,296,Ожидание экспертизы,2024-11-19,,Опер #196,Гр. Сидоренко 683,1
c043f747-6bcb-4bde-9207-996d60e45603,СБУ,187,Закрыто,2022-04-09,,Опер #45,Гр. Иванов 966,1
d1a689fa-856d-4e28-bcf3-b21b8ff19175,СБУ,307,В работе,2024-12-14,,Опер #8,Гр. Мельник 360,14
58b39296-2be9-4365-a18e-6be9379cc846,СБУ,187,Передано в суд,2022-12-09,2022-12-21,Опер #123,Гр. Коваленко 506,9
048baad4-737a-4566-a0a5-6fb9c945d95e,НПУ,185,Закрыто,2020-09-19,2021-09-21,Опер #57,Гр. Мельник 859,5
032cb158-9ef0-49a3-88f2-ba7c6b7aa196,Прокуратура,187,Передано в суд,2025-08-20,2026-04-01,Опер #158,Гр. Коваленко 910,5
381b7d14-4515-45dd-8074-099f4b5b4ece,НПУ,194,В работе,2020-02-06,,Опер #92,Гр. Петров 317,14
f0990b6d-c1a2-47b5-a261-d75176f36fb8,Прокуратура,115,Ожидание экспертизы,2020-07-05,2020-11-18,Опер #139,Гр. Сидоренко 593,10
9f1a6045-5bd8-45c6-9d58-0ff1d0806553,СБУ,185,В работе,2024-08-08,,Опер #193,Гр. Мельник 381,13
3a127f21-12c1-4889-bc68-029c3ceddf71,СБУ,115,В работе,2025-09-13,,Опер #127,Гр. Гончар 630,11
39e178b8-9598-4653-be9d-f51717f6d47f,Прокуратура,194,В работе,2020-04-20,2020-05-19,Опер #176,Гр. Петров 306,7
e1aa4e03-c1a2-41f3-ab84-534bb3a88b06,СБУ,121,Закрыто,2021-06-29,,Опер #90,Гр. Петров 360,11
32814906-0f33-41b3-a2a9-f4488a2feef2,СБУ,263,Ожидание экспертизы,2021-08-18,2022-07-14,Опер #82,Гр. Сидоренко 914,6
ee11d4d9-894d-4c55-bebc-c2a7862f0372,НПУ,296,Закрыто,2020-07-15,2020-10-23,Опер #29,Гр. Мельник 679,6
5f54df25-628d-435a-8a82-7a040e419a6c,СБУ,121,Закрыто,2021-06-28,,Опер #119,Гр. Гончар 520,2
f3237c0b-cf01-4ee3-b1eb-a242d9aa0de9,СБУ,309,В работе,2025-11-14,,Опер #126,Гр. Петров 466,9
fe2f5729-2433-41c4-a9a3-cdfff4a0a92a,СБУ,263,Ожидание экспертизы,2020-11-04,2021-02-25,Опер #118,Гр. Коваленко 262,10
81d95f12-b35d-4133-bd5b-8f97a25f883f,НПУ,309,В работе,2021-10-01,2022-05-18,Опер #82,Гр. Мельник 651,6
73cf5826-fa75-448a-a716-92f16840de24,Прокуратура,187,Закрыто,2021-10-02,,Опер #8,Гр. Гончар 580,4
299623db-8dae-4fc4-9510-60dc95548f79,НПУ,115,Ожидание экспертизы,2023-02-15,,Опер #88,Гр. Иванов 935,9
a1155305-c766-47dc-a172-d9dc702dd018,СБУ,307,Закрыто,2023-12-23,2024-10-24,Опер #116,Гр. Иванов 232,13
f629a59b-b019-47d8-8af9-aedf7e0e6715,НПУ,263,Передано в суд,2021-12-26,,Опер #63,Гр. Мельник 405,6
50b52418-c898-46d5-9660-85b10cbbf0c8,Прокуратура,187,В работе,2021-08-31,2022-09-21,Опер #8,Гр. Коваленко 139,1
6511f3eb-7c70-42b2-bfdd-ec29f8c2ccbc,Прокуратура,296,На розыске,2024-01-11,2024-10-06,Опер #177,Гр. Мельник 105,9
c750f371-acf3-46dc-9834-4493406253e1,Прокуратура,307,На розыске,2022-06-18,,Опер #83,Гр. Петров 973,3
ebc00bca-7038-4de3-a366-85f7f297443c,СБУ,121,На розыске,2024-12-24,2026-01-03,Опер #166,Гр. Сидоренко 418,12
5a2c5fc7-eb2d-4b5c-8b1d-8ae724e3db12,НПУ,307,Закрыто,2023-01-01,2023-07-27,Опер #4,Гр. Мельник 841,12
d605b244-fd59-45f8-848e-8aef791381b3,СБУ,309,На розыске,2022-09-23,2022-12-08,Опер #14,Гр. Мельник 445,11
a1940cd7-9186-4788-a00b-250195086701,Прокуратура,307,Передано в суд,2022-03-01,2023-03-06,Опер #50,Гр. Иванов 314,6
259fbb08-8c7d-4bea-852d-d26a8d52fbe9,НПУ,263,На розыске,2024-01-20,,Опер #199,Гр. Сидоренко 530,7
12c10e25-5a0f-4dd7-9bfb-682801d32a3b,СБУ,296,На розыске,2022-10-22,,Опер #84,Гр. Сидоренко 711,12
4757bf7b-9d5c-46ed-aee7-4612638ec21f,СБУ,115,В работе,2023-05-27,2023-08-31,Опер #157,Гр. Сидоренко 595,1
6ef16148-9266-4ad2-9f91-0549138b4754,НПУ,289,На розыске,2020-02-29,,Опер #135,Гр. Сидоренко 494,5
a0502a98-991c-4ded-b78b-01d9236e4911,НПУ,185,На розыске,2023-04-05,2023-12-24,Опер #154,Гр. Коваленко 677,9
dd5545ba-2b8a-4f75-8836-024f19f9b969,НПУ,194,Закрыто,2022-08-10,2022-11-27,Опер #74,Гр. Гончар 846,8
ce52ad4b-ee61-4036-ba0d-fb2be9d522ab,Прокуратура,194,Передано в суд,2024-05-20,2024-09-25,Опер #93,Гр. Гончар 166,11
fe0fec45-acad-47b0-bf91-e2600afc4066,Прокуратура,296,На розыске,2021-02-11,,Опер #46,Гр. Коваленко 809,5
699b8490-cb18-4374-8bd4-296a3393753e,НПУ,115,Ожидание экспертизы,2025-09-19,,Опер #25,Гр. Гончар 344,12
276efc04-ef6a-4189-b51a-330c4b7492ac,НПУ,185,Закрыто,2020-02-22,2020-05-24,Опер #165,Гр. Мельник 492,7
fa9a8ab7-0518-4717-9b5b-bfc44a5235ae,СБУ,307,Передано в суд,2025-08-23,,Опер #89,Гр. Мельник 951,9
24661bb9-4303-4c5a-a0e6-c6169cadc406,НПУ,187,На розыске,2023-04-27,2023-05-28,Опер #32,Гр. Гончар 430,12
018930ff-20d9-4192-bc35-b508a196ba84,СБУ,185,В работе,2020-05-23,2021-03-17,Опер #108,Гр. Коваленко 613,3
b6d552cc-f988-412a-926f-222b669d2a35,СБУ,185,В работе,2020-01-13,2020-09-17,Опер #4,Гр. Коваленко 461,1
91b9c515-fff3-4f4c-9686-8ee62096ab7e,СБУ,307,В работе,2021-02-01,2022-02-08,Опер #3,Гр. Коваленко 916,3
5c7b5ed9-13b9-496a-bf6b-658915bf9cc1,Прокуратура,185,В работе,2025-02-21,,Опер #103,Гр. Мельник 277,2
b240d697-e8e1-4741-a10a-cbe424cf7725,НПУ,307,На розыске,2020-02-25,2020-05-21,Опер #107,Гр. Сидоренко 256,11
8bc14a5f-22fc-4623-9611-2e1649d42577,СБУ,296,На розыске,2021-02-16,,Опер #97,Гр. Петров 603,2
d43c700f-a020-4e8a-accd-35bda646367c,НПУ,187,Ожидание экспертизы,2022-12-23,2024-01-16,Опер #42,Гр. Мельник 231,0
911b1f5c-27fe-4e89-818b-39b12e1f9511,СБУ,307,Передано в суд,2021-07-17,,Опер #176,Гр. Коваленко 271,5
bdb595a9-e65a-442a-a136-ec7ce4af2443,СБУ,289,В работе,2024-11-12,2025-07-07,Опер #14,Гр. Иванов 945,11
e9a46dc1-5303-4ec2-ac12-49d7b01874ad,НПУ,296,На розыске,2024-09-23,,Опер #151,Гр. Гончар 906,12
1e294c12-7f88-4e28-b242-33e13d90a546,Прокуратура,289,На розыске,2023-01-21,,Опер #24,Гр. Иванов 558,6
5473d7c8-4ede-400e-8410-f265906b0924,СБУ,289,Ожидание экспертизы,2025-06-17,,Опер #141,Гр. Петров 391,6
0d2d390e-2093-4cfb-8a19-3d0a83130fde,СБУ,309,Передано в суд,2025-02-18,2026-03-17,Опер #161,Гр. Иванов 662,1
b49158dc-abc0-48c5-bdc1-01a043047053,Прокуратура,289,На розыске,2024-02-20,,Опер #104,Гр. Мельник 900,12
7bd8a98e-7a06-4664-953d-665e13b19dcc,СБУ,296,Передано в суд,2025-04-09,,Опер #77,Гр. Петров 801,11
29a7104a-3260-4dc4-947f-00067ac0ae4a,Прокуратура,115,На розыске,2023-10-17,2024-01-04,Опер #189,Гр. Коваленко 379,15
cb519c44-cf06-43b1-9da4-43894d856279,СБУ,194,Передано в суд,2023-08-16,,Опер #115,Гр. Гончар 316,15
bd2701eb-0d38-48ca-8313-f385cab891a7,НПУ,296,На розыске,2025-02-22,,Опер #92,Гр. Сидоренко 927,12
23b2e9f6-4f30-46a6-bdca-81e7666e5d6e,Прокуратура,185,Передано в суд,2024-08-27,2024-12-26,Опер #72,Гр. Сидоренко 822,11
5eee87ba-d3b4-4f3e-9ad9-42d928c06fe4,СБУ,194,В работе,2023-10-17,2024-05-20,Опер #108,Гр. Гончар 214,8
9baa6ef7-e108-4708-82dd-7310c1769cb6,СБУ,289,Ожидание экспертизы,2023-03-31,2023-10-29,Опер #51,Гр. Петров 789,7
d915b402-4158-479a-ab1d-ca268058e4ab,Прокуратура,194,На розыске,2022-02-03,,Опер #75,Гр. Коваленко 689,1
47337aff-77ef-4d18-985f-44f0bf96c05f,СБУ,121,В работе,2024-11-21,,Опер #59,Гр. Петров 980,2
05ed3b73-c623-4752-80d0-7c1dbe5d403a,НПУ,115,На розыске,2023-04-26,,Опер #103,Гр. Коваленко 374,8
0d8f06ad-cded-4108-b63d-276d56baf269,Прокуратура,307,Закрыто,2025-10-18,2026-11-11,Опер #120,Гр. Петров 511,3
7212b043-af94-417c-822d-e2d8b6f3fd40,Прокуратура,263,На розыске,2023-05-05,,Опер #158,Гр. Мельник 657,5
4f85314c-06e5-415a-8ee6-a4e332a1496c,НПУ,187,В работе,2023-08-16,2024-05-25,Опер #139,Гр. Гончар 615,3
2808267a-66ce-4c08-997f-c50f0059d92e,СБУ,187,На розыске,2020-04-18,,Опер #120,Гр. Коваленко 227,10
59c5e906-1d78-42be-bbfc-344a00d8ae4d,СБУ,187,На розыске,2024-09-09,,Опер #166,Гр. Мельник 380,11
4564a10a-82d0-40ce-83ad-533086c91d5f,Прокуратура,187,Ожидание экспертизы,2024-11-15,2025-03-21,Опер #149,Гр. Гончар 326,7
f0c19394-9900-480c-9670-c62380c71e5c,НПУ,194,Ожидание экспертизы,2023-03-19,2023-12-22,Опер #37,Гр. Сидоренко 836,15
db223c4e-d4a0-441d-9620-cb675ba93aab,Прокуратура,194,Закрыто,2023-02-01,2023-03-31,Опер #14,Гр. Иванов 199,8
03f136e9-635a-47dd-a37c-ba3a5a132443,Прокуратура,307,Закрыто,2025-06-11,2025-06-30,Опер #114,Гр. Коваленко 661,5
67a372c8-78ad-47db-bda8-d3f16e482e58,НПУ,296,На розыске,2021-08-14,,Опер #129,Гр. Гончар 685,5
4d6f6d9e-d681-49b8-b6bb-a6822d3c6adc,Прокуратура,289,В работе,2024-11-29,,Опер #39,Гр. Петров 411,2
e44ba951-aebd-4d2a-97a3-641d277cf921,СБУ,185,Передано в суд,2025-09-26,,Опер #64,Гр. Коваленко 700,0
1ba8fb38-978b-4e0f-b78f-e1d81fd86e8f,НПУ,115,Закрыто,2024-05-16,,Опер #191,Гр. Мельник 235,4
f64a3762-561e-4937-9559-31ed25af8504,НПУ,121,Передано в суд,2023-01-17,2024-01-24,Опер #95,Гр. Сидоренко 422,3
3abaac53-6aff-4d55-98a9-9fca2aa1c0c9,Прокуратура,187,На розыске,2024-07-29,2025-02-17,Опер #17,Гр. Сидоренко 336,2
fbe419b7-a164-433e-b887-0572aab0a894,Прокуратура,263,Передано в суд,2023-02-18,,Опер #80,Гр. Сидоренко 723,1
84b03f78-7743-4246-9c00-0955f6c28e37,НПУ,187,Передано в суд,2024-06-30,,Опер #8,Гр. Мельник 246,14
995d74b2-bde0-4007-84b0-482550727514,НПУ,289,В работе,2022-06-11,,Опер #173,Гр. Коваленко 415,8
41066d7c-c5fa-428c-bc3a-5f3871157848,НПУ,307,Ожидание экспертизы,2024-09-15,,Опер #60,Гр. Иванов 314,5
5cbdfe42-59f2-4aaf-b429-85e7519785b2,Прокуратура,194,Передано в суд,2022-03-03,,Опер #135,Гр. Гончар 417,11
73142ea1-2769-4389-a090-540d248b53ab,Прокуратура,121,Закрыто,2021-10-02,,Опер #189,Гр. Петров 421,10
e9624236-0a81-43ea-8864-9783097823e6,Прокуратура,296,Ожидание экспертизы,2020-02-24,2020-09-22,Опер #61,Гр. Петров 318,9
a24d34aa-210f-44b6-8fd9-277c1b971581,Прокуратура,309,Закрыто,2022-09-12,2023-06-09,Опер #29,Гр. Коваленко 126,12
c8c1cee6-c437-4fa9-82d2-f437bc992d7b,СБУ,115,Закрыто,2024-12-17,2025-12-17,Опер #187,Гр. Сидоренко 958,11
8e6d2cd7-f036-483d-a547-b63ee64f0edd,НПУ,115,Передано в суд,2022-12-01,,Опер #194,Гр. Коваленко 133,14
ea4bad9c-19b1-4962-a895-710799f5beab,НПУ,307,Передано в суд,2022-09-02,2022-11-16,Опер #22,Гр. Петров 143,14
eb710cdb-49ff-4eb1-8f42-4759dad1f62b,СБУ,187,Передано в суд,2025-06-13,2026-02-01,Опер #102,Гр. Гончар 299,11
2a84ab35-53a8-4c46-ac1a-4548ecd8fcca,НПУ,289,Ожидание экспертизы,2023-02-05,2023-04-04,Опер #129,Гр. Иванов 443,4
f81253e4-aace-435e-acc4-a8912fd12571,НПУ,194,В работе,2022-12-01,,Опер #39,Гр. Мельник 570,7
43c8681d-52ea-4dca-9a2b-613ddb08bbf9,Прокуратура,307,Ожидание экспертизы,2023-04-23,,Опер #28,Гр. Сидоренко 136,8
9d92a3fe-212b-4e95-923f-7f855e9e3352,СБУ,263,Передано в суд,2022-08-03,,Опер #160,Гр. Сидоренко 203,0
c4bf2f48-f4c2-4e4d-8716-2e44bc902d79,СБУ,115,В работе,2023-12-26,,Опер #62,Гр. Коваленко 741,2
192c4fc9-4ef1-4b79-9659-a04cde51945b,СБУ,121,Закрыто,2020-03-06,,Опер #72,Гр. Иванов 964,0
92c293f2-7d7d-4e42-a402-2b6809c768d7,СБУ,185,В работе,2022-06-11,,Опер #29,Гр. Коваленко 579,2
a010611b-2247-49cb-a6e9-a3c676a3e6e5,СБУ,185,Ожидание экспертизы,2025-02-22,,Опер #25,Гр. Сидоренко 726,11
6266f9ef-e653-45ef-aa2d-482a9b5a8974,НПУ,115,В работе,2024-11-09,2025-10-30,Опер #48,Гр. Петров 602,10
4d7f08b8-ce17-4335-81ef-7f5bdbe30b1e,Прокуратура,307,На розыске,2025-07-09,,Опер #157,Гр. Иванов 934,7
3c66ed66-e770-42fc-ad37-e84448886411,НПУ,309,Закрыто,2024-06-01,,Опер #2,Гр. Петров 362,7
ed3ddcad-8636-4024-8719-bfa26abd2a51,СБУ,263,Закрыто,2021-06-25,,Опер #48,Гр. Иванов 670,11
ff47c60f-3576-413b-8590-28e68598b3db,Прокуратура,194,Закрыто,2025-11-16,,Опер #34,Гр. Коваленко 848,15
cd5dd88d-6f83-49be-84d4-1177ec7c2827,СБУ,296,Передано в суд,2023-08-02,,Опер #23,Гр. Петров 319,10
65be5505-3863-4638-9f07-dbb1d149497a,Прокуратура,296,Передано в суд,2020-01-21,2020-06-29,Опер #159,Гр. Мельник 556,2
505a5c82-14ae-4895-bfd6-d3a4ce0e893d,НПУ,185,На розыске,2023-03-19,2023-09-01,Опер #126,Гр. Мельник 864,15
d782b93c-a05c-44e7-8e13-41a3b3d5868d,НПУ,115,Закрыто,2024-07-22,,Опер #151,Гр. Петров 556,9
bd07ef95-c915-40de-99c0-3e1912a1a880,СБУ,121,Закрыто,2020-10-10,2021-01-04,Опер #6,Гр. Петров 206,14
03ed32cc-2f1d-4114-976b-aea2a9a75cb8,Прокуратура,289,Передано в суд,2022-03-03,2022-12-11,Опер #21,Гр. Мельник 940,11
35511a74-3bf2-4f63-b5ef-8dd4b628a9ac,Прокуратура,309,Закрыто,2025-03-24,,Опер #159,Гр. Сидоренко 501,15
dc7df075-a01a-4ec7-b105-cbb05be45d1d,СБУ,194,На розыске,2024-01-04,2025-01-31,Опер #49,Гр. Сидоренко 192,4
0932a801-5532-41b7-bd93-da3ca3a6c2a1,СБУ,185,Ожидание экспертизы,2022-12-08,2023-08-30,Опер #113,Гр. Гончар 493,14
e131cf72-55cc-428c-a51e-1d7b93994c13,СБУ,263,На розыске,2021-08-22,2022-09-01,Опер #132,Гр. Мельник 287,11
b82e33c4-e9be-4e0b-a178-39580133c8cb,Прокуратура,187,Ожидание экспертизы,2021-09-13,,Опер #143,Гр. Иванов 941,5
ff958eff-e431-489c-9fcd-49376e136c8d,Прокуратура,296,Ожидание экспертизы,2022-03-12,,Опер #158,Гр. Иванов 259,8
f2706416-fd91-4087-8818-76ccd861cc7a,НПУ,121,На розыске,2025-11-17,2026-10-22,Опер #104,Гр. Коваленко 349,6
bf6c8bbb-2c17-484f-8885-f2085f179be9,Прокуратура,263,Закрыто,2024-06-17,2024-07-18,Опер #23,Гр. Мельник 649,0
b7806481-139c-4f7f-addd-6b3df391f28e,НПУ,307,В работе,2024-08-22,,Опер #166,Гр. Иванов 721,1
42a87dcb-56c0-47dd-9db5-37ae49c9a279,СБУ,194,На розыске,2023-02-11,2023-02-19,Опер #71,Гр. Сидоренко 267,8
e512c006-8f84-4f06-8af9-43d5e28f099d,НПУ,296,На розыске,2025-11-14,2026-11-17,Опер #45,Гр. Сидоренко 669,14
ff966b27-6bac-4202-ac2b-fc7129cf650c,НПУ,296,Передано в суд,2020-08-11,,Опер #130,Гр. Мельник 803,13
850e98eb-50c0-4a77-87e6-accaa7bc59ed,НПУ,115,На розыске,2022-04-07,2023-01-02,Опер #120,Гр. Мельник 910,15
a67d4c5b-16b3-47ba-8df7-14b29f9cfe70,НПУ,187,Передано в суд,2020-07-04,,Опер #73,Гр. Иванов 255,3
01c6d6d9-91c7-42a8-8035-2eb1304aa6db,СБУ,307,Закрыто,2021-10-30,2022-06-14,Опер #70,Гр. Петров 292,11
800709ef-6097-4067-9149-05fb1bf02bec,СБУ,185,В работе,2022-07-23,,Опер #184,Гр. Петров 637,1
2717148e-d350-43eb-b097-30b6489abc3c,СБУ,289,Передано в суд,2025-01-29,,Опер #8,Гр. Сидоренко 256,3
f4ee2fbd-cf91-4c5e-b2bf-cf9395cf12bd,СБУ,187,Ожидание экспертизы,2022-08-14,2022-12-04,Опер #170,Гр. Мельник 478,9
89151e57-749f-4acd-9cc1-2532631d8f98,НПУ,115,Ожидание экспертизы,2020-05-03,,Опер #20,Гр. Сидоренко 661,5
9e7106d9-f558-4fe7-9ea3-4b94beac2fdd,Прокуратура,289,На розыске,2020-03-28,,Опер #15,Гр. Мельник 470,9
aea4796f-1b57-4ca4-a74e-7af654a3dc14,НПУ,115,На розыске,2020-02-13,,Опер #34,Гр. Петров 954,6
d6a20afa-c980-48f1-b71b-fd25a7ff9a78,Прокуратура,194,На розыске,2021-09-09,,Опер #149,Гр. Иванов 872,11
908be641-ad39-48e5-a880-33c5f97df1c0,Прокуратура,296,Передано в суд,2021-06-16,,Опер #139,Гр. Сидоренко 651,7
326ed2c0-f29b-41de-9251-e192e8b01f5e,Прокуратура,296,Ожидание экспертизы,2024-05-30,,Опер #75,Гр. Мельник 167,11
db2bd656-b24a-46ee-9061-70ad698ea4f5,НПУ,194,Закрыто,2023-02-01,,Опер #171,Гр. Мельник 107,13
1c5d6e7d-b3c7-4ab0-b071-600bcefa2073,Прокуратура,289,На розыске,2020-10-21,,Опер #81,Гр. Сидоренко 192,3
1a332d34-69e3-4056-a36a-c056b793d2e6,СБУ,263,В работе,2021-05-14,,Опер #179,Гр. Коваленко 171,0
c04131e9-baab-497e-a31c-bf3a108b3eb9,НПУ,115,Ожидание экспертизы,2025-05-11,2026-03-03,Опер #74,Гр. Гончар 601,8
6ba1ad66-d9ea-4d19-aeb5-102e4c0ee45a,Прокуратура,263,Передано в суд,2025-02-26,,Опер #144,Гр. Коваленко 436,3
1e86b190-b493-4b70-ac54-3a4f91dc334e,СБУ,289,Передано в суд,2020-02-16,,Опер #148,Гр. Петров 975,15
6ae8b493-3e76-4674-8745-324bcd3b89cc,СБУ,121,В работе,2022-01-24,,Опер #132,Гр. Гончар 838,6
e5114d88-dea5-45cd-844c-51b5084864a1,СБУ,121,В работе,2020-08-20,,Опер #20,Гр. Гончар 725,8
caf71110-0fc4-41dd-b19c-6e6b363a12e1,СБУ,263,В работе,2022-09-21,,Опер #84,Гр. Иванов 539,15
4ec890dd-f8ea-43a2-aa5f-c28c45f83c5c,Прокуратура,263,На розыске,2021-05-28,2022-04-29,Опер #105,Гр. Гончар 561,3
f3639657-9401-4fdc-bf49-69197458af3c,Прокуратура,185,В работе,2022-11-01,,Опер #53,Гр. Мельник 148,13
0e69989e-ff2e-4d22-871d-329d6ff8a383,Прокуратура,121,Передано в суд,2021-10-23,,Опер #41,Гр. Коваленко 106,3
b22ea1ba-1623-4f8b-8e59-5af81dda3ba2,СБУ,185,Закрыто,2025-08-19,2026-03-25,Опер #16,Гр. Иванов 462,14
9ad98583-4121-4999-b7c9-4d3a402210af,СБУ,307,В работе,2024-11-25,2024-12-07,Опер #187,Гр. Коваленко 145,11
c817c654-11d9-48d4-b5c3-c77e909bcb5c,Прокуратура,263,Ожидание экспертизы,2025-03-13,2025-06-06,Опер #175,Гр. Иванов 908,8
5784ac38-b2e5-4aa2-a74c-7a1b834e888c,СБУ,115,Ожидание экспертизы,2020-10-26,2021-02-08,Опер #71,Гр. Иванов 715,0
770909f1-97be-488b-bf00-07c7a9dde88a,НПУ,194,В работе,2023-10-08,,Опер #64,Гр. Петров 622,0
e2621c98-aa49-47a0-9a16-29e55e2e32e5,СБУ,194,Ожидание экспертизы,2022-12-27,2023-10-08,Опер #5,Гр. Иванов 329,1
981e4728-ed98-4708-b36b-191b78c40940,НПУ,309,В работе,2025-10-27,2026-03-10,Опер #200,Гр. Коваленко 460,10
3eef43dc-9b87-4108-b3ac-322876ac79ed,НПУ,194,На розыске,2025-07-02,,Опер #34,Гр. Мельник 551,10
dfd959a6-f4a6-4f5f-831c-a7fd05562a68,Прокуратура,115,Ожидание экспертизы,2024-01-03,,Опер #51,Гр. Петров 974,13
0ca802a8-a7d3-428e-b77c-a6a65d3f090d,Прокуратура,187,Передано в суд,2022-02-07,,Опер #43,Гр. Гончар 407,1
fe498141-cfee-4ba0-8eef-dda5609ba54a,СБУ,185,Ожидание экспертизы,2025-06-10,2026-02-15,Опер #20,Гр. Сидоренко 393,12
47c1c88b-32b4-42e3-9bd6-2a820b91f4e0,СБУ,187,На розыске,2020-11-30,2021-05-11,Опер #31,Гр. Гончар 258,6
e17ebd62-21b8-4528-91c5-be4712b6bfea,Прокуратура,289,На розыске,2023-06-07,,Опер #15,Гр. Мельник 554,2
02dfd2e3-ba10-47df-b4f5-1e0af3fa8930,НПУ,194,На розыске,2022-10-21,,Опер #103,Гр. Сидоренко 761,4
6148103d-6925-4ca8-b836-5e1ad3457909,Прокуратура,115,На розыске,2021-09-06,2022-05-27,Опер #68,Гр. Сидоренко 851,3
506fb742-d2b0-4810-8ce4-8c4b9a742a22,СБУ,263,Закрыто,2020-06-30,2021-04-18,Опер #82,Гр. Коваленко 450,7
138f2c7c-3087-4e50-a789-596959a187b8,СБУ,115,Закрыто,2024-05-19,,Опер #19,Гр. Мельник 334,12
62654fed-6373-4da0-8778-f1d50f37522f,Прокуратура,194,Ожидание экспертизы,2022-12-10,,Опер #99,Гр. Гончар 280,8
7b03ecc1-539e-4bda-9f6c-13c9c11def7d,НПУ,289,На розыске,2022-10-03,,Опер #29,Гр. Сидоренко 528,4
8b0cff21-0cb9-4d7d-ac82-710db8524b83,СБУ,263,Передано в суд,2022-09-23,2022-09-26,Опер #33,Гр. Сидоренко 434,7
5a79c54f-2b92-408c-85a1-97e50c6bfdb5,СБУ,309,Передано в суд,2021-02-09,,Опер #148,Гр. Петров 900,9
5daa72e3-9fd1-452a-96ac-67e086b5b76a,Прокуратура,185,Закрыто,2020-07-21,,Опер #78,Гр. Гончар 817,5
6e03a65c-ad2b-438c-98bc-071c3cb3776e,Прокуратура,307,В работе,2023-02-13,,Опер #130,Гр. Мельник 736,10
af8a7536-278b-4ef4-b9f7-9b6659e9cb62,СБУ,115,Закрыто,2024-12-23,,Опер #49,Гр. Гончар 970,13
c74ba93f-f6d5-4f83-9239-ed99b3384d48,СБУ,309,Передано в суд,2021-02-16,2021-08-10,Опер #7,Гр. Гончар 377,8
c3141b94-50ee-40b5-a28d-fb68a3f7d6fd,СБУ,309,Ожидание экспертизы,2024-05-23,2024-06-02,Опер #166,Гр. Гончар 321,7
eaa61a7b-1b3e-4fec-b78c-bf0dca349188,СБУ,194,Передано в суд,2021-06-13,2022-06-20,Опер #28,Гр. Сидоренко 400,2
0c6ca72e-8ebe-4c0c-bbcc-d0554b22f2b8,СБУ,309,Закрыто,2024-08-21,,Опер #132,Гр. Коваленко 575,11
44659ac9-9aff-4223-a037-86797b44fc83,Прокуратура,296,В работе,2024-07-14,,Опер #52,Гр. Петров 825,1
69956219-b4d9-49f5-960b-ca4e5dce4459,НПУ,121,Ожидание экспертизы,2024-07-25,,Опер #51,Гр. Петров 742,14
76a94afb-d1c7-4f9f-a406-e7a6eee9cf6f,Прокуратура,296,Ожидание экспертизы,2024-01-06,,Опер #187,Гр. Иванов 675,0
6ca9e02b-0a7c-40ce-87d8-c99ee9782626,Прокуратура,115,На розыске,2022-12-27,2023-04-03,Опер #137,Гр. Гончар 899,12
a586e4d3-83f0-4e6d-9bdf-6f438c355ae2,СБУ,187,Передано в суд,2024-08-28,2025-05-01,Опер #26,Гр. Коваленко 639,13
c2f3c2b1-4439-415a-92c1-3d8ae85bf84a,Прокуратура,194,Закрыто,2025-08-20,,Опер #37,Гр. Гончар 457,9
9cf35419-bb09-42aa-aaa9-100894cbfaae,СБУ,115,Передано в суд,2024-03-06,,Опер #57,Гр. Петров 102,15
d263956a-d1ac-450a-98f0-28d6057de227,СБУ,115,На розыске,2020-12-06,,Опер #158,Гр. Гончар 153,8
fb29d239-9bb4-4eb1-8a75-d23db90f025d,СБУ,296,Закрыто,2021-08-22,,Опер #101,Гр. Коваленко 415,9
d76d23ca-09a5-4c22-ae06-eecba4927afb,НПУ,289,Закрыто,2020-07-04,,Опер #114,Гр. Коваленко 362,6
15ee2948-4e5e-4e0a-88f4-4811012508f4,НПУ,185,Закрыто,2020-10-08,2020-12-10,Опер #187,Гр. Гончар 466,10
7ccb1140-8361-4af6-b202-37eae1a1bdd8,Прокуратура,289,Закрыто,2024-07-26,,Опер #145,Гр. Петров 580,3
e9916797-e22a-4ab0-a4e6-1203309eb14c,НПУ,115,Закрыто,2020-05-13,,Опер #76,Гр. Коваленко 781,10
ad71c5d3-348c-4553-a070-2e7d774cd0c1,НПУ,115,В работе,2020-07-09,,Опер #197,Гр. Петров 169,10
89c3a0f0-12db-4c2e-9b20-ba861a721aae,Прокуратура,263,Ожидание экспертизы,2024-06-28,,Опер #170,Гр. Иванов 193,6
5bdaab0f-5da3-433f-a260-4b660356d25f,НПУ,115,В работе,2025-02-14,,Опер #107,Гр. Петров 963,9
1c19e4eb-7cf5-4a53-81ea-c46cb753ac7b,НПУ,185,Ожидание экспертизы,2020-07-18,2020-09-17,Опер #75,Гр. Коваленко 944,6
6e29794f-0153-45e5-9e47-cc19e33d4d29,СБУ,309,На розыске,2022-03-19,2022-06-29,Опер #101,Гр. Иванов 865,0
03dd9623-0b4e-473a-8476-215e5791ef8b,Прокуратура,194,Закрыто,2024-04-09,,Опер #98,Гр. Петров 924,10
8115c3f9-9a46-48cb-9c8a-61641e6ba107,НПУ,115,На розыске,2021-05-07,2022-02-27,Опер #177,Гр. Иванов 127,10
a157bf6d-b28e-4018-a6ca-7735e3f281b4,Прокуратура,187,Ожидание экспертизы,2024-10-05,,Опер #119,Гр. Коваленко 988,7
f0cfa381-4f68-4d92-b5c9-b8d0be30da1c,НПУ,121,Закрыто,2023-07-12,2024-02-06,Опер #143,Гр. Коваленко 846,11
3e90675e-6ea7-44fb-b746-09d9817fb5dc,СБУ,115,На розыске,2023-09-12,2024-07-28,Опер #8,Гр. Мельник 825,15
bb2eb382-b66a-4687-a30d-b832060171cd,НПУ,121,На розыске,2025-09-08,2026-01-22,Опер #88,Гр. Коваленко 470,11
21b7d5ff-bf4f-4812-b84d-5d98714bbf95,СБУ,309,На розыске,2024-11-13,2025-02-22,Опер #120,Гр. Петров 472,9
912ce01b-6901-4a54-929b-47934e730fd1,Прокуратура,289,Ожидание экспертизы,2024-04-03,,Опер #23,Гр. Петров 226,11
475a924c-8f11-496b-bc26-15ac061c7d71,НПУ,307,Ожидание экспертизы,2020-11-29,,Опер #31,Гр. Иванов 688,11
a54345a8-c5cf-47ca-ac39-2155750ec81f,СБУ,263,На розыске,2022-05-03,2022-11-17,Опер #118,Гр. Коваленко 275,3
eed23877-4e32-48cb-ace1-620f249050bd,СБУ,263,В работе,2023-07-13,,Опер #53,Гр. Мельник 603,5
837299d4-163a-4f3b-8b0e-6f676325a4e3,Прокуратура,307,На розыске,2021-04-21,2022-05-07,Опер #196,Гр. Коваленко 485,4
f2fc1015-b8e3-4a9c-822a-429615147340,Прокуратура,307,Передано в суд,2022-12-14,,Опер #121,Гр. Гончар 824,2
3b3dc022-cf70-442e-b431-be8b79c92b92,НПУ,121,На розыске,2025-08-03,,Опер #40,Гр. Петров 276,15
de5eb100-955a-4f05-bd34-288458d67c43,НПУ,185,В работе,2023-06-05,2023-10-14,Опер #192,Гр. Петров 837,12
8dc58490-a0be-4aa3-8109-cd1bfa6a4c2a,СБУ,185,Закрыто,2023-01-27,,Опер #93,Гр. Гончар 771,7
24fa1dad-4dd3-4cd7-b81e-6b15097b7271,НПУ,309,Ожидание экспертизы,2020-12-03,2021-06-22,Опер #45,Гр. Иванов 644,1
bb8c84fb-4e16-4db3-a023-cf44f139fc77,Прокуратура,121,В работе,2023-09-05,,Опер #187,Гр. Иванов 185,11
a333b5f3-3333-460c-8284-49255de7246e,СБУ,263,В работе,2021-01-05,,Опер #138,Гр. Гончар 513,10
44ce7f3e-138a-4d02-869f-73cebcd47af0,НПУ,263,На розыске,2024-09-30,,Опер #128,Гр. Сидоренко 776,13
467622d1-a863-4bde-bc26-3a6724ed9d8f,СБУ,115,Ожидание экспертизы,2024-06-23,2025-05-18,Опер #48,Гр. Сидоренко 319,15
b17cc70b-e780-4528-b822-d4fd38b326d4,НПУ,187,Ожидание экспертизы,2025-05-10,,Опер #158,Гр. Коваленко 943,5
3ecba157-458d-439e-8fb1-5e4112760380,СБУ,263,Передано в суд,2022-09-13,,Опер #1,Гр. Коваленко 690,1
66be7b3f-e467-4eca-b2e7-80d989603b45,Прокуратура,289,На розыске,2020-09-25,,Опер #120,Гр. Коваленко 595,9
93e6be01-25ac-419f-a664-e5b5c085dd38,СБУ,289,Передано в суд,2023-09-26,,Опер #141,Гр. Гончар 916,5
eb9d9067-5672-407c-8a51-a83626118989,Прокуратура,185,Ожидание экспертизы,2022-04-12,2022-09-19,Опер #12,Гр. Гончар 647,5
1e3d6a66-bd76-4946-8191-0abde2a66892,СБУ,121,На розыске,2022-03-17,2022-09-05,Опер #177,Гр. Коваленко 773,14
ce95a326-e773-4e27-93bf-dba57ebe246d,СБУ,194,В работе,2023-11-16,2024-08-17,Опер #45,Гр. Сидоренко 565,3
cb191804-dcf0-4f4a-8219-df53aeb21a29,СБУ,185,На розыске,2020-05-16,2021-05-22,Опер #137,Гр. Гончар 578,1
3d169f55-d6d2-4aac-9a0c-dd306b3717d6,НПУ,289,Закрыто,2021-03-16,2022-01-07,Опер #91,Гр. Петров 240,7
31776981-3d08-4f94-a838-eaf6bc7d7d12,СБУ,307,На розыске,2025-10-07,,Опер #133,Гр. Сидоренко 456,7
0e7aaecf-88d3-4c75-8246-622e1dacf0c6,НПУ,309,В работе,2020-08-15,2021-08-05,Опер #190,Гр. Мельник 658,5
dd00333b-e0b1-45a2-a2fe-30a3e09d086f,НПУ,121,В работе,2025-03-25,,Опер #2,Гр. Сидоренко 718,3
32155461-a78c-49b8-a7f0-714925da3215,НПУ,296,На розыске,2025-03-16,2026-01-12,Опер #66,Гр. Сидоренко 735,4
dc448c0c-d43c-4a8d-8b64-c0fb47f4b00d,Прокуратура,121,Передано в суд,2020-05-31,,Опер #114,Гр. Иванов 924,13
38b2775f-6426-410f-84b2-f44eb9ba5c7c,Прокуратура,289,Ожидание экспертизы,2023-08-07,2024-01-08,Опер #72,Гр. Иванов 218,6
26d5ad84-23df-46cd-97fd-da58ace59412,СБУ,309,На розыске,2021-01-06,,Опер #155,Гр. Мельник 490,1
a6946b72-c362-4784-ad3a-9af0a208f763,НПУ,115,Ожидание экспертизы,2023-06-02,2024-04-18,Опер #139,Гр. Сидоренко 740,8
8c445181-0b82-4605-9a31-d3dfd0f35c84,СБУ,115,Ожидание экспертизы,2020-01-31,,Опер #92,Гр. Петров 129,12
d0b96599-65c3-44ce-aba1-474a290a61d0,Прокуратура,115,В работе,2024-11-09,,Опер #194,Гр. Мельник 705,4
d5e72bf0-03a4-4e41-bfcc-06d8c5f8eace,НПУ,187,Ожидание экспертизы,2024-05-31,,Опер #74,Гр. Иванов 749,10
99324c0a-4cc1-43a8-9727-76020259d34e,СБУ,309,Закрыто,2024-09-24,,Опер #99,Гр. Петров 144,8
1a7cdb18-0ca9-4e5f-926b-28c9adbedced,Прокуратура,115,На розыске,2025-03-17,2025-06-23,Опер #144,Гр. Коваленко 808,5
d0ae6938-2e33-4527-92f8-ba6656ac8328,Прокуратура,185,Передано в суд,2023-05-09,,Опер #87,Гр. Сидоренко 351,0
2ec7274e-3855-4434-af0e-35eef22977a9,Прокуратура,263,Закрыто,2024-10-16,,Опер #19,Гр. Коваленко 814,0
2afeda3f-2d44-4745-bcbb-12ec6c147f57,Прокуратура,307,Закрыто,2023-11-29,2024-04-17,Опер #177,Гр. Гончар 352,2
a9f77990-3164-4ec8-b162-9753864b3417,СБУ,185,Передано в суд,2023-03-28,2024-01-11,Опер #8,Гр. Петров 706,13
d7621fd7-b75f-4eb3-91e2-bb58e719529e,СБУ,185,Ожидание экспертизы,2021-04-01,,Опер #76,Гр. Мельник 736,10
9b86136f-1d80-4109-b1bd-47401e4ab8a1,НПУ,307,Передано в суд,2025-07-31,2025-08-11,Опер #174,Гр. Коваленко 926,0
0f5b7e4c-5548-4250-88fd-f5268d7fbc41,Прокуратура,115,Закрыто,2022-09-10,,Опер #12,Гр. Гончар 376,7
43e96060-cd77-43b5-9ac1-b2edc623b603,Прокуратура,185,На розыске,2022-01-11,2022-04-27,Опер #88,Гр. Мельник 623,8
a92ff176-38e3-4a6a-b3b0-df7e9de8fa68,НПУ,296,На розыске,2023-11-28,,Опер #194,Гр. Сидоренко 232,2
28ec9583-2fad-4ea1-ad01-f7f26b061675,Прокуратура,187,В работе,2020-02-24,,Опер #163,Гр. Мельник 606,13
59d2f26d-1b05-4aa5-9b1d-71d9ecdadb4c,Прокуратура,187,На розыске,2024-05-05,,Опер #11,Гр. Петров 502,4
2c34280d-6173-43a6-84cc-4a108727316c,НПУ,307,Закрыто,2023-12-24,,Опер #45,Гр. Иванов 973,3
d0de89c3-d7f7-4ff1-9b94-4f355d3d4959,Прокуратура,289,На розыске,2022-07-18,,Опер #62,Гр. Гончар 965,10
65e805c9-3c0b-4d2e-a082-5cef88c3e3c7,Прокуратура,121,В работе,2023-03-06,2024-03-20,Опер #55,Гр. Иванов 615,3
ccbe610b-83b5-49a9-8ff8-020f175d12c2,СБУ,263,Закрыто,2025-05-30,,Опер #107,Гр. Петров 771,0
a3a5dc31-9f59-4082-aed9-36e873d7e370,НПУ,263,Ожидание экспертизы,2024-08-05,,Опер #87,Гр. Сидоренко 359,7
dfca8b43-2e37-4d85-85cd-b79ab8b68e07,СБУ,289,Закрыто,2020-04-11,2021-02-25,Опер #197,Гр. Коваленко 559,6
f059bb10-c42f-4e54-b053-06e7c0dd91e9,СБУ,309,В работе,2025-01-03,,Опер #80,Гр. Сидоренко 169,2
1f73a94a-1462-4130-8cfe-d6bcd0eb395b,НПУ,185,В работе,2020-11-19,,Опер #53,Гр. Иванов 177,10
2f90211b-a7a1-4dc8-bd94-b2e0a4d5bb8b,Прокуратура,115,Ожидание экспертизы,2021-03-28,,Опер #69,Гр. Сидоренко 445,0
056bc156-7474-48e2-9b93-12c2724b4c43,СБУ,121,На розыске,2023-05-19,2024-03-28,Опер #120,Гр. Мельник 284,3
5855de77-6f15-4a71-83ad-e4e9b50f0e7a,Прокуратура,115,В работе,2025-07-02,2026-05-27,Опер #75,Гр. Петров 850,3
7a7e515b-8c83-4626-9dd4-6c9f574e17a6,НПУ,115,Передано в суд,2020-03-21,2020-04-05,Опер #180,Гр. Мельник 527,6
9ad4524a-2ff4-4481-8292-ecce8c4cfeb5,НПУ,296,Закрыто,2020-10-09,,Опер #133,Гр. Гончар 702,15
e1a1cb55-6773-4d96-942f-8e115769d4fd,Прокуратура,187,В работе,2024-06-28,2025-06-26,Опер #114,Гр. Петров 352,10
979783e1-ebf1-4bc8-af62-a680521eb8dd,СБУ,309,В работе,2024-07-13,,Опер #8,Гр. Гончар 503,5
4414b9bc-4632-4056-82d3-93d2866d7179,НПУ,187,В работе,2020-05-18,,Опер #90,Гр. Сидоренко 736,6
0eb66584-c92d-4e81-b8de-08f4c2b463a0,СБУ,296,В работе,2024-08-02,2024-09-25,Опер #172,Гр. Гончар 650,3
e71bc984-da06-43b5-9936-ae10a58182df,СБУ,289,Закрыто,2023-03-21,,Опер #11,Гр. Гончар 602,2
be2f394d-0ee9-4fd9-a16d-677a4d28fc85,Прокуратура,115,На розыске,2023-12-07,,Опер #104,Гр. Иванов 199,12
382cb97b-c509-465d-bf1d-ee949139389d,Прокуратура,115,В работе,2025-04-03,2026-03-27,Опер #102,Гр. Петров 707,12
8f26c27b-45fd-4b3f-8f5f-55742cbdf0c4,НПУ,187,Передано в суд,2021-08-19,2022-06-10,Опер #58,Гр. Петров 500,11
9b88e933-3137-41a3-8145-4f599c0a8b6c,НПУ,289,Закрыто,2023-06-22,,Опер #82,Гр. Мельник 357,15
16f456aa-5e59-41da-9269-3ab34f96f6fc,Прокуратура,263,Передано в суд,2023-01-25,2023-07-15,Опер #181,Гр. Коваленко 832,5
fa11b814-c702-467e-8ac9-ff05e2913489,Прокуратура,263,В работе,2024-06-05,,Опер #83,Гр. Коваленко 588,14
48acd050-d64a-424c-9dc8-e52cb5a36a57,НПУ,194,Ожидание экспертизы,2020-01-29,,Опер #59,Гр. Сидоренко 672,10
7fabc3b2-be53-4e1f-81ef-c8184df6eb3d,СБУ,121,На розыске,2022-12-01,2023-05-16,Опер #33,Гр. Коваленко 387,12
37b1f390-525e-4c09-9413-55da1aa26f37,СБУ,121,В работе,2021-10-23,,Опер #153,Гр. Коваленко 372,1
f3fad4b4-ee5c-46ec-9de3-25b39e0c74b2,СБУ,187,В работе,2021-02-10,,Опер #1,Гр. Иванов 132,2
aeaaaa2d-55f8-4095-bb7d-0a37f2a6f556,Прокуратура,187,В работе,2022-12-14,,Опер #156,Гр. Коваленко 998,10
4f01e112-b550-49c6-b04c-ee08afbac077,Прокуратура,289,Закрыто,2021-07-22,2022-04-19,Опер #55,Гр. Сидоренко 157,9
36499ff7-a742-439e-a78d-e2d593cac3bc,НПУ,309,В работе,2025-01-06,,Опер #53,Гр. Мельник 231,8
ba144e44-1f12-4caa-ad3f-fa420322da52,Прокуратура,307,В работе,2024-03-06,2024-09-26,Опер #82,Гр. Иванов 905,3
a9b33b70-4080-4953-853a-15d07d9de579,Прокуратура,185,В работе,2020-12-18,2021-04-05,Опер #132,Гр. Гончар 625,0
13189eeb-57ac-4e3c-a4bd-5d8192cdcd47,СБУ,307,Передано в суд,2024-04-12,2024-12-02,Опер #164,Гр. Сидоренко 294,5
8dd9dd08-a146-4127-8109-d7877cc55c5d,Прокуратура,309,В работе,2024-08-17,2025-05-03,Опер #187,Гр. Гончар 836,1
d18ac918-1d42-4dd9-914b-f7fda732d243,Прокуратура,194,На розыске,2023-08-26,2023-11-09,Опер #115,Гр. Гончар 161,2
247ce4a5-e0e1-4c16-a9a5-7c18a3575b2b,СБУ,185,Ожидание экспертизы,2022-12-09,2023-11-16,Опер #116,Гр. Сидоренко 421,5
34713ee1-ce87-412f-a2f2-f83618d1b466,СБУ,194,На розыске,2022-06-14,2023-03-11,Опер #111,Гр. Мельник 698,0
311930af-86c2-42c2-91b7-ca033ace8885,Прокуратура,185,В работе,2021-01-31,,Опер #114,Гр. Коваленко 137,9
6833f603-f661-44be-a1c2-67163f2a63bd,НПУ,115,В работе,2023-09-24,,Опер #9,Гр. Иванов 890,3
d1ef9ab6-296b-48a4-aeb8-41853c0f671e,СБУ,289,В работе,2021-06-23,2021-06-30,Опер #144,Гр. Петров 104,15
6a077fdf-c3e6-4006-a043-a3f5eb401b36,СБУ,309,Ожидание экспертизы,2020-10-09,,Опер #65,Гр. Иванов 896,2
65b8a714-2a83-478f-8b60-097f3d7e2d06,СБУ,115,На розыске,2024-11-06,2024-11-15,Опер #28,Гр. Коваленко 361,8
7a339fd6-a56b-464f-b23d-e3b80f2c72d9,СБУ,185,Передано в суд,2020-11-19,2021-01-31,Опер #88,Гр. Гончар 360,0
7f602d3d-cb5d-4339-93df-f2e2f61f7005,СБУ,289,На розыске,2023-11-04,,Опер #48,Гр. Мельник 448,11
9e7d9ddf-ec56-40bf-bfff-6012311c4642,Прокуратура,309,В работе,2024-03-22,2024-04-22,Опер #124,Гр. Гончар 158,10
582d1b14-ff3c-4858-b76c-afca057bac94,НПУ,115,Передано в суд,2020-12-12,,Опер #16,Гр. Петров 817,9
8e8840c1-db2f-49db-994c-871bbbfdcecd,СБУ,307,В работе,2023-02-18,2023-09-01,Опер #107,Гр. Гончар 121,6
cfad843b-a149-4e4d-9e1e-5c2ad5fe2c63,СБУ,289,На розыске,2022-07-27,2023-06-30,Опер #181,Гр. Гончар 819,4
1ecd9d63-ae80-40a3-a1c9-098e9b16fe24,Прокуратура,296,Передано в суд,2023-12-26,2024-08-30,Опер #10,Гр. Петров 738,12
9e0335cb-8e34-4f10-a7db-fedb214c42da,НПУ,263,Ожидание экспертизы,2021-05-20,2021-06-19,Опер #60,Гр. Петров 187,12
e193d40d-062b-4b90-9a93-45e344373cc3,Прокуратура,115,Закрыто,2023-05-15,,Опер #11,Гр. Иванов 574,11
7ad4d8a5-66c6-40d9-9a59-d7e2b3a9e5c0,НПУ,194,На розыске,2023-12-14,2024-02-18,Опер #51,Гр. Коваленко 543,3
2b91ebbc-1f3c-4966-9c9d-ea9d1ddb1563,Прокуратура,289,В работе,2023-06-26,,Опер #7,Гр. Петров 344,3
3868019d-09d2-4c92-9852-bd91685ba103,НПУ,115,На розыске,2020-02-25,,Опер #166,Гр. Иванов 240,4
de63a9da-e767-4417-9d3e-a07c70074d2d,СБУ,296,Ожидание экспертизы,2023-11-09,2024-08-05,Опер #17,Гр. Мельник 999,14
7886eb39-c87f-4f9f-a985-3eb58b8263a7,СБУ,296,В работе,2024-08-08,,Опер #125,Гр. Петров 440,0
f9637735-aec1-44cb-a8b4-6a66ef9a0771,НПУ,194,Ожидание экспертизы,2021-10-03,,Опер #191,Гр. Гончар 748,3
3ed3739e-3f17-47d2-94d7-3bbdb1425660,СБУ,121,На розыске,2023-04-10,,Опер #148,Гр. Гончар 485,9
b5536c0f-d2ba-462e-a87b-eb331e8dd3ed,НПУ,194,Ожидание экспертизы,2022-01-31,,Опер #188,Гр. Иванов 254,6
0c3fe577-2b6e-40ea-a19d-1343889a4d66,НПУ,263,Ожидание экспертизы,2022-05-07,,Опер #152,Гр. Мельник 256,4
7a59de0b-1ca8-4153-8636-0bdddba9e9e7,НПУ,185,Передано в суд,2023-12-27,2024-07-19,Опер #178,Гр. Мельник 316,9
a577a0ba-ec7b-489a-9873-1d1e876edc99,СБУ,309,Ожидание экспертизы,2024-05-02,2025-02-05,Опер #133,Гр. Петров 196,4
5739d0aa-19a1-4044-914d-3aa0db571958,Прокуратура,185,Ожидание экспертизы,2022-03-09,,Опер #51,Гр. Мельник 665,5
b81efb90-3c73-4033-a49c-0cc43e161df5,НПУ,309,На розыске,2022-02-08,,Опер #133,Гр. Петров 251,13
5405a0e0-0890-4157-b02b-8bec2abb1d5b,СБУ,115,На розыске,2020-08-29,2020-09-28,Опер #49,Гр. Сидоренко 380,1
2238251c-8223-42cb-adb5-6ceebee51f91,Прокуратура,115,Ожидание экспертизы,2024-07-05,,Опер #146,Гр. Мельник 915,8
b7d7e73c-1377-4903-bc77-6f0207b42751,НПУ,194,Ожидание экспертизы,2024-02-10,2024-06-30,Опер #40,Гр. Сидоренко 967,4
8ddd96ae-3f81-428e-bc7e-af3b8f1cf70c,Прокуратура,296,Ожидание экспертизы,2024-12-18,,Опер #42,Гр. Коваленко 948,2
1437fd96-cc9e-4879-ad77-fa5a9d0e7197,Прокуратура,194,В работе,2025-06-08,,Опер #11,Гр. Сидоренко 706,6
98263b00-13a3-4e49-a7d3-cdb66e7a1f33,НПУ,296,Ожидание экспертизы,2022-06-29,,Опер #139,Гр. Гончар 321,12
0e2c9da4-e392-4630-b316-478a69d3cda2,Прокуратура,185,На розыске,2020-01-21,2020-09-23,Опер #57,Гр. Иванов 774,9
7effd8d4-e7c2-4ad4-a12b-cfc7d994438c,СБУ,307,Ожидание экспертизы,2021-07-21,2021-10-31,Опер #97,Гр. Гончар 551,10
d7f4c1ff-2ab8-4fb0-a712-6d8b8376584d,СБУ,263,Закрыто,2025-09-12,,Опер #9,Гр. Мельник 440,13
173d2d2e-7149-44da-b9f7-a1dff6fd095b,СБУ,115,Передано в суд,2023-01-28,2023-10-08,Опер #168,Гр. Петров 828,0
41c6e221-5775-446f-87ad-9abc95fff7e6,НПУ,307,На розыске,2020-06-01,,Опер #166,Гр. Петров 942,2
5c29ddb4-402a-4e50-8512-1e51ab04f3bd,НПУ,115,В работе,2023-10-17,2024-10-17,Опер #165,Гр. Иванов 391,12
1a89f413-630b-4822-afac-6acc1c4692bd,НПУ,296,Закрыто,2020-09-22,,Опер #70,Гр. Коваленко 317,7
762d99a6-b843-43b0-98b2-4de09c82d421,СБУ,194,Ожидание экспертизы,2022-11-27,2023-09-19,Опер #65,Гр. Мельник 163,9
e25fb97a-3024-4369-a35e-b4bb410af6e0,Прокуратура,307,Ожидание экспертизы,2023-06-28,2024-05-20,Опер #158,Гр. Иванов 554,0
fea34e00-b5a9-4baa-8998-0f40d65fd7d4,СБУ,309,Закрыто,2021-04-13,,Опер #116,Гр. Сидоренко 960,8
23dd38ca-6731-4c89-b214-8e1a5ba63483,НПУ,289,В работе,2020-06-15,2020-09-18,Опер #32,Гр. Иванов 880,5
d4cc9fcb-7766-4108-a997-29417496d31a,СБУ,194,Передано в суд,2020-11-22,,Опер #48,Гр. Иванов 976,6
2d516c7d-3f28-4810-857f-1a032ab291f3,НПУ,115,Закрыто,2020-03-30,,Опер #74,Гр. Мельник 941,4
fc2cf692-d50c-464e-a324-5367ddc9e88d,НПУ,263,На розыске,2023-07-27,,Опер #22,Гр. Петров 189,4
d0ddf740-1802-434c-91e0-1d4fac7f5b52,СБУ,289,Закрыто,2025-10-21,,Опер #78,Гр. Сидоренко 895,1
e888ba1c-ce13-4cd7-8be9-6628ddcebe5e,СБУ,187,На розыске,2020-06-06,2020-09-29,Опер #62,Гр. Гончар 728,1
270425cc-cc32-4bef-bb56-439c3c672460,Прокуратура,194,В работе,2020-05-28,,Опер #4,Гр. Петров 161,4
45efbf43-90b0-47a0-a8cf-130e337fec9a,Прокуратура,307,Закрыто,2020-11-02,2021-04-16,Опер #158,Гр. Мельник 898,4
56f19a90-06ed-4b65-bdd6-af3d199e36d5,НПУ,194,На розыске,2023-03-11,,Опер #9,Гр. Иванов 658,1
e25e113b-5d07-4a2a-88fd-ce2c06fa44c0,НПУ,307,В работе,2020-09-12,,Опер #181,Гр. Петров 977,6
d0e040a7-320a-4557-90ae-84f567c8eb16,Прокуратура,121,На розыске,2025-11-25,2026-10-26,Опер #1,Гр. Коваленко 910,4
93d29dfe-dff5-4aca-87b5-320d62707597,СБУ,185,Закрыто,2022-06-29,,Опер #164,Гр. Петров 671,14
2d360cd7-2184-484d-b407-46c96d379415,Прокуратура,309,Передано в суд,2023-12-02,,Опер #181,Гр. Мельник 210,15
e007e0c9-6cd7-41d2-b3b6-56d61a5e12a4,СБУ,307,Закрыто,2025-06-03,,Опер #172,Гр. Мельник 829,3
52ebe7c5-5f79-43ce-a4bf-86accf07bd96,НПУ,194,Ожидание экспертизы,2025-03-15,,Опер #178,Гр. Гончар 197,15
9e8843f8-c349-4f94-ab56-c5a5f955122e,Прокуратура,185,На розыске,2021-03-18,2021-08-16,Опер #184,Гр. Гончар 622,0
3a317972-40e0-4d26-84c9-1ed4a646de6b,СБУ,307,На розыске,2025-03-30,,Опер #67,Гр. Мельник 600,7
5c132652-d061-46f2-a2bb-23694769c1a1,Прокуратура,307,В работе,2025-08-19,2026-06-23,Опер #82,Гр. Гончар 850,14
1b8180e4-09aa-4de8-b18b-a0b04c85e587,Прокуратура,263,Передано в суд,2020-10-10,,Опер #155,Гр. Петров 377,5
290de173-3d62-477d-a3fc-2577e54747c0,Прокуратура,296,Закрыто,2025-11-03,2026-04-09,Опер #94,Гр. Мельник 258,11
bf12e916-985e-468b-89ea-de9fb9dcec66,Прокуратура,309,Передано в суд,2025-05-08,,Опер #72,Гр. Иванов 932,14
f3538b5b-c247-475e-8606-c32b057426bf,СБУ,307,В работе,2024-06-14,,Опер #14,Гр. Коваленко 405,5
478c6629-3782-4236-a400-f95f7eb101d1,НПУ,185,В работе,2021-04-02,,Опер #61,Гр. Мельник 455,15
36f36d45-9028-4eb9-844c-ee13a78b8a29,Прокуратура,194,В работе,2024-02-02,2024-10-18,Опер #78,Гр. Мельник 174,10
e07fc77f-9b35-4fad-96b4-327ed333394d,НПУ,296,Ожидание экспертизы,2020-05-25,,Опер #120,Гр. Коваленко 189,9
a14975b9-217b-4bfa-8526-8cce54de7392,НПУ,307,Ожидание экспертизы,2023-01-24,,Опер #195,Гр. Гончар 797,15
8b48f6c7-6395-451e-8d96-1ed65f149c40,СБУ,187,В работе,2022-07-04,,Опер #183,Гр. Петров 854,0
23338397-5d7c-4354-b428-f59e3b6924c6,НПУ,187,Передано в суд,2024-05-09,2024-07-11,Опер #184,Гр. Гончар 948,8
3ad162b7-9e2d-4259-b855-964807a97f12,Прокуратура,307,Закрыто,2022-04-21,,Опер #55,Гр. Петров 672,1
b4eb6f37-832f-4f6e-8aa4-b54d0c334588,НПУ,307,Закрыто,2021-09-04,,Опер #40,Гр. Коваленко 981,6
fa2af84f-ade4-4386-ae11-d9f0ee982e49,НПУ,185,Ожидание экспертизы,2023-01-02,,Опер #139,Гр. Петров 739,4
85db0c86-406f-4294-bc8a-b79749d85d22,СБУ,307,Ожидание экспертизы,2021-05-19,,Опер #189,Гр. Коваленко 423,0
8748d053-0f47-4b5a-84e7-0268e96e0001,СБУ,307,Ожидание экспертизы,2021-04-02,,Опер #128,Гр. Коваленко 384,1
b88366fc-2099-4537-861a-b2628db90ef0,НПУ,185,Закрыто,2022-02-20,,Опер #25,Гр. Гончар 338,12
c2978920-0171-44d7-9bed-186df600bb4e,НПУ,194,Закрыто,2020-10-06,,Опер #187,Гр. Сидоренко 448,12
b68391c0-d131-47b7-ba56-b2e090da7106,НПУ,115,Закрыто,2021-02-13,,Опер #47,Гр. Петров 350,8
a50215f1-55cc-40c7-8e33-7734267da235,НПУ,309,На розыске,2024-09-30,,Опер #85,Гр. Мельник 884,0
8ea116d7-67b1-4ea8-8c49-c418f46e745e,Прокуратура,289,Закрыто,2023-03-22,,Опер #108,Гр. Петров 661,2
745b9773-7fa5-40a2-8886-927b0f815a76,Прокуратура,185,Закрыто,2023-09-02,2024-07-28,Опер #86,Гр. Петров 781,15
edd187e3-9525-4d0e-b3a8-62081ec68132,Прокуратура,309,Передано в суд,2020-03-05,,Опер #193,Гр. Мельник 894,6
8f417c65-5ec4-473c-b198-6747bcc0835f,Прокуратура,307,Передано в суд,2020-12-20,,Опер #131,Гр. Коваленко 635,7
67c61d11-bf96-4a65-ad1b-9c0574ce0795,НПУ,115,На розыске,2025-06-09,,Опер #41,Гр. Гончар 930,14
2ea51ba5-9a16-428e-b104-ba309cfb03ee,НПУ,115,На розыске,2024-04-17,2024-10-26,Опер #119,Гр. Сидоренко 752,2
da1b44bf-14c5-4073-8ad0-94f1ee084ede,НПУ,187,Передано в суд,2020-10-27,,Опер #71,Гр. Сидоренко 699,2
ecc23aa0-e6c3-4e44-8c39-158e6d9e9467,НПУ,296,На розыске,2024-12-28,,Опер #25,Гр. Сидоренко 157,2
95bd0c26-84a0-4a0f-b6c1-449b9577813e,СБУ,187,В работе,2024-01-22,2024-02-08,Опер #4,Гр. Мельник 918,5
146d143d-1d8b-4063-90dd-383f038478a7,СБУ,194,Ожидание экспертизы,2024-05-07,,Опер #49,Гр. Петров 600,11
c4d04b34-51e6-442a-9e54-7656f382e72c,СБУ,115,На розыске,2025-10-27,,Опер #18,Гр. Сидоренко 453,13
985e6018-378c-4760-b448-7af887a7bf88,Прокуратура,194,В работе,2025-04-26,2025-09-16,Опер #154,Гр. Гончар 778,0
af1439f9-9087-48f8-86b3-4475c6f89024,СБУ,185,Закрыто,2022-08-13,2023-03-31,Опер #13,Гр. Петров 404,0
46153722-9e97-48db-a98a-34438d78d6c4,Прокуратура,263,В работе,2024-07-20,,Опер #171,Гр. Иванов 231,9
bcbd55ba-01fc-4096-b685-3c1037a965ef,НПУ,121,В работе,2022-09-27,,Опер #17,Гр. Иванов 335,14
0541d73e-ff71-4462-979f-edc5c4259145,СБУ,121,Закрыто,2023-10-29,,Опер #84,Гр. Гончар 382,6
9db26fa8-6551-4ee1-83a5-fed1c7312fa8,Прокуратура,309,В работе,2024-03-26,2025-04-10,Опер #3,Гр. Гончар 110,5
004f48ce-487a-4348-b335-57d5251e9552,Прокуратура,309,Передано в суд,2025-01-20,2025-06-24,Опер #179,Гр. Коваленко 778,14
3a2ade56-b3a4-4848-abbc-ef52c69ac628,СБУ,115,На розыске,2022-01-29,2023-02-13,Опер #61,Гр. Гончар 635,6
65792244-e94b-4e3f-aee5-5d349a3b5763,НПУ,187,В работе,2020-08-21,,Опер #69,Гр. Мельник 614,9
90027762-096d-4004-9554-9baac22f09b7,Прокуратура,185,Ожидание экспертизы,2025-10-22,,Опер #75,Гр. Сидоренко 877,12
81110e2a-4cde-4603-a96f-873be84f4226,СБУ,307,В работе,2024-03-15,,Опер #182,Гр. Мельник 308,15
4f71673a-6e4a-49b6-beb2-4e6d01f81fd3,Прокуратура,263,Передано в суд,2020-03-01,,Опер #108,Гр. Гончар 107,5
e101be48-2e81-4f3f-8189-c166a0054cd2,Прокуратура,185,На розыске,2025-09-13,,Опер #23,Гр. Сидоренко 275,0
3b2e03db-6264-4480-beea-fcc308b78083,Прокуратура,296,На розыске,2020-11-02,,Опер #15,Гр. Иванов 448,7
c6f5f39b-fbab-41a3-9a11-017f15ac2758,Прокуратура,296,Ожидание экспертизы,2024-01-13,,Опер #125,Гр. Сидоренко 545,11
b4cf194d-24f4-493a-93d0-babc6882b29c,Прокуратура,185,Передано в суд,2020-01-28,,Опер #20,Гр. Гончар 451,15
fb8613f5-e4f2-4fb7-b2cf-39746953888f,НПУ,121,Закрыто,2020-10-08,,Опер #183,Гр. Мельник 113,3
cd5db0d4-46db-42e9-97a5-d02af164fa08,НПУ,187,На розыске,2023-11-29,,Опер #187,Гр. Мельник 808,15
a9f5c49b-2584-4296-ac6c-33cbaf7a0edf,СБУ,289,В работе,2022-12-27,,Опер #116,Гр. Коваленко 210,3
ae275655-fcb2-42d8-8611-7cb17a5af63b,СБУ,121,На розыске,2022-12-22,2023-09-29,Опер #112,Гр. Коваленко 169,7
b032326c-9257-4ddd-bd30-9351d30c1785,НПУ,185,Закрыто,2024-03-17,,Опер #92,Гр. Мельник 572,12
32824d57-e84c-4cc9-8880-b4e1ff02c5ed,СБУ,289,Передано в суд,2025-11-06,2026-07-25,Опер #76,Гр. Сидоренко 211,15
a4f50bdf-5ca5-4087-9598-a49166b43d80,Прокуратура,187,Ожидание экспертизы,2021-02-26,,Опер #21,Гр. Мельник 883,2
0631ae0b-f48a-40e3-b73f-b61c24756de4,НПУ,309,В работе,2023-08-22,2023-09-16,Опер #72,Гр. Иванов 450,14
fbbcdedb-7ba3-442d-8369-f6712e4d49f3,СБУ,194,Передано в суд,2022-08-05,2023-08-23,Опер #42,Гр. Сидоренко 227,2
a6d97007-6bb7-4320-b2dc-d03acefc441c,Прокуратура,121,Ожидание экспертизы,2022-04-24,2022-10-18,Опер #5,Гр. Петров 253,7
542152bd-4cd7-4956-8d29-96287b46bfe6,НПУ,115,Ожидание экспертизы,2020-12-30,2021-04-05,Опер #141,Гр. Сидоренко 659,0
e658f4b7-9a50-4773-9dbc-64a2f52e6349,СБУ,115,На розыске,2020-12-02,,Опер #60,Гр. Сидоренко 867,0
20a1ef82-18bc-4630-bac9-4fe00def08a1,Прокуратура,194,Передано в суд,2021-02-17,,Опер #70,Гр. Сидоренко 724,11
7c49b777-12f7-46ac-bc60-2b9eba86a87e,СБУ,263,Передано в суд,2022-11-19,,Опер #125,Гр. Сидоренко 156,15
64bc30e6-a010-4219-8b2a-d777ce2fc9b0,Прокуратура,263,На розыске,2022-02-05,2022-08-03,Опер #146,Гр. Иванов 598,10
f5fb0701-e7f0-44df-a354-c772adee7cfe,СБУ,309,Ожидание экспертизы,2024-02-20,2024-11-15,Опер #86,Гр. Коваленко 494,14
3789333a-5fd2-4cf8-ad4f-a52a35a9734d,СБУ,185,В работе,2020-05-24,2021-03-26,Опер #159,Гр. Иванов 514,10
b6a7bcd2-a50f-4a71-88a1-68d7b312943a,Прокуратура,289,Передано в суд,2022-02-18,,Опер #35,Гр. Мельник 570,11
2e9fb0e3-e151-4d80-a9e9-9db90883ac82,СБУ,121,На розыске,2025-03-06,,Опер #173,Гр. Коваленко 837,15
d328813b-0248-4fa2-9a76-3c244129db23,СБУ,296,Ожидание экспертизы,2022-05-26,,Опер #103,Гр. Коваленко 155,6
eb4f9a6a-c046-4360-86d2-3d821bb9ce53,НПУ,263,На розыске,2021-08-10,,Опер #198,Гр. Гончар 495,0
255f36d5-3c35-44b0-9f5f-5c865117fa42,СБУ,115,На розыске,2020-06-08,,Опер #119,Гр. Гончар 969,8
252f6d11-9022-4f5b-be12-f93b4906fbb2,НПУ,309,Ожидание экспертизы,2022-07-19,2023-07-09,Опер #26,Гр. Петров 115,12
ee5059f9-a0ba-4584-8c94-8841349af311,Прокуратура,263,Ожидание экспертизы,2022-03-30,,Опер #96,Гр. Сидоренко 882,2
69d0cfd3-e3e4-4041-a08e-cd08bfd0eb9d,Прокуратура,185,Передано в суд,2022-09-30,2023-08-18,Опер #156,Гр. Мельник 612,0
97468526-493d-4927-80f3-911ab39c646d,НПУ,309,Закрыто,2024-10-01,2025-09-25,Опер #75,Гр. Сидоренко 478,12
7a2c42ba-7f26-4e65-b925-a4f39b6f78ca,НПУ,187,В работе,2023-07-28,,Опер #137,Гр. Мельник 200,13
702d991b-7906-41fa-a4fe-5a5bef4ae42c,НПУ,115,Закрыто,2023-07-04,2024-04-17,Опер #22,Гр. Мельник 768,3
b907cc03-5160-49d1-9b25-eae4feaece3b,Прокуратура,296,На розыске,2025-03-23,2025-11-20,Опер #97,Гр. Сидоренко 457,5
f79c5088-3c82-460b-9929-9188f5f986fd,Прокуратура,115,Закрыто,2022-03-27,,Опер #158,Гр. Сидоренко 609,6
8c328a99-9bda-41bd-9534-ef371528a820,НПУ,296,На розыске,2023-07-17,,Опер #85,Гр. Мельник 198,11
abfb3e0b-2bb7-49b9-bf20-c9f6b35a9ac2,Прокуратура,115,Передано в суд,2022-02-15,,Опер #114,Гр. Иванов 687,0
2ce459cd-3e2b-466b-b3e3-e006b0e2c503,НПУ,194,В работе,2021-05-02,2021-11-07,Опер #118,Гр. Петров 884,7
2b7d95d0-6e09-4bb3-b93a-0bc76dce5ac9,СБУ,296,Ожидание экспертизы,2023-02-07,,Опер #8,Гр. Сидоренко 291,2
f305613f-ba12-4cae-a896-069bcc5d008e,СБУ,296,Закрыто,2020-10-18,2021-09-12,Опер #174,Гр. Сидоренко 219,6
52bb3c7f-182a-4346-87cd-66c2b3f30f86,НПУ,296,Передано в суд,2020-06-17,,Опер #122,Гр. Мельник 912,15
b2fe3b4f-e65c-4482-b765-90a3ace90932,НПУ,289,Ожидание экспертизы,2025-05-22,,Опер #83,Гр. Иванов 509,13
9b7fbd36-3893-4819-91ec-acd5f7965cc6,Прокуратура,194,Ожидание экспертизы,2023-10-28,,Опер #130,Гр. Коваленко 331,10
c5e6820a-a4c2-4605-a883-a3094e6f8926,СБУ,307,Закрыто,2020-06-09,2021-05-21,Опер #172,Гр. Коваленко 789,5
c31b4db3-721f-4a92-9592-32c1f7217057,Прокуратура,187,Закрыто,2024-12-03,,Опер #58,Гр. Коваленко 696,5
c4ea01c0-9fbe-48f4-9a35-bbfeabe96a79,НПУ,187,В работе,2022-04-27,2022-07-25,Опер #44,Гр. Петров 333,1
e042550d-909f-430d-852e-48b0b71e889f,НПУ,121,Ожидание экспертизы,2025-01-26,,Опер #133,Гр. Петров 537,3
6dda0422-4f98-433d-8602-852f27b7bfcf,Прокуратура,307,На розыске,2024-01-07,,Опер #153,Гр. Сидоренко 545,1
f688481e-bd2c-474d-a1ab-70c15ff95579,СБУ,263,Ожидание экспертизы,2021-11-03,,Опер #38,Гр. Петров 219,5
ca2ef946-8bd2-479e-bb04-3d11c76eba2c,СБУ,263,В работе,2021-02-25,,Опер #30,Гр. Мельник 356,10
59f19724-7109-447b-ab4d-692df187012a,Прокуратура,194,Передано в суд,2022-03-11,,Опер #51,Гр. Сидоренко 327,6
220cc261-e557-4ced-ac99-a20aa0325555,Прокуратура,187,Передано в суд,2024-11-23,,Опер #12,Гр. Сидоренко 395,13
670e3b30-d804-4d9c-8ecf-8b00866bff6d,СБУ,289,Ожидание экспертизы,2023-09-22,2024-02-20,Опер #107,Гр. Гончар 172,5
3fb43140-96ec-4ddc-afce-c5e69c5f16ed,СБУ,185,Передано в суд,2023-01-20,,Опер #171,Гр. Сидоренко 611,14
7160f7ff-fefb-4964-b419-7bdbbb710762,СБУ,194,Закрыто,2020-10-03,2021-10-13,Опер #88,Гр. Коваленко 465,7
aaac03cf-28e9-4fe5-879f-7dd3642d8849,НПУ,115,На розыске,2025-08-14,2025-09-23,Опер #43,Гр. Мельник 517,4
85f8388c-b487-4832-a383-924e7d7959cd,Прокуратура,194,Передано в суд,2023-05-30,,Опер #172,Гр. Иванов 103,1
a89630e5-789c-4b7d-be51-b3a51384fc64,Прокуратура,185,Ожидание экспертизы,2024-01-28,,Опер #77,Гр. Гончар 974,0
5d90be16-5c56-4aa6-abb8-d4fa9af20928,СБУ,121,Ожидание экспертизы,2024-10-02,,Опер #111,Гр. Коваленко 450,1
0ad3f711-1285-4aed-ad6f-8140cc194c8e,СБУ,187,Закрыто,2020-11-13,,Опер #63,Гр. Сидоренко 170,2
d0490a3c-caae-4c5c-b9a3-3bc6f35c11d0,Прокуратура,115,Закрыто,2025-05-21,2026-01-19,Опер #200,Гр. Сидоренко 487,11
b15fc1bf-b3f3-4995-a6ec-2b142a23ddfb,НПУ,309,На розыске,2024-01-25,2024-05-21,Опер #150,Гр. Коваленко 965,10
47bed769-18b4-41f6-9222-f8cc854e6dda,НПУ,185,В работе,2021-03-02,,Опер #14,Гр. Коваленко 732,0
136bb606-e7d1-4b05-825e-47cf619edced,СБУ,296,Закрыто,2021-11-30,,Опер #14,Гр. Петров 548,1
3d62fb96-8f58-4643-9e03-8830614623f7,СБУ,115,Закрыто,2023-04-23,2023-10-30,Опер #150,Гр. Коваленко 537,0
1e5f494a-b489-40aa-9189-dc42df443c3f,Прокуратура,185,В работе,2022-04-24,,Опер #146,Гр. Коваленко 996,2
b4b738c9-caad-422e-af3e-d550e2586499,СБУ,296,В работе,2024-08-30,2024-10-18,Опер #63,Гр. Иванов 837,8
2d8d7135-3976-417c-a61d-4c8dfa41464c,НПУ,115,Ожидание экспертизы,2020-03-20,2021-03-02,Опер #41,Гр. Иванов 484,1
1faed81b-026c-432e-8517-61367f729f16,НПУ,309,В работе,2020-08-15,,Опер #173,Гр. Сидоренко 271,3
fcaf7b58-791f-4cb6-9190-938065e5c1a3,СБУ,194,В работе,2025-02-14,2025-07-16,Опер #79,Гр. Иванов 795,2
6ae22e18-19a1-48b9-89e3-89cea54d6227,НПУ,307,В работе,2021-05-27,,Опер #86,Гр. Иванов 672,7
2cb5e6a8-e497-4a6a-9c06-55b92f5b3464,Прокуратура,263,В работе,2024-06-07,,Опер #51,Гр. Сидоренко 898,0
cb450e1f-89ab-4ad4-8800-e27144967da3,НПУ,187,В работе,2024-01-01,,Опер #133,Гр. Гончар 166,7
a1132c16-ffd5-4505-bbe0-ad784e39c1f2,СБУ,194,Передано в суд,2022-01-15,,Опер #39,Гр. Коваленко 307,7
2c8d812d-de25-40d6-8064-5e914c740efe,Прокуратура,187,На розыске,2023-06-05,2023-08-15,Опер #165,Гр. Петров 706,0
e1acf398-9145-4ad0-b29f-0a43112bf43c,НПУ,309,Закрыто,2021-06-17,,Опер #6,Гр. Коваленко 701,12
2bec1805-6bc1-4dc6-a896-5d1348a006d3,СБУ,194,В работе,2023-07-22,,Опер #107,Гр. Мельник 305,8
7c628a39-9d55-43e7-b136-617ef756c44c,Прокуратура,296,На розыске,2024-09-17,,Опер #106,Гр. Мельник 507,3
ac98342c-432e-49fe-ae64-0a84652f48d3,НПУ,115,Ожидание экспертизы,2023-11-26,2024-08-26,Опер #121,Гр. Мельник 132,13
634ab11c-19ce-48f1-8410-0026be022255,Прокуратура,187,Передано в суд,2020-09-29,2021-10-24,Опер #169,Гр. Коваленко 969,8
f1e1b7e7-507b-4c74-8cfa-17c24bd2d7c5,Прокуратура,289,Ожидание экспертизы,2025-08-01,2025-08-06,Опер #149,Гр. Сидоренко 670,14
3e24b5f5-0d65-4245-b2ab-e58b3603bcf2,СБУ,121,Передано в суд,2020-03-21,,Опер #152,Гр. Сидоренко 855,14
652122e9-ff61-499c-9d38-676228cee37d,НПУ,263,На розыске,2022-07-11,,Опер #3,Гр. Иванов 377,2
3bf46b07-42ba-430d-a27d-1db872b68bb7,Прокуратура,194,Передано в суд,2023-05-30,,Опер #1,Гр. Иванов 935,15
97ef654e-6f6b-43e3-8cf7-13057a163989,СБУ,115,В работе,2023-01-06,,Опер #188,Гр. Мельник 719,3
79718591-2d1c-452a-b36e-ad31620d9e50,НПУ,187,Передано в суд,2022-12-10,,Опер #197,Гр. Мельник 663,6
c4598622-7100-4d3c-b57a-d330baf644f5,Прокуратура,289,Закрыто,2023-10-01,,Опер #74,Гр. Гончар 123,5
43aac982-fb71-4c1c-ac06-c331af94c22e,Прокуратура,185,Ожидание экспертизы,2021-05-20,2022-02-15,Опер #10,Гр. Сидоренко 964,2
ec68ad81-a006-4eba-a0d8-e8885b27adab,НПУ,289,Закрыто,2025-08-07,,Опер #35,Гр. Мельник 384,11
f3dbcdb8-cd73-4a88-9ef2-5e58f172953b,НПУ,296,Ожидание экспертизы,2021-11-05,,Опер #159,Гр. Сидоренко 406,7
2762bdaa-797f-4d63-a84b-e45e0c4f5118,Прокуратура,121,Ожидание экспертизы,2022-04-30,2022-11-03,Опер #144,Гр. Гончар 853,8
78c075a4-87b4-4d42-a4d8-d8a13f432a55,Прокуратура,309,Передано в суд,2023-01-04,2023-07-03,Опер #133,Гр. Коваленко 584,5
ec2122bf-46da-49b3-a363-3f6b33266f3d,НПУ,296,Передано в суд,2020-10-28,,Опер #116,Гр. Мельник 690,2
5bd3cbd1-fcde-419c-8b1b-de353f71831f,Прокуратура,296,Передано в суд,2023-11-18,,Опер #146,Гр. Гончар 324,5
e481fa39-18b3-448b-a7bb-0ca4ae66f05d,Прокуратура,194,Закрыто,2022-09-06,,Опер #136,Гр. Петров 325,3
497779cf-9a92-41ec-8ca8-8a1640bce5f2,СБУ,307,На розыске,2024-05-10,,Опер #157,Гр. Иванов 452,7
c345431a-31fa-40de-837e-658608249e6f,Прокуратура,296,В работе,2024-11-29,2024-12-02,Опер #97,Гр. Сидоренко 455,10
f20b11ee-78f9-4761-9e33-f7f9cfdb5128,СБУ,194,Закрыто,2025-03-18,,Опер #37,Гр. Сидоренко 532,4
d8cfc70d-ba92-42ab-845d-cd666b59a284,НПУ,185,Закрыто,2021-01-01,,Опер #29,Гр. Гончар 906,4
c85de510-89cc-45ed-8de5-6a7dc2224497,Прокуратура,296,Закрыто,2023-05-27,2024-02-16,Опер #186,Гр. Гончар 540,3
295e129b-41df-4d42-af68-f201d7e62dd5,СБУ,121,Закрыто,2025-05-15,,Опер #106,Гр. Петров 591,7
58d5f484-9de2-4ab9-9110-b7d8fa147ec9,Прокуратура,115,Ожидание экспертизы,2024-05-02,2024-05-03,Опер #91,Гр. Петров 262,6
378f967f-ef9b-47d0-b23a-1e77ad520209,СБУ,296,Закрыто,2022-07-29,,Опер #98,Гр. Петров 272,5
86f4f2ef-7bd0-454d-9c33-9722687eb1e4,Прокуратура,115,На розыске,2021-10-20,,Опер #23,Гр. Мельник 670,4
3209e95a-d2bc-4f9c-bf79-ccffcf8f9764,НПУ,187,В работе,2023-06-22,,Опер #108,Гр. Коваленко 523,1
8f9fdb76-8c3a-4027-ba5e-75d6fb2d83bf,Прокуратура,115,Ожидание экспертизы,2020-05-03,,Опер #139,Гр. Коваленко 267,9
24266cc7-e89c-41ec-ab2d-3c6038f4a747,Прокуратура,296,Передано в суд,2020-03-07,2020-11-20,Опер #5,Гр. Сидоренко 735,1
92ac793f-e2e2-4241-a34a-672ab36637e1,СБУ,289,На розыске,2023-09-14,,Опер #96,Гр. Мельник 734,13
2ee298f5-29ef-4c03-aeee-95e15b168492,СБУ,289,На розыске,2022-03-21,,Опер #192,Гр. Коваленко 428,9
1d666cd1-aa5b-4842-9d50-58b3315199a8,Прокуратура,263,Передано в суд,2021-06-15,2021-11-14,Опер #6,Гр. Сидоренко 715,3
f7e4f519-5acd-43f2-834c-a17df74c9ece,Прокуратура,185,На розыске,2022-09-11,,Опер #90,Гр. Гончар 685,10
9fd74acd-3180-4cc1-8a08-f11d65243c2f,СБУ,115,Закрыто,2025-09-20,,Опер #5,Гр. Сидоренко 902,3
79c940a2-a408-454e-8115-ab17f3bc4257,НПУ,185,Закрыто,2023-01-17,2023-03-07,Опер #13,Гр. Коваленко 697,13
806d705b-43a3-4f28-b3d1-70fcd96c5a04,СБУ,185,Закрыто,2024-09-07,,Опер #59,Гр. Петров 292,12
7075bb72-a21a-4636-b258-1c67b4cac04b,НПУ,289,Ожидание экспертизы,2025-02-21,,Опер #81,Гр. Гончар 533,3
b2ff1513-e73f-45ce-a2d0-6a987fb9b26b,Прокуратура,121,Передано в суд,2024-03-08,,Опер #27,Гр. Коваленко 489,9
0a04fc6d-d96e-437a-955c-7cc945575a96,СБУ,309,Передано в суд,2021-02-15,,Опер #161,Гр. Петров 551,4
37475449-a82d-4673-9875-0f7c7acdfc38,Прокуратура,309,Закрыто,2025-08-30,,Опер #44,Гр. Мельник 931,4
49b65a2c-c396-41ad-9a07-a087edd6b6c8,СБУ,185,В работе,2022-09-04,,Опер #95,Гр. Мельник 257,10
35ed4b85-cbd9-4539-8c43-f45277119671,Прокуратура,296,Ожидание экспертизы,2024-01-17,,Опер #137,Гр. Мельник 225,0
09acf578-63c3-435c-a788-dfdddebcf33f,НПУ,115,Закрыто,2024-09-03,,Опер #44,Гр. Иванов 749,14
99a4ca8d-2b7f-4ff2-a71c-552a11a5e85c,СБУ,194,Ожидание экспертизы,2024-04-28,2025-05-08,Опер #98,Гр. Сидоренко 725,14
1b1287df-b828-49db-9427-6c748b572da1,НПУ,296,Ожидание экспертизы,2020-12-13,2021-03-06,Опер #132,Гр. Иванов 274,0
e329aaff-acfb-4fbc-824e-d716cc285cc9,НПУ,194,На розыске,2020-07-05,,Опер #29,Гр. Коваленко 101,6
8b449bde-1a66-4d43-9ef3-81018f83b2f2,НПУ,115,Ожидание экспертизы,2020-01-21,,Опер #78,Гр. Гончар 461,7
d98ccac2-8512-4399-bcbe-70748084458d,НПУ,309,В работе,2025-10-17,,Опер #68,Гр. Гончар 968,1
b6f760ad-8885-49e5-a70e-f58f8fbd4fa1,Прокуратура,296,Ожидание экспертизы,2025-07-04,2025-09-09,Опер #69,Гр. Гончар 788,10
a353d7d9-d56a-43c6-8545-0852b4beebdb,НПУ,289,На розыске,2025-02-11,,Опер #31,Гр. Иванов 887,3
be94f9eb-dbbe-4bc1-bb0d-468f42347f33,Прокуратура,121,На розыске,2024-12-20,2025-05-21,Опер #95,Гр. Гончар 886,0
b1850ab7-d650-471b-9003-c48ca7f50e86,НПУ,289,Ожидание экспертизы,2023-07-12,,Опер #126,Гр. Коваленко 682,3
86208ba0-7e14-4cb1-bcb4-e622cc21560b,СБУ,121,На розыске,2020-04-01,,Опер #155,Гр. Коваленко 512,4
1c1be82c-3915-46f0-bb61-3b46b7be36d1,СБУ,296,В работе,2024-12-11,,Опер #21,Гр. Петров 396,14
a19e6718-68c8-4580-97f7-2401ffb6fbf4,СБУ,263,Передано в суд,2021-04-30,,Опер #44,Гр. Коваленко 859,3
1f145fc2-7a63-4163-93be-0a7aa9ac08db,НПУ,296,Передано в суд,2024-08-30,,Опер #95,Гр. Гончар 761,9
6a90ab6a-205b-45f3-ace9-7eeefd70a93d,Прокуратура,194,Ожидание экспертизы,2020-07-19,2020-07-30,Опер #80,Гр. Петров 603,10
80f3a7b0-d7e1-42d6-8dc8-ad89c2d28dae,НПУ,187,Передано в суд,2024-02-19,2024-04-30,Опер #142,Гр. Гончар 549,10
ed19d5a8-69b6-4025-bc4a-ff3b2e37162a,СБУ,185,В работе,2025-09-29,,Опер #180,Гр. Коваленко 905,15
71784e3b-d3c5-4dec-897a-17cf54a26560,НПУ,185,В работе,2020-11-05,,Опер #100,Гр. Коваленко 995,1
05304f30-ecc6-4b17-88e6-0d7cd4f55f1d,НПУ,263,В работе,2025-10-02,,Опер #13,Гр. Иванов 535,6
cb3b0254-20ba-4f87-bbfd-e179ffe0357a,СБУ,194,Ожидание экспертизы,2024-07-09,,Опер #77,Гр. Коваленко 435,15
384923dc-ab78-4650-8501-b3bf8a4044b6,СБУ,296,Передано в суд,2025-09-16,2025-09-22,Опер #75,Гр. Мельник 267,5
2e3419da-791e-46a9-90de-c46baf31ea1d,Прокуратура,187,На розыске,2024-07-13,,Опер #149,Гр. Сидоренко 997,11
fada606f-7220-4d9d-88f9-79711486c461,Прокуратура,296,В работе,2022-10-20,2023-11-12,Опер #11,Гр. Сидоренко 790,11
97366fba-7dfa-4c3e-8f8a-2d6b0ee5a127,Прокуратура,289,Передано в суд,2023-03-02,,Опер #57,Гр. Иванов 405,9
f55be411-35af-4d7c-85ce-229d8db9faed,Прокуратура,263,Ожидание экспертизы,2025-07-10,2025-12-08,Опер #32,Гр. Коваленко 615,12
6f770176-85f1-47dd-b673-ca324e4ea76d,Прокуратура,115,Закрыто,2021-04-23,2021-06-17,Опер #79,Гр. Мельник 182,12
2e247761-f667-4d2b-821e-8aff6f795214,НПУ,289,Закрыто,2020-01-07,,Опер #69,Гр. Петров 452,2
b565b8ab-c302-4c71-9f14-8bc8a08c5394,СБУ,185,Ожидание экспертизы,2020-07-19,,Опер #109,Гр. Коваленко 821,8
1b879eeb-e44a-432c-a65c-55629059d282,Прокуратура,289,Ожидание экспертизы,2021-02-10,2021-02-23,Опер #53,Гр. Сидоренко 886,0
7e2a122a-b668-4421-ba1d-b7011b21a458,Прокуратура,187,Закрыто,2021-01-09,2021-02-24,Опер #140,Гр. Мельник 185,2
0d1834c2-1a58-48b7-a566-ef4d00434f37,НПУ,263,В работе,2021-10-11,,Опер #164,Гр. Петров 175,1
8507e10b-f8d7-4870-acc6-9440d2f480fb,НПУ,187,На розыске,2023-04-20,2023-09-12,Опер #68,Гр. Гончар 959,1
a1ae9aa7-d1b9-4dac-8e43-7ceb76973e45,Прокуратура,307,Закрыто,2022-02-25,2022-09-10,Опер #182,Гр. Сидоренко 203,5
134878f8-6029-4489-aadd-453576d8133f,СБУ,309,На розыске,2020-03-21,,Опер #189,Гр. Петров 868,4
0abea047-f24f-4a11-9335-401ab3ecf0f4,НПУ,121,Передано в суд,2025-10-22,2026-01-08,Опер #115,Гр. Мельник 469,13
6f152b37-62a3-4c4d-a42c-6fbb88e9b6ec,СБУ,194,Ожидание экспертизы,2023-11-19,2024-09-23,Опер #196,Гр. Гончар 808,15
eb6e7466-13e6-4669-935d-ae5dc5d77580,НПУ,307,Передано в суд,2021-09-25,2022-05-08,Опер #159,Гр. Сидоренко 183,14
3d080662-a58f-4694-9a05-1a60ea78f78c,СБУ,263,В работе,2024-02-04,,Опер #115,Гр. Мельник 935,9
6e743056-1e51-4c81-b1ae-a3dfd2d1b9ea,НПУ,263,Ожидание экспертизы,2021-12-29,2022-03-08,Опер #118,Гр. Мельник 401,9
c3a0c83f-e762-4826-a4bf-14c1bfc45f90,НПУ,115,Закрыто,2024-04-09,,Опер #159,Гр. Коваленко 968,7
24c2ac15-9741-4146-99e1-881b5bdaa73a,Прокуратура,307,В работе,2020-12-08,2021-10-18,Опер #86,Гр. Сидоренко 500,9
5857c32f-ff44-45cc-9879-3e4107ed2ab7,Прокуратура,289,Передано в суд,2025-04-09,,Опер #172,Гр. Коваленко 980,11
fca808b9-da62-4ddf-af0f-47a4a423b1b4,НПУ,194,В работе,2022-03-20,,Опер #161,Гр. Петров 963,12
7b50ee1a-9287-4c4c-9237-021ba831eb90,НПУ,289,Передано в суд,2022-09-06,,Опер #173,Гр. Коваленко 163,6
94a33b7e-d82d-4bc4-87a5-9aceb8ad6313,СБУ,115,На розыске,2025-05-10,,Опер #21,Гр. Мельник 313,6
17fe6b30-758b-473f-b7a5-fee3acaae59c,Прокуратура,263,Закрыто,2021-06-27,,Опер #137,Гр. Иванов 528,6
9f880306-d66c-4145-80de-76ac212c0e8b,СБУ,121,На розыске,2022-09-16,,Опер #187,Гр. Гончар 735,0
fa84563e-bf78-479c-99e7-800758778a89,НПУ,187,На розыске,2020-03-01,2020-12-23,Опер #115,Гр. Иванов 816,12
ce2c0933-fb2d-4da7-afe1-b3872df4f7c5,НПУ,289,Ожидание экспертизы,2024-09-16,,Опер #162,Гр. Сидоренко 480,4
afd1abcd-15fb-412a-a35f-f64f81b05593,Прокуратура,289,В работе,2023-07-28,,Опер #156,Гр. Петров 612,1
d79be169-4500-42eb-aec8-36b2eecf0749,НПУ,309,В работе,2025-10-20,,Опер #1,Гр. Мельник 263,7
50a193a7-e315-4077-a5fe-6a04807cf298,НПУ,194,Закрыто,2023-04-17,,Опер #195,Гр. Гончар 675,10
237f314a-91c7-4468-9e18-d127788557f2,СБУ,115,Закрыто,2022-09-17,2023-07-07,Опер #84,Гр. Мельник 795,13
a30a09ea-1272-4135-be65-58d0172d72c2,НПУ,187,Ожидание экспертизы,2021-07-18,2021-11-01,Опер #34,Гр. Петров 821,13
5986fe43-4e87-44a8-8919-ce5bb8f2f45e,НПУ,263,Закрыто,2023-10-28,,Опер #7,Гр. Сидоренко 876,7
28a38511-5ef2-46c9-8f0a-859ff692e1ec,Прокуратура,309,Передано в суд,2022-12-10,2023-11-16,Опер #11,Гр. Мельник 528,12
e7feae07-33a1-4772-b22b-a6aec0133753,СБУ,187,На розыске,2020-02-03,,Опер #34,Гр. Сидоренко 988,12
8cac905a-9f8d-48ae-9171-68f1e00d6ecb,Прокуратура,121,Передано в суд,2024-08-14,,Опер #30,Гр. Гончар 135,8
29fee95c-a478-4078-9862-7c84d4213d00,СБУ,296,Передано в суд,2025-07-28,,Опер #189,Гр. Петров 153,11
678d612d-d6d0-42ba-aa9e-7d42c9c07d2d,НПУ,194,Закрыто,2023-07-11,2023-08-31,Опер #178,Гр. Гончар 185,6
99b8af5e-1ff7-4c4a-a0c7-27c80f41a19a,Прокуратура,307,Передано в суд,2023-05-22,,Опер #80,Гр. Гончар 587,12
6559a1d0-9f0a-47ee-8e28-9d1f5502393d,НПУ,121,Закрыто,2020-06-11,2020-11-14,Опер #47,Гр. Иванов 790,14
f18194a8-b345-4c41-958e-9bc80fa365c8,НПУ,309,На розыске,2022-10-23,,Опер #117,Гр. Иванов 443,0
f1280448-ff26-4054-951c-0edd6a8a2206,Прокуратура,185,Закрыто,2021-02-02,,Опер #56,Гр. Мельник 772,3
8a27df71-8465-4fe1-afef-eb703cc09547,НПУ,185,Ожидание экспертизы,2020-03-01,,Опер #82,Гр. Коваленко 868,1
acfebbf7-e2c3-44b3-b836-e241dcf0ed0a,СБУ,121,В работе,2025-03-09,2026-03-18,Опер #109,Гр. Сидоренко 389,9
7ced465f-5525-44b1-9190-8430e1519c02,Прокуратура,121,На розыске,2024-03-13,2024-08-04,Опер #193,Гр. Петров 317,5
1f50ac32-1109-4e55-ae7a-5613ab03305d,СБУ,121,В работе,2023-06-21,,Опер #160,Гр. Гончар 492,14
54a8c427-5695-4f5f-a1b0-9f4da162b37c,СБУ,187,В работе,2024-06-25,,Опер #160,Гр. Сидоренко 314,2
5d7c9259-e826-492f-a6ea-37ec6f0fbd12,СБУ,121,На розыске,2020-12-30,2021-07-09,Опер #188,Гр. Иванов 824,2
5ab22f8c-17bb-4daa-a235-d78a08c2cdd9,СБУ,289,Закрыто,2022-04-09,,Опер #108,Гр. Мельник 404,11
c6fb4b70-947e-4118-aa14-251dff8a53c0,Прокуратура,307,Ожидание экспертизы,2021-09-27,2022-05-25,Опер #55,Гр. Гончар 807,7
d2e7caea-414d-4bdd-a87b-19c3cce0311d,СБУ,194,В работе,2020-03-04,2021-03-29,Опер #9,Гр. Коваленко 314,7
75f8c162-ca4c-464a-8114-f78471f79307,СБУ,307,Передано в суд,2020-02-09,,Опер #175,Гр. Коваленко 962,7
e9ddbb9d-f1df-448d-9cb4-fdc2257b2353,Прокуратура,289,Ожидание экспертизы,2022-04-25,,Опер #76,Гр. Сидоренко 121,3
df6a55f6-6665-4418-8eb1-8abeb684f4e5,Прокуратура,309,Передано в суд,2021-07-31,,Опер #178,Гр. Мельник 727,9
66d457f7-6c38-451b-939f-c745618c0215,СБУ,296,Закрыто,2022-10-22,2023-05-16,Опер #30,Гр. Мельник 502,15
7f5bc28d-27f3-49a8-8425-e96164a805a4,Прокуратура,185,На розыске,2023-10-25,,Опер #189,Гр. Иванов 146,12
3a5201fa-3178-4b2a-bf33-41db5c0397c9,СБУ,185,Закрыто,2020-11-12,,Опер #74,Гр. Коваленко 296,4
a1f60c18-bdad-4a92-83ee-9256e92d8011,Прокуратура,307,Ожидание экспертизы,2025-03-06,2025-04-22,Опер #147,Гр. Гончар 605,12
954ef867-5d11-4a4a-ad1e-26813f40aa03,СБУ,187,На розыске,2022-09-09,2023-07-28,Опер #90,Гр. Сидоренко 406,11
0b02121c-c2ef-4144-9f39-70450bdc3b93,Прокуратура,296,На розыске,2025-05-07,,Опер #135,Гр. Петров 475,12
e07794ba-1d1d-4e9b-91d2-2e4fc2e9a492,НПУ,187,Передано в суд,2023-10-26,,Опер #155,Гр. Сидоренко 330,1
b42072b0-c0f6-4a3e-b5b5-4187f3e799ce,СБУ,309,Закрыто,2025-01-24,2026-02-19,Опер #81,Гр. Петров 480,3
3326f955-d11d-4bee-95ef-565fb2894a01,Прокуратура,121,Передано в суд,2020-08-18,2021-09-05,Опер #170,Гр. Гончар 585,2
9ba48118-6d2c-425c-b055-805e8d43ee4a,НПУ,121,Передано в суд,2022-10-04,2023-02-09,Опер #147,Гр. Коваленко 179,4
39b35b3f-b965-4480-8fb9-1c132e53957f,НПУ,185,В работе,2021-10-14,2021-12-15,Опер #3,Гр. Гончар 950,5
9dc9a1f0-6331-430b-99d3-a009459ef276,Прокуратура,307,Передано в суд,2021-10-21,,Опер #16,Гр. Сидоренко 525,5
53214845-38ab-49fd-8da7-beea95694579,СБУ,296,На розыске,2024-10-31,2024-12-15,Опер #51,Гр. Коваленко 471,5
03c0f8a9-4f2b-4d37-b603-f841121075a9,СБУ,263,Ожидание экспертизы,2022-10-04,,Опер #139,Гр. Петров 196,9
79005f69-07b0-45d5-855a-ce54bd13447e,СБУ,121,В работе,2025-01-29,,Опер #17,Гр. Мельник 944,0
0f15dfc2-f7f2-4585-a16d-780433a860fa,Прокуратура,296,На розыске,2022-08-21,2023-04-01,Опер #25,Гр. Сидоренко 270,7
af981de3-fbf9-411d-b9d3-94fbbef2b45f,НПУ,289,В работе,2021-09-03,,Опер #44,Гр. Иванов 818,12
128da790-7e8c-40d6-b2f2-82276318aa6d,Прокуратура,187,Закрыто,2020-01-22,2020-11-24,Опер #85,Гр. Коваленко 960,8
5f44132c-c0d1-4828-96b0-7e42a2509212,Прокуратура,307,Закрыто,2021-08-08,,Опер #83,Гр. Коваленко 395,6
7b834f31-43a3-4e9e-9796-f2487b7c01ed,СБУ,121,Передано в суд,2020-03-23,2020-09-04,Опер #69,Гр. Гончар 965,5
c34b3365-b57b-4c0c-9297-d2457f10842c,СБУ,289,Передано в суд,2024-12-15,,Опер #152,Гр. Петров 825,0
b40f1d19-ddc2-4d11-aa13-edff97092ded,СБУ,309,Ожидание экспертизы,2022-09-28,,Опер #69,Гр. Сидоренко 628,0
cbfd4d34-0895-41ba-8697-337cdd9ceaf4,Прокуратура,115,Закрыто,2024-06-14,,Опер #60,Гр. Сидоренко 488,3
0e778f23-6019-4753-a398-6c7d637129eb,НПУ,115,Передано в суд,2024-06-28,,Опер #57,Гр. Мельник 516,15
b9e62840-ff8f-4f00-aff2-1eb8d6a5b302,Прокуратура,296,В работе,2023-07-01,,Опер #71,Гр. Гончар 986,1
ea01ee45-165d-44f3-97cc-6cdb33a4027d,НПУ,187,Передано в суд,2021-03-03,,Опер #121,Гр. Сидоренко 418,2
1177b305-7023-4aa0-8b75-4a29bd7873fa,СБУ,194,На розыске,2024-01-11,2024-04-28,Опер #57,Гр. Сидоренко 711,0
08ba5b2a-76a4-4e3a-816d-398f16f3d18d,СБУ,194,Закрыто,2021-10-25,,Опер #96,Гр. Сидоренко 337,12
2e353185-b478-4d5e-879e-f8c017a3096e,Прокуратура,121,Передано в суд,2024-01-05,,Опер #10,Гр. Петров 258,15
57bc66f4-34ed-44c6-bb50-7d6a50129838,НПУ,121,Передано в суд,2022-07-27,2023-02-17,Опер #101,Гр. Петров 102,2
36515cfb-1e7e-4a5a-838a-0ab141b86102,НПУ,185,Передано в суд,2025-06-17,2026-06-30,Опер #33,Гр. Сидоренко 998,9
39deed62-24b4-4ba8-b8cb-a7d9f8e75980,Прокуратура,263,В работе,2024-02-03,,Опер #79,Гр. Коваленко 844,1
98ac091e-4267-4182-aaa4-2a48a34b4a76,НПУ,289,Закрыто,2020-07-12,,Опер #195,Гр. Коваленко 142,1
11c4a919-f07c-4ef5-805b-de51fdd39e15,СБУ,194,Закрыто,2025-06-27,,Опер #53,Гр. Петров 600,2
8865c481-a5a0-43a4-a997-1d0df2e830e2,Прокуратура,307,На розыске,2020-03-31,,Опер #85,Гр. Мельник 327,8
19073bec-6ca1-4e36-8128-e89a8e7e6235,НПУ,263,В работе,2025-08-09,2025-09-11,Опер #164,Гр. Мельник 907,14
fd792a35-a7ae-408f-8f79-5fc24c64dd36,СБУ,194,На розыске,2021-08-30,,Опер #200,Гр. Гончар 607,9
db8560be-1bdc-4e3c-9e9e-fc7b605e0100,Прокуратура,307,Закрыто,2022-02-14,,Опер #180,Гр. Сидоренко 112,1
2f03b07a-596b-422e-a4fc-2ecee291da31,Прокуратура,187,В работе,2024-02-23,,Опер #30,Гр. Коваленко 436,9
ae674277-90ad-4f12-ad05-06e88d362019,НПУ,296,Закрыто,2025-03-29,2025-06-21,Опер #152,Гр. Коваленко 675,4
ba07cdf2-085f-4a52-8cac-71d0953c4720,СБУ,187,Передано в суд,2021-02-05,,Опер #153,Гр. Петров 453,3
3e244d36-dd7a-4c82-a3fb-7d1939eb180f,Прокуратура,115,На розыске,2025-10-13,,Опер #107,Гр. Гончар 268,14
c9d95a96-6154-4081-aae8-fa2b388399a9,СБУ,194,На розыске,2020-12-16,2020-12-24,Опер #79,Гр. Петров 586,4
bb9a92b5-677f-41fe-bca9-2056ce70dc72,Прокуратура,121,На розыске,2022-01-01,,Опер #116,Гр. Сидоренко 577,12
15902594-bf0a-4f7d-8fd6-af7dd0285765,НПУ,121,На розыске,2022-11-21,2023-07-05,Опер #49,Гр. Коваленко 422,4
aa2730d0-5b2d-4f20-8529-2915d19e153a,Прокуратура,185,Закрыто,2023-11-28,2024-06-14,Опер #126,Гр. Гончар 604,7
767ac593-9b38-4671-a0b6-315151409af6,Прокуратура,309,В работе,2022-10-13,2023-08-04,Опер #180,Гр. Иванов 674,0
06e1f61d-5eb0-48ba-bb26-dcc6ba82686e,СБУ,194,В работе,2021-01-14,,Опер #42,Гр. Сидоренко 352,0
bf98afc3-aa51-4e74-8242-136e1afa2fce,СБУ,296,В работе,2021-05-02,2021-08-01,Опер #135,Гр. Иванов 794,4
386504de-d978-4858-b8a8-7061e88e2162,СБУ,115,Передано в суд,2023-07-29,2024-08-23,Опер #97,Гр. Коваленко 516,12
f7b706e2-48cc-433a-bb32-ef24cf553f46,СБУ,309,На розыске,2020-07-31,2021-04-16,Опер #10,Гр. Гончар 859,0
442f0f9c-9ef9-4db4-abe8-052c2f0e2903,НПУ,115,В работе,2020-07-16,,Опер #148,Гр. Иванов 467,11
d2e19e05-404f-4451-b472-19f55d22c9f5,НПУ,115,На розыске,2025-10-16,,Опер #172,Гр. Иванов 106,0
9eed8255-7653-4e09-83f0-01ac99798f04,Прокуратура,296,Передано в суд,2024-12-13,,Опер #198,Гр. Гончар 261,0
2d61d102-a242-4a14-8996-4eba82c16542,СБУ,194,Передано в суд,2022-05-06,,Опер #60,Гр. Мельник 436,10
31aac028-3e38-4d10-a47e-b2f7125530ff,СБУ,187,Ожидание экспертизы,2024-06-16,2025-06-24,Опер #41,Гр. Мельник 566,5
cb16ebbc-a14b-4ca2-8260-ae20085b1743,СБУ,187,Передано в суд,2022-07-15,,Опер #19,Гр. Коваленко 212,1
8ed4b5b5-9ce9-42d6-8b72-81460fbdf0a9,СБУ,194,Закрыто,2022-07-02,,Опер #153,Гр. Коваленко 640,1
d2ba3b93-5f63-45ad-96fe-73fc821c23d3,НПУ,309,В работе,2020-08-08,2021-03-28,Опер #88,Гр. Мельник 504,14
3116b392-cae1-4eec-b3bd-97423f569e39,СБУ,289,На розыске,2023-07-30,2023-12-03,Опер #99,Гр. Петров 434,3
8fcd6542-e436-496b-9831-abdadeed4f88,НПУ,115,Закрыто,2025-09-30,,Опер #41,Гр. Гончар 534,8
7c07fb51-0cb5-4721-9ef1-7365666f3824,НПУ,309,Передано в суд,2024-03-30,2024-04-01,Опер #192,Гр. Иванов 370,15
6cf5e1d0-2d47-4438-9e4b-0a0ee5b653f7,СБУ,263,В работе,2020-09-11,2021-05-07,Опер #137,Гр. Сидоренко 556,0
3acb188d-4c07-44fd-a43e-b51d7ba523f2,Прокуратура,121,В работе,2023-08-24,2024-01-23,Опер #39,Гр. Мельник 561,14
931054d9-a119-4a67-8f55-533410728df6,Прокуратура,185,В работе,2024-03-07,,Опер #200,Гр. Сидоренко 581,12
56a9264e-9a4b-4f58-bf40-1fa1f74e0f4d,СБУ,115,На розыске,2022-10-08,,Опер #78,Гр. Гончар 195,1
9a721807-e3e7-4b9b-88dd-0406ed65e775,СБУ,263,Ожидание экспертизы,2022-03-23,2022-04-07,Опер #110,Гр. Сидоренко 364,14
14583ba1-0071-4ce5-837e-d20fce7f8423,СБУ,263,На розыске,2021-12-10,2022-12-05,Опер #121,Гр. Гончар 618,2
78a52b35-16f2-4240-83a5-4ffe0bdac038,СБУ,309,Передано в суд,2023-09-21,,Опер #65,Гр. Коваленко 362,0
9bfeccde-60b6-40de-9cbb-e15df7c315d1,СБУ,121,Ожидание экспертизы,2020-01-05,,Опер #104,Гр. Сидоренко 672,5
1128e58e-6747-4657-ac81-a32569f7580d,СБУ,121,Ожидание экспертизы,2023-05-25,,Опер #69,Гр. Гончар 892,11
de2fe29b-616c-44ce-a09a-8c75be8be911,НПУ,296,В работе,2023-08-21,,Опер #122,Гр. Гончар 811,11
678318e8-7074-41d9-89a6-00c064913ae2,СБУ,263,Ожидание экспертизы,2025-05-07,2026-05-28,Опер #163,Гр. Мельник 853,11
379da83d-96cf-46d4-ad26-2e8177ed4776,Прокуратура,309,На розыске,2023-11-22,,Опер #70,Гр. Петров 508,6
34176872-55e3-4cc7-a18a-e73b1f9bc652,НПУ,307,Закрыто,2020-08-26,,Опер #22,Гр. Сидоренко 602,9
cd3bb8a8-7097-441d-a654-a57ed7a51530,СБУ,307,Ожидание экспертизы,2021-08-13,,Опер #143,Гр. Коваленко 621,15
4f593b36-c054-4a06-8bd1-6bf9f46009d0,СБУ,115,Передано в суд,2020-10-24,,Опер #179,Гр. Петров 274,3
3de52c5f-0bad-4f97-bffb-ec8f8e0fe8b7,НПУ,194,В работе,2023-12-19,,Опер #94,Гр. Сидоренко 419,2
38aec54e-a3c2-4c1b-9621-0c0e504443ef,Прокуратура,309,Ожидание экспертизы,2023-12-01,,Опер #99,Гр. Мельник 821,11
b87bdbb9-e072-49d9-a11c-97b8e0b0d741,СБУ,187,На розыске,2020-01-10,,Опер #71,Гр. Сидоренко 893,15
5b1a3cf0-84b1-4910-980c-4fd9479a3013,Прокуратура,296,Закрыто,2022-06-17,2023-07-13,Опер #150,Гр. Гончар 226,1
09a45745-5427-4674-80f5-e91ec1283a46,Прокуратура,296,Закрыто,2023-04-10,,Опер #186,Гр. Иванов 723,9
12e9d6d2-d60d-4f9d-95eb-eb60eaebe474,Прокуратура,296,На розыске,2024-09-15,,Опер #30,Гр. Сидоренко 694,14
ab1c5513-497c-4128-b4ad-4789ed8a4d6f,Прокуратура,185,Ожидание экспертизы,2022-09-03,2023-01-06,Опер #170,Гр. Сидоренко 969,5
83623ffa-eac8-40d4-9fc3-09803dd4d9fb,Прокуратура,263,На розыске,2023-09-19,2024-04-10,Опер #140,Гр. Петров 231,13
6d46c83d-313b-4f14-a18f-e98b010be403,СБУ,185,Закрыто,2024-08-27,2025-07-21,Опер #57,Гр. Иванов 940,5
ddd0fc90-5dea-4f9a-bf0e-fa72947e6a72,СБУ,296,На розыске,2020-07-16,,Опер #139,Гр. Иванов 541,2
806ad54d-c43c-420b-b96d-77fec13093ac,Прокуратура,263,В работе,2024-10-11,2025-07-01,Опер #87,Гр. Иванов 602,9
eebe4e03-fe80-4d29-b75a-252a7c97adcf,СБУ,263,Передано в суд,2024-01-07,2024-12-06,Опер #109,Гр. Петров 422,6
6b0f5f14-a0bc-41d1-8e40-7dba346e04a8,НПУ,185,Передано в суд,2025-05-24,,Опер #100,Гр. Коваленко 215,6
870a0f1b-656e-4a0b-bb4b-db876b4ae64b,Прокуратура,187,Закрыто,2021-10-07,2022-10-25,Опер #62,Гр. Коваленко 219,12
b489c147-4b1d-43f5-9272-5ba151d88bbd,СБУ,194,Закрыто,2021-03-07,2022-01-15,Опер #21,Гр. Мельник 304,4
d3c084f6-b15e-4787-831e-84c8022137ca,Прокуратура,289,Закрыто,2024-01-05,,Опер #76,Гр. Петров 140,7
4753861f-3bed-4881-a437-e622ed06e59f,Прокуратура,296,На розыске,2022-11-02,,Опер #40,Гр. Сидоренко 376,12
d004fe1e-c31f-4712-806f-463334c0d00a,НПУ,307,Закрыто,2023-10-31,,Опер #89,Гр. Коваленко 815,1
1b106e15-3423-43b3-91dc-9df2ea43d482,СБУ,296,В работе,2022-02-18,,Опер #157,Гр. Иванов 902,14
d1c5f940-79ef-42ad-adc0-cd520ff870a7,НПУ,296,Передано в суд,2022-05-04,,Опер #181,Гр. Петров 714,7
05cd0241-6758-4e3e-8a33-440d83a094ed,СБУ,289,Передано в суд,2020-09-02,,Опер #147,Гр. Коваленко 590,9
38d87ea8-9d37-4964-83d9-e473b405049c,НПУ,309,Ожидание экспертизы,2023-05-25,,Опер #171,Гр. Мельник 614,3
984859c6-f3c1-4ad4-a34a-1289599a9f38,НПУ,289,Передано в суд,2024-10-19,,Опер #17,Гр. Мельник 997,9
138a9a57-e0d2-425b-b8bf-edbcd732fb6b,НПУ,187,Закрыто,2025-10-24,2026-03-01,Опер #153,Гр. Коваленко 995,10
f97ecea6-af7a-40a2-80f8-90064747b09f,НПУ,185,Передано в суд,2022-04-15,2022-10-05,Опер #142,Гр. Иванов 193,12
6f7c20e4-557b-4339-9726-8f8bc52dfdf1,НПУ,194,Закрыто,2023-03-26,,Опер #184,Гр. Сидоренко 301,2
afad50b1-ddbb-4056-bfd5-43f5348c41a5,СБУ,309,В работе,2024-02-16,,Опер #184,Гр. Коваленко 478,12
7085df2e-c39c-43b2-b296-05b0718f29b6,СБУ,289,В работе,2025-01-22,2025-08-24,Опер #198,Гр. Гончар 483,13
a8e03a5c-7897-4793-8b8e-d4fac231788d,СБУ,121,Передано в суд,2020-10-30,2021-09-25,Опер #60,Гр. Коваленко 878,5
aca4bfb9-699e-45bf-92e7-41507b00f988,Прокуратура,185,В работе,2021-03-29,2022-03-21,Опер #23,Гр. Мельник 691,9
c1adae6c-bb11-4252-84ac-1562dcc92e81,Прокуратура,289,В работе,2023-06-17,,Опер #129,Гр. Петров 320,6
aee5c1a1-b658-425b-90ae-b055b213acec,НПУ,309,Ожидание экспертизы,2023-08-30,2023-09-16,Опер #22,Гр. Иванов 806,5
f339b070-e582-47b7-97df-5237de509e1a,Прокуратура,296,Передано в суд,2025-08-17,,Опер #79,Гр. Сидоренко 896,6
d4c29121-d3f9-475e-a6e1-e5a637ddea80,СБУ,296,В работе,2022-08-06,,Опер #145,Гр. Мельник 473,4
53199bc5-6f39-4703-a5c8-177c7034538d,НПУ,194,В работе,2025-09-20,2026-10-15,Опер #164,Гр. Коваленко 731,15
d5255c85-0e4e-43db-b142-41772d8b72f3,СБУ,185,В работе,2024-05-28,,Опер #64,Гр. Петров 514,4
f06efffd-bda0-4e9d-9003-0a4c815c940c,СБУ,309,В работе,2024-09-14,2025-05-06,Опер #59,Гр. Мельник 611,3
cb47a8dc-2778-41b6-afaa-b925efcca74c,НПУ,187,Передано в суд,2023-06-02,,Опер #151,Гр. Коваленко 351,13
ece0a03b-b648-47b8-bf35-0ef76762a0ec,СБУ,289,Ожидание экспертизы,2021-05-17,,Опер #36,Гр. Гончар 335,12
272beb38-853c-44cb-a8d8-b27cabd5ae67,СБУ,296,В работе,2024-03-04,,Опер #19,Гр. Петров 897,4
ea47332a-8464-479a-8862-3413105cc6bb,НПУ,263,Закрыто,2025-04-04,,Опер #155,Гр. Иванов 199,15
cd34dd46-b816-4481-bf20-2b8b19a987a2,Прокуратура,187,На розыске,2025-11-29,,Опер #121,Гр. Иванов 869,12
2e41f45d-fd88-4c06-9d86-43032f520e5d,СБУ,115,На розыске,2024-12-02,2025-02-10,Опер #21,Гр. Гончар 133,12
283c3f90-8866-4400-bfd5-e614e12005c6,СБУ,263,На розыске,2021-08-07,,Опер #38,Гр. Сидоренко 989,0
994bf02b-b4bb-4c75-9ce9-fb97fb8415f5,НПУ,185,На розыске,2020-06-06,2021-03-24,Опер #28,Гр. Иванов 104,11
eb858f76-3a2a-46ef-a832-2ddd683cdaea,НПУ,185,Передано в суд,2022-10-11,,Опер #191,Гр. Иванов 919,4
d0be90f3-876d-44d7-81c3-74e9176062b9,НПУ,289,Передано в суд,2025-07-27,,Опер #97,Гр. Коваленко 129,0
2b15cb9b-53fa-4ee5-8a5b-a6ed5bf5e7d8,НПУ,187,Ожидание экспертизы,2025-06-27,,Опер #156,Гр. Гончар 913,1
11d5f7d5-3642-4be4-82cb-c83a4bd65a36,Прокуратура,194,Передано в суд,2024-07-31,,Опер #184,Гр. Иванов 472,9
bc3fa9d9-5fe1-4c72-8d80-645857da5c7d,СБУ,115,В работе,2021-11-05,,Опер #149,Гр. Коваленко 860,6
e834bb8d-c9d5-4956-b8e5-50d532e3c756,Прокуратура,296,Передано в суд,2024-05-28,,Опер #199,Гр. Мельник 638,7
d91a2a56-b715-425e-8a4b-d20498a3b5cc,Прокуратура,309,На розыске,2020-10-22,,Опер #71,Гр. Иванов 467,6
bc28ae3a-a061-4b56-bce4-3699b74d2be4,Прокуратура,115,На розыске,2022-08-16,,Опер #72,Гр. Коваленко 473,2
06497edd-54ad-4071-902e-0510aa28b647,Прокуратура,309,Ожидание экспертизы,2021-12-11,,Опер #7,Гр. Гончар 506,11
e2b42d08-73b1-4300-9e92-55abfeb4efd6,НПУ,187,В работе,2021-12-08,,Опер #151,Гр. Иванов 188,9
f8a8677e-4fd1-4d7f-95b9-ad8739580993,СБУ,194,На розыске,2020-03-03,,Опер #148,Гр. Гончар 623,3
c9ae9479-d1bf-45ba-bae0-b2551a2d5c67,Прокуратура,263,На розыске,2025-10-15,,Опер #101,Гр. Гончар 346,11
af576626-d833-4029-a2f1-bffd34879390,Прокуратура,187,Ожидание экспертизы,2024-01-06,,Опер #152,Гр. Коваленко 639,10
be6e05fa-3b25-4930-9a8e-ff53fe1c1ff0,СБУ,289,Ожидание экспертизы,2025-11-05,2026-02-24,Опер #108,Гр. Иванов 899,15
12c16e49-19c9-4e0d-9d10-0a4b3cdc9b41,Прокуратура,185,Ожидание экспертизы,2023-05-11,,Опер #88,Гр. Петров 110,4
4e86c82c-6bb6-4868-97f6-4cfb1d811be8,НПУ,307,В работе,2020-01-27,,Опер #98,Гр. Коваленко 598,7
910316c7-3ddb-464d-8ccc-83f2f5db5330,НПУ,263,На розыске,2021-05-22,,Опер #125,Гр. Коваленко 423,9
f18a2fe9-f428-44cc-85f9-6156e4eca051,НПУ,296,Передано в суд,2021-03-03,,Опер #98,Гр. Петров 482,5
c542b902-30b2-4727-ba84-fd5755b091b1,Прокуратура,185,Ожидание экспертизы,2024-10-07,,Опер #185,Гр. Гончар 835,12
81cb1036-e924-4d52-b083-f25aa786f129,Прокуратура,289,Закрыто,2021-12-11,2022-02-27,Опер #165,Гр. Мельник 234,5
e29d5668-2dfb-4865-9a78-4bd9a2d9be69,СБУ,194,Ожидание экспертизы,2023-07-06,2023-09-21,Опер #109,Гр. Петров 120,11
d3badc05-dfcd-4a08-924b-d71501fd266b,Прокуратура,289,Передано в суд,2025-09-23,,Опер #11,Гр. Петров 602,0
3468a04d-95cc-4eb6-baad-0b7262c5b7b7,СБУ,309,В работе,2025-01-05,,Опер #177,Гр. Коваленко 337,11
32c003f2-b756-46a6-866b-b96abfd7bf83,СБУ,115,Закрыто,2020-02-14,2020-05-21,Опер #158,Гр. Иванов 904,3
a23c932c-7094-4d0a-8d2b-400c2d7d190e,НПУ,194,Передано в суд,2025-05-07,,Опер #189,Гр. Сидоренко 966,12
7b3beb3e-e1ac-49c2-95a2-eb7aee770225,НПУ,115,В работе,2020-03-21,2021-01-02,Опер #23,Гр. Иванов 891,10
1fbb5381-7d6b-4812-82ac-6e25e0158f82,НПУ,187,Ожидание экспертизы,2021-05-31,,Опер #194,Гр. Сидоренко 511,15
964eea34-a9c4-49aa-b026-89f248e69081,НПУ,307,Ожидание экспертизы,2020-04-11,,Опер #75,Гр. Коваленко 965,7
f291c3e0-8f66-452b-9402-8ba0523b56be,Прокуратура,185,На розыске,2024-09-01,,Опер #47,Гр. Иванов 291,5
3a357140-7a16-4423-9193-aedf262ec4cc,СБУ,307,В работе,2020-01-16,,Опер #55,Гр. Коваленко 376,3
f5962796-c9fc-46bc-a3ae-a12257557c17,НПУ,263,В работе,2020-10-04,,Опер #185,Гр. Иванов 860,7
ca3f53ee-7ef3-43d3-9a8b-cf3f0e615a5c,СБУ,289,Закрыто,2021-11-23,2022-04-14,Опер #111,Гр. Коваленко 574,12
6c3565e7-0e06-48ae-a1b3-c9cf4f305710,НПУ,263,В работе,2020-01-19,,Опер #120,Гр. Иванов 636,15
67046551-9660-4b5f-aa45-436b35417226,Прокуратура,121,Ожидание экспертизы,2021-06-11,2021-07-21,Опер #146,Гр. Коваленко 693,3
d4326bc4-b7eb-4999-a16e-fda47e6ef473,СБУ,307,На розыске,2024-04-07,,Опер #167,Гр. Сидоренко 483,4
7cf5d0d8-28ee-428c-aba3-2699f5918a6b,СБУ,187,На розыске,2021-10-17,,Опер #31,Гр. Гончар 962,11
3c44649f-7b48-4b2c-903b-cc8247193da3,Прокуратура,296,На розыске,2023-09-02,2024-07-21,Опер #11,Гр. Мельник 651,12
6f5d3621-ea0a-4c5d-8f6e-8181f4762592,Прокуратура,187,На розыске,2025-01-28,2026-01-31,Опер #56,Гр. Иванов 262,7
649ee87f-adb0-4146-85fa-b22337795d79,СБУ,115,На розыске,2024-03-02,,Опер #148,Гр. Гончар 603,14
f359f0fa-c1f5-411a-98ae-77d1ca582742,Прокуратура,194,Передано в суд,2022-03-31,2023-01-02,Опер #16,Гр. Мельник 288,15
2cd319bf-923c-4268-a7de-710c62d13d1c,НПУ,194,Ожидание экспертизы,2024-06-22,2025-07-09,Опер #73,Гр. Гончар 491,4
82250a01-7301-4be1-9f38-c67b4f5d6ef3,НПУ,309,На розыске,2025-08-27,,Опер #10,Гр. Коваленко 157,1
fcf53b50-b940-44c5-badf-5943ccb417a4,НПУ,296,На розыске,2024-02-05,2024-02-12,Опер #1,Гр. Гончар 841,10
b24424eb-7df0-48fe-a746-1c963bc5a763,НПУ,185,Передано в суд,2024-07-29,2025-06-14,Опер #156,Гр. Иванов 308,6
f99b5f67-2ce8-4648-a67a-757db01ef19a,НПУ,115,В работе,2024-08-25,,Опер #16,Гр. Гончар 260,15
50a3041f-e122-4e7b-a999-1525414c6c7e,СБУ,307,Закрыто,2020-11-29,2021-10-26,Опер #189,Гр. Иванов 715,9
64fdf454-4b66-43ff-99ca-1611b56b10bc,СБУ,289,В работе,2024-03-27,,Опер #74,Гр. Мельник 206,13
ee0d21af-8dca-425a-997f-293a85ce66e3,СБУ,296,Ожидание экспертизы,2025-11-20,2026-09-14,Опер #145,Гр. Иванов 534,5
1113517b-50f6-496f-8f73-ff8b877fada4,СБУ,185,Ожидание экспертизы,2025-06-25,,Опер #38,Гр. Петров 360,11
6833c9a3-d013-4d7a-b41c-661097a411b7,Прокуратура,289,Закрыто,2020-11-15,2021-04-15,Опер #10,Гр. Гончар 621,14
afee76b9-3fb3-4ae6-a913-3c1b40c5220f,СБУ,263,Передано в суд,2021-01-19,2021-10-08,Опер #139,Гр. Сидоренко 705,8
27253d64-6053-4803-94f9-d03d3b47027d,СБУ,187,В работе,2020-05-17,2020-12-02,Опер #159,Гр. Сидоренко 598,15
8ad8ca34-c4cc-4a91-b47b-843bd99e0aef,СБУ,115,На розыске,2023-05-05,,Опер #42,Гр. Мельник 351,6
6b1cc0ac-e396-47cb-a78a-21b2e3e67a7e,Прокуратура,296,Ожидание экспертизы,2020-05-14,,Опер #137,Гр. Мельник 407,5
1110b735-1179-44e7-803c-d47f4534c9da,СБУ,115,Ожидание экспертизы,2020-12-27,2021-09-01,Опер #97,Гр. Иванов 625,7
cca462e2-12e3-44c4-92e0-09791f989cd7,НПУ,289,Передано в суд,2025-06-23,2025-10-05,Опер #198,Гр. Гончар 484,15
c199ca24-2cdc-4b17-91aa-413529166e72,Прокуратура,263,Ожидание экспертизы,2023-04-16,2023-08-14,Опер #111,Гр. Сидоренко 299,5
95b605df-77d1-4654-93c7-7d95c7ed68c0,СБУ,296,Ожидание экспертизы,2025-10-02,,Опер #157,Гр. Гончар 281,13
94895bf0-012e-4fc3-a063-a8c458366411,СБУ,289,Закрыто,2024-10-10,2025-05-06,Опер #195,Гр. Мельник 204,1
160d2721-568a-473f-9cd9-9a73fbd57aec,Прокуратура,309,В работе,2020-06-23,,Опер #169,Гр. Сидоренко 430,7
bc96d88e-6f37-4d52-a562-e8c004b6c17e,НПУ,194,Передано в суд,2024-07-31,,Опер #36,Гр. Петров 371,6
10c5889f-59e6-451d-9c43-6d5b969997fa,СБУ,309,Передано в суд,2024-03-22,2025-01-06,Опер #103,Гр. Гончар 143,9
181261fb-6199-4f88-82fb-d4c02fc3bde8,Прокуратура,185,Закрыто,2023-03-14,2023-03-31,Опер #98,Гр. Иванов 103,14
9ece2dfb-0acc-4ee4-b240-0b7f9367b5f4,НПУ,185,Ожидание экспертизы,2024-06-11,2024-12-05,Опер #144,Гр. Иванов 773,5
d853b03d-0fa7-4795-ac6d-53a74ad5f9ec,СБУ,187,В работе,2020-08-10,2020-10-22,Опер #59,Гр. Гончар 340,11
b358bc46-89c6-4da2-b331-cacd7fe8d05a,Прокуратура,121,Передано в суд,2025-08-27,,Опер #103,Гр. Сидоренко 370,8
d136b9b3-c4c8-4a39-824b-f362695464c5,СБУ,185,Передано в суд,2022-12-13,2023-07-29,Опер #131,Гр. Гончар 673,13
dffdc009-024e-4b1f-ae7a-22af81523d7f,НПУ,309,На розыске,2023-04-09,,Опер #182,Гр. Иванов 828,8
4da15a07-f063-478b-832a-89e39d01597e,Прокуратура,263,Ожидание экспертизы,2021-06-16,2022-05-11,Опер #71,Гр. Коваленко 776,12
07e12b25-bad2-44be-bfa8-5b675debea9f,Прокуратура,121,Передано в суд,2022-02-28,,Опер #12,Гр. Мельник 626,12
84f78206-5006-4fc5-8bb0-a7ecd2665f57,СБУ,115,На розыске,2023-04-03,,Опер #88,Гр. Коваленко 345,9
de542d28-cdf6-4464-81a4-0e8be35e05c3,СБУ,296,В работе,2020-07-22,2020-09-26,Опер #151,Гр. Иванов 888,3
87635a54-86ad-4004-a4e9-4a45887b2661,СБУ,263,На розыске,2023-12-30,,Опер #44,Гр. Петров 943,13
2cb0e8ef-1c7f-4b39-9b4d-6bd561806927,Прокуратура,115,Закрыто,2024-01-28,2024-06-21,Опер #129,Гр. Гончар 607,3
d42b7248-3835-4086-bc67-a20544ae3490,СБУ,309,Передано в суд,2021-09-19,2021-11-22,Опер #150,Гр. Мельник 796,11
ef9ae2b7-fe2f-4e15-9baf-de001d8fe62b,Прокуратура,309,Закрыто,2024-09-01,2025-04-14,Опер #65,Гр. Коваленко 439,0
e2201355-c9d6-4f09-b7c8-f170149a865a,НПУ,115,Передано в суд,2024-07-26,,Опер #121,Гр. Петров 285,3
d79af6ca-6baf-4b97-befd-5834106424cd,Прокуратура,309,Закрыто,2025-03-17,,Опер #76,Гр. Коваленко 602,15
494092fd-c0a6-4a68-aada-92955ecf73fd,СБУ,194,Закрыто,2020-08-19,,Опер #100,Гр. Петров 366,0
223bc240-0dd4-411d-a2e6-3267bce0ba2d,СБУ,307,Закрыто,2020-09-19,,Опер #29,Гр. Коваленко 933,2
06a60531-d233-4afb-bffb-19cd86cff6bb,НПУ,187,В работе,2020-10-18,,Опер #153,Гр. Сидоренко 628,3
ea473e26-6e2c-4f16-a024-4ebabf4a7b91,СБУ,115,Ожидание экспертизы,2023-02-06,,Опер #200,Гр. Сидоренко 859,12
09d53b69-3400-4951-82ea-00d31e849d45,Прокуратура,194,Передано в суд,2020-02-06,2020-12-01,Опер #50,Гр. Иванов 209,4
c1ad391c-ae32-4d8b-b6aa-fe9795dc9b4f,НПУ,185,Закрыто,2023-06-22,,Опер #150,Гр. Петров 482,5
17c3b60a-6b65-4b85-a57f-fa619072d994,Прокуратура,309,На розыске,2021-03-26,,Опер #36,Гр. Сидоренко 752,15
70b89006-b5c7-4d7e-af8a-1a431ed1daf0,СБУ,309,Передано в суд,2024-09-15,,Опер #95,Гр. Мельник 540,1
32e629e4-d96e-46a2-8f3c-7661ed0567cc,НПУ,296,В работе,2022-10-18,2022-11-06,Опер #39,Гр. Петров 188,3
11d3fe80-676b-47ba-9a6d-1e3487d9c338,НПУ,187,Передано в суд,2024-01-11,2024-03-16,Опер #130,Гр. Мельник 609,13
9f8febbf-0375-49a0-ae1e-8d2dfd7f2aa9,НПУ,187,Передано в суд,2020-04-04,2021-03-13,Опер #8,Гр. Коваленко 476,15
fb8747e0-20bc-41c4-b8ee-cebc41d29e6e,СБУ,307,Закрыто,2024-07-05,,Опер #162,Гр. Коваленко 350,15
2ee13c09-000c-4c9f-948c-7598a02ab7ed,НПУ,115,Закрыто,2024-06-16,2024-07-10,Опер #47,Гр. Иванов 576,6
2cf6af5f-5bea-4f44-bf84-3095dc2dc3b0,НПУ,289,На розыске,2024-11-22,2025-10-31,Опер #15,Гр. Гончар 498,1
6c51392b-fc3b-41d4-9bb5-03ee6aea5fa8,Прокуратура,194,На розыске,2021-11-07,2021-12-04,Опер #19,Гр. Коваленко 760,5
570afe5a-dbd0-4d39-903d-459b683c8c25,СБУ,121,На розыске,2021-04-27,,Опер #99,Гр. Сидоренко 437,6
1b90ee5f-0af8-4c90-89e0-09952d94d617,СБУ,187,В работе,2023-04-18,,Опер #166,Гр. Сидоренко 701,4
eb6cce10-92af-445c-826a-49b6048cdcc5,СБУ,263,Передано в суд,2024-03-21,2024-10-19,Опер #6,Гр. Петров 738,8
a20eef8b-60d4-4bb3-a4c5-47948d64aed3,НПУ,121,Передано в суд,2021-03-27,2021-08-23,Опер #173,Гр. Сидоренко 636,13
4415eaaa-b552-4a80-9f52-9b8cbaa9c350,НПУ,307,Передано в суд,2020-01-19,,Опер #101,Гр. Петров 210,9
7b0acf97-40af-4d08-af18-dac749e8d0ef,Прокуратура,289,На розыске,2021-06-29,2021-09-02,Опер #200,Гр. Петров 241,13
8f20d87b-84a0-4298-b274-d6679f3585a0,Прокуратура,296,Передано в суд,2020-04-10,,Опер #184,Гр. Коваленко 476,14
45dfca34-76ed-4b77-afb1-20a5d9fb152f,СБУ,185,Закрыто,2024-07-30,2025-07-27,Опер #74,Гр. Мельник 239,4
8136d991-2bcd-45e9-bfcc-e77072de69bb,НПУ,289,В работе,2021-01-29,,Опер #13,Гр. Мельник 152,14
4a871e56-1033-4e83-9697-f164bc60d425,СБУ,185,Ожидание экспертизы,2020-04-09,,Опер #186,Гр. Гончар 108,1
f2ec1201-7e83-425d-a306-484ae419a7dc,НПУ,187,В работе,2025-02-20,,Опер #121,Гр. Мельник 441,3
dce99191-f888-4964-bf76-117a91ace92b,СБУ,121,На розыске,2022-02-05,2023-01-06,Опер #95,Гр. Петров 804,13
bf535f7f-d244-4eba-9b6d-d807e1f7e591,Прокуратура,194,Ожидание экспертизы,2023-01-14,,Опер #126,Гр. Сидоренко 999,9
93f6834a-2647-4a6b-a821-09494a592607,НПУ,307,Передано в суд,2025-06-29,2025-11-15,Опер #200,Гр. Иванов 375,7
050bf98d-b7db-4984-ae77-0604f71be088,НПУ,296,В работе,2022-10-28,2023-12-01,Опер #150,Гр. Сидоренко 188,1
5ee7310e-e5c7-40b8-85b9-88ba47067273,НПУ,194,В работе,2021-04-27,,Опер #100,Гр. Коваленко 947,12
c4c9d671-a430-4361-a683-7365b537e872,Прокуратура,187,Ожидание экспертизы,2023-12-18,2024-01-25,Опер #47,Гр. Гончар 963,11
f82c3eeb-45cb-44f9-be2b-d661dc82ce32,НПУ,115,В работе,2024-10-29,2025-01-23,Опер #64,Гр. Гончар 624,0
ed8b7783-0987-4487-9c91-81ed6c02125b,Прокуратура,115,В работе,2021-09-19,2022-03-24,Опер #76,Гр. Мельник 833,3
d9b6afb6-7e98-4b5b-8485-6b5367ac7706,СБУ,296,На розыске,2024-07-03,,Опер #139,Гр. Коваленко 508,8
c0fb03f8-6d03-4123-a019-f12e1da53af5,НПУ,296,Закрыто,2024-10-30,,Опер #51,Гр. Коваленко 438,6
e3061d12-2385-48ef-a972-ed57782c0e1e,Прокуратура,307,На розыске,2022-08-18,,Опер #171,Гр. Сидоренко 580,7
6b8cc8f1-6bdb-45c0-b2aa-d4c51321408d,Прокуратура,115,Передано в суд,2021-10-07,,Опер #67,Гр. Сидоренко 928,5
3f095807-8fc6-4f8b-9d71-b15786b072fd,СБУ,263,На розыске,2022-07-01,2022-12-12,Опер #93,Гр. Сидоренко 451,14
a7452030-166f-4fc5-b385-45f84ad10fd9,СБУ,121,В работе,2025-02-18,,Опер #197,Гр. Сидоренко 520,13
caff782a-96fd-422d-854d-baa34eacb04d,Прокуратура,309,Закрыто,2023-10-28,,Опер #152,Гр. Иванов 425,6
979d1ad3-abc0-49db-9c5d-49ea9e7dcdac,Прокуратура,121,Закрыто,2024-02-18,2024-07-18,Опер #183,Гр. Гончар 250,2
1af3ec53-862a-4f85-9052-145a789f7e90,НПУ,307,Передано в суд,2023-03-19,,Опер #182,Гр. Коваленко 989,12
b1490e64-7b2e-48cb-aacb-118d8d9a66d8,НПУ,115,Ожидание экспертизы,2022-10-31,,Опер #69,Гр. Гончар 443,2
8dd1bd50-6059-4994-831c-5d5eb5e1d210,НПУ,185,На розыске,2024-03-17,,Опер #182,Гр. Иванов 509,4
8058157d-7e26-4ff2-b728-674ffde26f86,СБУ,115,На розыске,2021-07-31,2022-01-15,Опер #14,Гр. Коваленко 868,8
58d1b4e4-010b-4a0f-9127-a51ced18a253,НПУ,121,Ожидание экспертизы,2025-08-09,2026-06-06,Опер #188,Гр. Иванов 977,9
c6f28796-27c8-489e-a694-f6a5b8e05314,СБУ,263,На розыске,2021-09-15,2022-09-15,Опер #118,Гр. Иванов 395,12
1adbe5db-6fd5-46d1-a2c7-cccc9a15eb0b,Прокуратура,185,На розыске,2025-04-16,,Опер #171,Гр. Гончар 385,8
86c0bc12-9624-4f83-97ac-2597008428dd,НПУ,263,В работе,2024-03-15,2024-07-03,Опер #192,Гр. Мельник 109,9
30851263-4b2a-4007-b902-a8267d2d18a4,Прокуратура,263,Закрыто,2022-08-07,,Опер #173,Гр. Гончар 990,7
a530d6f9-1119-47f6-88ed-1778f57a2257,Прокуратура,187,Ожидание экспертизы,2025-09-16,,Опер #17,Гр. Сидоренко 888,6
52bea02d-d5a5-4713-9510-d93ba57c4114,НПУ,185,В работе,2024-12-27,2025-02-15,Опер #40,Гр. Иванов 787,1
db57acbc-e2bb-4e09-8fa8-defe3eca3c3c,СБУ,115,В работе,2023-06-19,2023-10-18,Опер #190,Гр. Мельник 677,0
eb35deb1-96b7-420b-adf0-b95bf284345d,НПУ,296,В работе,2020-08-16,,Опер #130,Гр. Мельник 351,1
beb69c06-743d-4d71-a99a-993fcc4f9557,Прокуратура,289,На розыске,2025-10-01,,Опер #17,Гр. Мельник 862,14
57f58281-5c4d-40d6-a97a-7f50b5fbfdbf,СБУ,307,На розыске,2020-10-25,,Опер #81,Гр. Коваленко 697,15
470a5920-280c-4095-b096-60b48a5cc362,НПУ,194,Ожидание экспертизы,2025-08-12,2025-09-19,Опер #35,Гр. Мельник 991,11
50df19bf-2dc0-4a8d-97c5-f42e8b08630b,СБУ,307,Закрыто,2021-06-13,,Опер #187,Гр. Иванов 704,4
4dd03a05-e082-4adc-a305-21ca2f0b00ef,НПУ,309,В работе,2024-04-20,2024-05-20,Опер #173,Гр. Гончар 521,4
cef1e4cb-94bb-4ffc-92cc-740d83b3d333,Прокуратура,309,В работе,2020-07-21,2020-10-19,Опер #109,Гр. Коваленко 152,15
6c4df6db-cda2-4934-8eb4-7a7cc28a0872,НПУ,187,На розыске,2021-03-01,,Опер #41,Гр. Гончар 365,8
3d5ee47e-a70f-471c-91a7-769d0b166def,НПУ,185,В работе,2022-05-11,2023-04-23,Опер #164,Гр. Мельник 379,11
5f02d96b-de91-436b-a91e-c1a872142b7a,СБУ,307,Передано в суд,2020-10-13,2021-09-23,Опер #181,Гр. Сидоренко 844,13
1c7de326-1c3f-4973-8736-edc19e537388,Прокуратура,194,Передано в суд,2024-12-29,2025-03-15,Опер #192,Гр. Сидоренко 125,6
f6fab696-f8a8-4562-a012-2ad3aa8f7112,НПУ,309,Ожидание экспертизы,2025-07-06,2026-04-04,Опер #121,Гр. Сидоренко 156,6
53c40dda-13a3-478e-a1b2-b285044fb4ab,НПУ,309,Закрыто,2025-05-16,2025-10-14,Опер #103,Гр. Петров 503,9
6e4d7699-2b29-4223-a5fd-2000c43c8b14,Прокуратура,309,Передано в суд,2024-05-23,,Опер #69,Гр. Гончар 735,14
7ca1bf95-7158-4768-b316-19bb8b38aca5,Прокуратура,187,На розыске,2023-08-21,2024-06-26,Опер #178,Гр. Сидоренко 951,6
94a4f6a8-604a-4580-9ad4-bd863aec5a17,СБУ,185,В работе,2021-07-17,2021-12-10,Опер #23,Гр. Сидоренко 779,14
2928f4ad-f42f-48b6-8ae4-1245fa9a4c7d,Прокуратура,194,В работе,2021-06-20,2021-11-15,Опер #138,Гр. Иванов 630,12
b3817efe-b984-4766-8941-2acf8cb6ca03,НПУ,194,На розыске,2023-07-28,,Опер #167,Гр. Петров 264,5
1ad329e8-ebd8-4508-a43f-e091ef71da5d,НПУ,309,В работе,2025-04-06,,Опер #59,Гр. Сидоренко 627,6
8e0fc3af-14b0-4cc4-b253-61aac1886b79,Прокуратура,115,Передано в суд,2020-02-12,2020-06-05,Опер #183,Гр. Сидоренко 999,7
cec9f144-f4b7-42d3-aa49-577126fed6a1,НПУ,115,Закрыто,2025-02-15,,Опер #136,Гр. Иванов 533,3
1557dc95-0523-4b6f-87f7-49ec43709f90,НПУ,263,В работе,2020-02-15,,Опер #119,Гр. Гончар 987,8
fd70fd10-f1c2-4892-a77a-7be8a0222044,Прокуратура,115,Закрыто,2023-08-16,,Опер #124,Гр. Гончар 300,4
1bbcdc86-b553-4639-9dd1-9e9f8996f89e,Прокуратура,115,На розыске,2020-03-06,,Опер #175,Гр. Мельник 349,5
d7bd53a0-750e-46ab-af5e-d2730fc2bfe8,СБУ,307,Передано в суд,2023-03-24,,Опер #33,Гр. Петров 349,1
e56c8de0-0cb5-430f-a96a-636e362a9ace,НПУ,185,На розыске,2022-09-05,2023-03-29,Опер #46,Гр. Петров 594,7
29899cc1-a440-471f-963a-a3a39128892e,Прокуратура,263,Закрыто,2020-10-19,,Опер #95,Гр. Мельник 388,4
6e0c4857-3002-449f-afe5-bb2831573a82,СБУ,187,Ожидание экспертизы,2023-05-03,,Опер #24,Гр. Мельник 869,0
05fc6d28-bc5d-4baf-ac1c-1fffef7b4130,НПУ,194,Закрыто,2023-05-17,2024-05-16,Опер #152,Гр. Коваленко 258,9
dd70ad7c-53b5-48db-a2b7-30ed8c2525db,СБУ,115,На розыске,2023-05-09,,Опер #134,Гр. Гончар 807,11
0c51ba5f-b652-46f9-8e8c-943a9494b97d,НПУ,296,Закрыто,2020-08-27,2021-04-12,Опер #14,Гр. Коваленко 484,3
f095d9e7-4549-43c9-b032-e366bfcc7b6c,Прокуратура,309,В работе,2021-02-10,2021-03-08,Опер #192,Гр. Иванов 690,13
2d4ae640-1f2a-4a6e-8325-772762cf6852,Прокуратура,121,Ожидание экспертизы,2020-11-20,,Опер #193,Гр. Коваленко 255,4
7e9911c4-6921-4535-8cd5-21c0e9dd7e21,НПУ,289,Ожидание экспертизы,2021-05-16,2022-01-13,Опер #158,Гр. Иванов 499,7
80d2bbfb-9908-4a2e-8184-be28b2378dfb,Прокуратура,185,Ожидание экспертизы,2022-06-30,2023-06-03,Опер #103,Гр. Петров 614,7
d35b5cc4-4e83-4a3b-aab9-3db6578ab660,СБУ,194,В работе,2025-10-10,,Опер #13,Гр. Гончар 538,12
cac23cf8-f75e-4910-b741-733704819834,НПУ,307,Передано в суд,2023-05-24,2023-09-14,Опер #71,Гр. Гончар 353,8
1e412d8a-ac87-463e-af90-cca147e14024,НПУ,307,Передано в суд,2022-10-11,,Опер #161,Гр. Коваленко 261,1
aec8cb7c-8394-4939-bc0c-2a413c590300,СБУ,194,Передано в суд,2022-04-04,2023-03-26,Опер #34,Гр. Мельник 362,3
707475e8-6b0d-4c52-bdcc-4ea15e4bc8ee,СБУ,115,На розыске,2020-04-27,,Опер #67,Гр. Иванов 676,12
e67f7edf-ef68-4adf-bf7f-bc955702bf23,НПУ,121,В работе,2020-12-15,,Опер #143,Гр. Коваленко 654,4
b4402e6a-11ac-47f0-8329-02366694e227,НПУ,185,Закрыто,2024-05-30,,Опер #117,Гр. Сидоренко 185,7
86f5edaf-bc85-4c6a-8536-0006f6b68749,СБУ,296,На розыске,2024-06-11,,Опер #141,Гр. Петров 754,8
9a00e4f2-fba5-4b58-8943-d7f7022a96aa,НПУ,307,В работе,2020-02-12,2020-09-27,Опер #196,Гр. Иванов 236,12
18794aea-ba2a-4624-9c56-adef3626c91d,Прокуратура,296,Закрыто,2023-01-15,2023-11-11,Опер #128,Гр. Петров 414,2
951fec97-c28d-40d6-9e91-b91b16079541,Прокуратура,115,Ожидание экспертизы,2024-11-26,,Опер #75,Гр. Мельник 994,13
dc4175f0-e4f3-4858-9771-5ef88e72ab9d,НПУ,187,Закрыто,2023-10-22,,Опер #162,Гр. Мельник 555,15
39d0942a-e639-439e-a9c4-1f073d79f982,НПУ,296,На розыске,2021-12-27,,Опер #184,Гр. Гончар 718,3
eb0c1dba-26ff-4514-993f-c9ca52c7e3b6,НПУ,194,На розыске,2022-04-09,2022-11-30,Опер #76,Гр. Мельник 579,14
f545ced7-1491-4732-9f12-dd6581db4c6a,НПУ,121,В работе,2025-06-02,,Опер #183,Гр. Гончар 851,14
f6dd19ba-3155-4dbe-86b8-a5ecaa32720d,Прокуратура,263,Закрыто,2025-04-15,2026-01-13,Опер #141,Гр. Гончар 469,1
ce02db4b-dc32-4629-8fa4-1d8438806527,НПУ,187,Закрыто,2020-10-17,,Опер #32,Гр. Мельник 571,11
5af6e4d8-77e4-4c07-aedf-8c2601e5ecf1,Прокуратура,263,Ожидание экспертизы,2021-02-23,,Опер #189,Гр. Иванов 470,13
fd8a2614-e63e-4229-867b-c759cb8303d8,НПУ,187,Передано в суд,2023-01-22,,Опер #10,Гр. Гончар 610,12
996350d4-c43a-465e-a131-58028b64d4e3,СБУ,309,В работе,2022-08-10,2023-06-26,Опер #48,Гр. Мельник 142,8
07c8a668-f6b5-42ed-adda-e2d959b710d0,НПУ,289,Передано в суд,2022-01-10,,Опер #173,Гр. Сидоренко 153,14
c9fdc3a4-e149-4699-b220-ed3eb41963f1,НПУ,289,Передано в суд,2022-09-28,2022-11-27,Опер #125,Гр. Коваленко 659,2
5d1a20fc-d856-4aba-a701-e08125415397,НПУ,309,На розыске,2021-01-02,2021-03-17,Опер #33,Гр. Мельник 985,9
18b89ca9-d1c3-4221-9189-2403e7f069bf,СБУ,115,Передано в суд,2022-01-04,2022-09-13,Опер #23,Гр. Иванов 351,8
556aa5db-2ea0-4e68-8dd6-2db2d63b65d4,НПУ,307,Закрыто,2024-01-18,,Опер #35,Гр. Иванов 114,9
8b5ae190-24ba-41a7-ab3a-05a7a19b9bd3,СБУ,309,Закрыто,2023-12-10,,Опер #79,Гр. Гончар 972,11
b7c565b2-5b72-428f-b2e5-b4e3c9148026,Прокуратура,307,Закрыто,2024-06-15,,Опер #32,Гр. Петров 426,12
b4209eb5-cb3c-46cf-a5bc-3c4571850fbf,СБУ,289,Передано в суд,2020-10-27,2021-01-19,Опер #33,Гр. Сидоренко 546,13
520c9542-7e2c-40b4-96d7-acba2a7ffd61,Прокуратура,194,Ожидание экспертизы,2025-08-11,2026-04-27,Опер #184,Гр. Мельник 602,8
35d5657d-954a-4748-8620-7d42922747ad,Прокуратура,115,Передано в суд,2022-10-05,,Опер #115,Гр. Петров 182,0
9c805170-22d9-4714-9cdc-fc2cfba3c533,НПУ,115,Закрыто,2025-09-30,2026-06-26,Опер #182,Гр. Гончар 426,7
8497c47b-d560-451d-b88a-56a8ab1ae133,Прокуратура,121,На розыске,2024-09-02,,Опер #114,Гр. Сидоренко 964,12
74056fc1-2466-4829-8a57-aa6f68197ad1,НПУ,263,В работе,2021-03-22,2021-10-23,Опер #66,Гр. Мельник 579,0
0a41a4e2-ce0f-425f-b35c-da8c160f1c20,Прокуратура,187,Закрыто,2021-10-28,,Опер #41,Гр. Сидоренко 241,9
25c32f4e-1e12-4197-aed5-ff808177327b,НПУ,185,Закрыто,2025-06-09,2026-03-24,Опер #149,Гр. Коваленко 257,1
a24f167d-35cf-4819-801e-b6302fb26e3b,Прокуратура,194,Ожидание экспертизы,2023-05-09,,Опер #181,Гр. Коваленко 406,2
7f56c03b-f9ca-49c3-a154-a80b98a9da95,СБУ,307,В работе,2021-01-11,,Опер #151,Гр. Коваленко 369,5
24671c2b-eb33-4208-a49f-80682ee0d954,НПУ,115,Передано в суд,2024-02-19,,Опер #85,Гр. Мельник 785,0
6a43c3a4-5346-4f51-86a9-3c11e4bb79eb,Прокуратура,187,Передано в суд,2025-03-01,,Опер #191,Гр. Сидоренко 728,4
cd895355-888f-4aeb-8577-e45719a61dbd,НПУ,185,Передано в суд,2020-04-24,,Опер #105,Гр. Иванов 318,14
f3943acb-66de-42fd-ae10-e0e681bdbba5,НПУ,194,Закрыто,2024-10-08,2025-05-24,Опер #86,Гр. Петров 881,3
e1e741d3-31df-430a-a77d-47e9615e5720,Прокуратура,263,На розыске,2021-10-16,,Опер #179,Гр. Петров 494,13
8d91f2d7-4f6e-43d7-85d7-7402767baefb,Прокуратура,194,Закрыто,2021-07-03,,Опер #148,Гр. Иванов 414,11
d7a309b9-00ee-41c4-bd56-290424dfd8af,НПУ,296,Закрыто,2025-05-27,,Опер #88,Гр. Иванов 209,7
4a1bca98-ec69-4383-9db3-62e5c4361c65,НПУ,185,На розыске,2020-11-19,2021-07-23,Опер #87,Гр. Коваленко 172,12
b67e18c5-9b21-4e4b-bf65-02b7833621d7,Прокуратура,296,Передано в суд,2021-02-21,2022-01-31,Опер #180,Гр. Гончар 425,4
8683514e-56e0-41c0-a52d-fce4435c5fa7,НПУ,187,Закрыто,2025-02-03,,Опер #108,Гр. Гончар 762,1
aac0bb79-97c1-483c-8c27-fe2c2213bab8,НПУ,194,Ожидание экспертизы,2025-04-14,,Опер #156,Гр. Мельник 224,15
aea600d4-f5a8-400e-b350-d58b96bb80fd,СБУ,115,Закрыто,2025-02-04,2025-07-04,Опер #149,Гр. Коваленко 444,3
dc93fcd4-3401-4d48-aad1-e8a6ccad3f20,Прокуратура,263,Ожидание экспертизы,2025-04-11,,Опер #10,Гр. Петров 843,5
56636c6b-1e17-4a23-b126-6d484a0da802,НПУ,115,Ожидание экспертизы,2022-03-09,,Опер #99,Гр. Сидоренко 596,6
61083907-204c-4259-b95e-b5ae8906f4fb,НПУ,307,Передано в суд,2021-04-05,,Опер #55,Гр. Мельник 154,0
2324f12e-6ce2-4a88-811b-86ef7fd0b6cc,НПУ,289,Закрыто,2024-10-31,2025-06-18,Опер #46,Гр. Сидоренко 575,11
a1809fb9-f462-4889-873f-2368f13f4a16,СБУ,115,Передано в суд,2025-09-08,2026-09-30,Опер #43,Гр. Петров 776,4
23f987af-4515-4b53-b455-e119a8e06433,СБУ,263,Закрыто,2021-10-27,,Опер #139,Гр. Петров 745,8
700b1d3d-0eec-44bc-9799-1258790c39d5,СБУ,187,Ожидание экспертизы,2025-10-07,2026-06-28,Опер #73,Гр. Петров 990,11
e0bd2eee-8bee-4fe3-9c19-88b1d66fda65,Прокуратура,115,В работе,2022-02-23,2022-11-21,Опер #21,Гр. Иванов 382,13
856c4b18-4035-4e50-9ae6-28509817f3d6,Прокуратура,185,На розыске,2022-12-30,,Опер #40,Гр. Иванов 116,14
44beb23e-47ce-4f74-9839-9925efd6a75b,СБУ,187,Передано в суд,2024-06-20,,Опер #42,Гр. Петров 225,15
aad8c380-3c77-46af-b3d9-08b1a06edcbd,СБУ,307,Закрыто,2020-08-13,,Опер #62,Гр. Мельник 660,15
a0c3a87e-1be2-43c9-9be0-ca8ec759558b,СБУ,296,В работе,2022-10-28,,Опер #118,Гр. Иванов 955,8
a59fa0d6-592b-4c93-9cee-d2fd6feddd2a,СБУ,263,Ожидание экспертизы,2023-12-06,,Опер #175,Гр. Иванов 564,12
dd74592c-f0ba-4c4a-b772-fdc11cafcae0,Прокуратура,194,Передано в суд,2022-12-23,2023-07-18,Опер #2,Гр. Мельник 639,12
8b1c46eb-5079-47ad-ac06-34a6f894bd92,СБУ,121,На розыске,2023-03-26,,Опер #158,Гр. Коваленко 801,8
7f8239a8-4144-4494-9357-ebbb0f7bf180,СБУ,289,Передано в суд,2025-07-14,,Опер #126,Гр. Коваленко 531,0
c56e076b-6021-4a06-96dd-0a9a70b4b107,Прокуратура,263,На розыске,2024-11-12,,Опер #165,Гр. Коваленко 368,15
bc9b16e4-383b-4975-a052-4de43356bf42,СБУ,194,Ожидание экспертизы,2025-08-24,2026-02-11,Опер #56,Гр. Петров 174,5
a27f3c4d-4f08-4cc3-b17d-4d0e04b0a655,Прокуратура,185,На розыске,2023-05-10,2023-07-31,Опер #131,Гр. Коваленко 561,10
424d11e6-1b52-4582-951a-44f717bd0146,СБУ,187,Закрыто,2025-06-16,,Опер #158,Гр. Мельник 925,0
54a4b52e-73fb-4d97-a7e6-0a54397c4572,Прокуратура,289,Закрыто,2022-09-19,,Опер #194,Гр. Петров 916,10
b465b849-73c8-41f4-837e-498ab1271caa,НПУ,309,Ожидание экспертизы,2023-05-31,2024-07-04,Опер #112,Гр. Сидоренко 364,6
908277e5-a02a-4fda-9da5-2f19197b125a,СБУ,309,Закрыто,2021-01-06,,Опер #39,Гр. Петров 758,0
2bafdf98-134c-4ac5-bb1f-8d6a817d08ec,Прокуратура,194,На розыске,2024-07-22,,Опер #95,Гр. Гончар 900,8
99822229-e3a3-4cb0-86db-aeedb37ea201,НПУ,185,Ожидание экспертизы,2024-04-17,2024-10-02,Опер #118,Гр. Мельник 120,8
cfa6b1db-83a0-4e01-a46c-60edc7be8f7f,Прокуратура,309,Закрыто,2021-02-22,,Опер #158,Гр. Сидоренко 604,14
609b87b7-3750-4290-968b-5d8f9294a467,Прокуратура,121,На розыске,2024-10-21,,Опер #22,Гр. Петров 158,0
012f87d4-4ecb-40da-a604-9acd796100df,НПУ,309,Передано в суд,2024-06-28,2024-10-27,Опер #164,Гр. Петров 141,12
b647e8f6-91f5-494c-94f9-167e9ed27c3d,Прокуратура,289,Передано в суд,2023-12-07,2024-09-11,Опер #24,Гр. Сидоренко 666,8
2d6b4984-88f1-4054-a0b7-9d7da3c542f3,НПУ,289,Закрыто,2021-11-11,2022-03-21,Опер #29,Гр. Иванов 427,1
4e0340cb-3aed-4df8-974f-a7f456d4a97e,СБУ,115,Передано в суд,2021-12-10,,Опер #22,Гр. Гончар 842,1
a71cc46c-1af8-4ce7-a476-e06e67bd0315,НПУ,309,Закрыто,2024-11-02,,Опер #79,Гр. Петров 700,15
ad638cdc-cbf1-4954-8a6a-0b6ec0973dd8,Прокуратура,309,В работе,2021-04-30,2022-02-10,Опер #121,Гр. Гончар 906,10
8b17d787-4160-441e-94a1-8171bbeb7c38,Прокуратура,289,На розыске,2025-04-20,2026-01-28,Опер #151,Гр. Мельник 168,0
9b68398c-8e74-4e07-941a-684e7920171f,СБУ,121,Закрыто,2024-06-07,,Опер #128,Гр. Иванов 680,12
e03ef4fb-3422-482e-a2e3-6a34550875f8,НПУ,309,Ожидание экспертизы,2025-03-21,,Опер #34,Гр. Сидоренко 574,4
7e6c39ad-0043-46be-b2fd-1f132506af4c,НПУ,187,Передано в суд,2020-04-25,2020-05-04,Опер #154,Гр. Сидоренко 563,12
82337969-91e8-40fe-8780-9535a99df0f6,СБУ,185,Закрыто,2021-03-19,,Опер #82,Гр. Мельник 842,2
61c07b5f-070e-4b62-b0e3-8dfa21ce7643,НПУ,263,Закрыто,2025-03-28,,Опер #57,Гр. Гончар 365,10
64e3d8a6-c3af-4b2d-920c-b21bfe9294ce,СБУ,307,Закрыто,2021-12-07,2022-06-04,Опер #72,Гр. Иванов 727,7
21a6c5c7-64d3-4ebc-89a8-1dc6433d5f56,НПУ,121,На розыске,2023-09-18,,Опер #143,Гр. Сидоренко 194,12
614527e2-07aa-45a4-801a-14757c27eda7,НПУ,289,Закрыто,2023-03-02,,Опер #69,Гр. Коваленко 307,11
223ec25b-8588-41f2-90d5-549fa0239077,Прокуратура,263,Закрыто,2022-06-02,,Опер #26,Гр. Сидоренко 195,11
6a25842a-89c1-4502-8a24-39a0df09b0ad,СБУ,307,На розыске,2020-02-12,,Опер #48,Гр. Коваленко 463,10
0efaaeab-dd80-4604-8b7b-470db2e0be83,НПУ,263,Ожидание экспертизы,2022-08-10,,Опер #200,Гр. Коваленко 421,15
4ea098aa-8aa8-4715-b068-4fa9bc2c60eb,СБУ,289,В работе,2021-04-18,2022-01-16,Опер #62,Гр. Гончар 680,12
90ca0d39-2364-4a93-b95b-7adde97ead17,Прокуратура,296,На розыске,2021-05-27,2021-07-21,Опер #18,Гр. Сидоренко 375,15
b6e2f684-9178-468d-990b-58987481f09a,СБУ,263,В работе,2023-03-31,,Опер #62,Гр. Гончар 217,14
8fadd2ec-9041-4371-8060-9e85c2346e0d,СБУ,121,Закрыто,2024-07-04,2025-02-05,Опер #81,Гр. Сидоренко 543,2
9e1478b5-8465-4b83-9093-a8bb054a9826,СБУ,263,Ожидание экспертизы,2022-12-07,,Опер #27,Гр. Сидоренко 162,3
cc123817-0f3c-4a93-b372-6a0951562cee,Прокуратура,187,Передано в суд,2021-07-30,,Опер #101,Гр. Петров 969,0
b018f3e9-7b3f-4ed3-aa53-cf057e435f8b,Прокуратура,185,На розыске,2023-07-03,,Опер #107,Гр. Гончар 426,8
87da1cf1-e3e4-46ac-95e7-9ab1d578fda9,Прокуратура,194,В работе,2024-09-23,,Опер #125,Гр. Сидоренко 459,6
1ede8604-1429-4f02-8c9c-24ac404c9466,СБУ,263,Закрыто,2020-07-02,,Опер #122,Гр. Сидоренко 536,1
4567aba4-c7e3-4172-9581-20fc60a2eb31,СБУ,185,Передано в суд,2024-12-15,,Опер #151,Гр. Сидоренко 569,8
7c0ed954-4017-43e8-b3e5-3e3022ba4702,СБУ,185,Закрыто,2020-11-19,,Опер #20,Гр. Мельник 732,5
42e956c5-da05-4bc0-ae31-39dd21ae2b29,НПУ,309,Закрыто,2022-07-11,2022-11-18,Опер #101,Гр. Сидоренко 682,1
075bf723-7229-4284-9170-d1d16b372434,СБУ,121,Передано в суд,2023-08-26,,Опер #169,Гр. Гончар 904,1
3eb6f1f8-40b5-4456-8fe6-3e98a8559f68,СБУ,185,На розыске,2024-12-12,,Опер #173,Гр. Петров 932,3
8f997e2c-ae37-40e5-b215-2640170c2359,НПУ,307,Ожидание экспертизы,2020-01-08,2021-01-16,Опер #194,Гр. Гончар 676,6
a5d76647-d3f7-4509-8f0c-a16582885461,НПУ,185,Передано в суд,2021-09-29,2021-11-16,Опер #168,Гр. Сидоренко 348,10
bc30756a-b128-4bcd-acb0-c21dbeb3a233,НПУ,115,На розыске,2022-06-28,,Опер #73,Гр. Гончар 727,8
9cdf4330-2e67-4bf0-87a7-cc5808be745c,Прокуратура,121,Закрыто,2024-04-13,2025-02-21,Опер #27,Гр. Иванов 674,4
ec0d0109-ba0f-43ee-9538-a5cb5d80391f,СБУ,121,Передано в суд,2024-03-20,2024-06-17,Опер #77,Гр. Петров 190,0
05d67c18-f7af-4ca9-a274-184f92acdf97,НПУ,289,В работе,2020-06-06,2020-07-29,Опер #172,Гр. Гончар 533,0
af0b1d6c-b50c-4e54-9525-de81a502b7bd,НПУ,289,В работе,2021-12-23,,Опер #197,Гр. Сидоренко 827,4
0b106254-5734-407f-a081-b62fc228fff4,СБУ,185,Закрыто,2022-02-07,2022-07-12,Опер #40,Гр. Гончар 321,6
2ad4d986-7493-4a65-a49b-028b7149bf11,СБУ,187,Закрыто,2021-03-14,,Опер #94,Гр. Петров 771,10
9b7954e0-f64a-4905-843f-49f8f65603d7,НПУ,121,В работе,2022-11-24,,Опер #31,Гр. Гончар 386,8
cc09a71e-60c9-41eb-a493-0cfccd7ae0b2,СБУ,115,Закрыто,2021-07-15,,Опер #30,Гр. Коваленко 797,9
1815aa77-80a4-4c2d-97e5-65d07609afd4,СБУ,307,В работе,2021-10-02,,Опер #12,Гр. Петров 876,2
adea67b9-4317-4295-b50a-e675d6c23fef,Прокуратура,307,Передано в суд,2025-06-06,,Опер #98,Гр. Мельник 922,11
3c4f06ff-702f-43a7-87fe-05a502b7e55c,СБУ,115,В работе,2020-12-15,2021-09-20,Опер #158,Гр. Иванов 818,10
d3e3917d-ae12-4168-921e-25a2214eb3d7,СБУ,307,Закрыто,2020-10-27,,Опер #52,Гр. Гончар 916,6
bfaade65-54de-4f85-8820-60492af899bf,СБУ,194,На розыске,2023-12-10,,Опер #41,Гр. Сидоренко 536,5
80564365-a080-484c-b879-1db09571d870,НПУ,187,Передано в суд,2020-06-11,,Опер #173,Гр. Гончар 848,10
f19f0624-698c-46a0-8199-827506231b83,НПУ,309,В работе,2020-01-27,,Опер #167,Гр. Сидоренко 738,13
55bce3f4-6f5a-4540-b6d4-0a10ea5cc737,Прокуратура,121,Передано в суд,2023-11-24,2023-12-18,Опер #35,Гр. Коваленко 134,12
4f86d815-46d0-4924-8e28-e4e6234fd28c,СБУ,289,Передано в суд,2020-01-18,2020-07-31,Опер #189,Гр. Гончар 936,6
2c665780-b75d-4053-b362-8979e9e0cb6e,Прокуратура,289,На розыске,2020-02-14,,Опер #75,Гр. Мельник 365,14
dd2dd659-fe65-44f3-88d1-0a8413f5684d,СБУ,309,Передано в суд,2025-09-30,,Опер #174,Гр. Иванов 852,8
d2a8315f-2eff-4328-be79-897efbcd06ca,НПУ,307,Ожидание экспертизы,2023-10-05,,Опер #4,Гр. Иванов 292,4
b68f8b5d-712f-471f-87d8-1019674b4e95,НПУ,296,Передано в суд,2025-09-16,2026-08-09,Опер #88,Гр. Сидоренко 365,9
fc79768d-05ed-4540-a5a5-6d3f79d2d3ff,СБУ,309,Закрыто,2024-05-16,,Опер #23,Гр. Петров 947,13
75984c11-d6cc-497e-852b-92eac1f81615,Прокуратура,121,В работе,2025-01-26,,Опер #189,Гр. Петров 615,5
5486766f-6668-445a-9394-daf29642d683,Прокуратура,296,Ожидание экспертизы,2022-10-13,,Опер #74,Гр. Коваленко 983,12
042aacc0-cfee-444a-bd45-b730fe9e248c,Прокуратура,194,На розыске,2021-04-17,,Опер #150,Гр. Мельник 224,14
4b6876a2-3add-4814-90a4-fdbfc3b92f8b,НПУ,289,В работе,2021-02-19,2021-09-17,Опер #15,Гр. Гончар 690,5
46cbb333-514a-4cca-a550-4026ca77bbdb,НПУ,296,Закрыто,2024-08-04,2025-06-11,Опер #35,Гр. Гончар 810,9
ffddee28-6ce6-44ec-9e0f-d06acc1a3ae2,СБУ,296,Ожидание экспертизы,2022-01-19,,Опер #148,Гр. Мельник 952,15
48e50756-a160-4eeb-8897-b7a01743d686,Прокуратура,263,В работе,2022-06-17,,Опер #110,Гр. Петров 542,3
6a8d3e5a-00c8-4829-b46d-0e41f3cf614d,НПУ,185,На розыске,2023-07-25,,Опер #87,Гр. Коваленко 550,2
4970de8c-4600-4e74-89f4-ddf209b61f60,НПУ,185,В работе,2020-09-02,,Опер #150,Гр. Петров 912,11
1791cc0c-bff2-47f0-900e-552b08260898,Прокуратура,309,Ожидание экспертизы,2024-04-19,2024-07-20,Опер #91,Гр. Мельник 448,3
7fa4c30e-c206-40fc-a9b8-a30446f27f20,Прокуратура,185,Передано в суд,2020-06-20,,Опер #164,Гр. Мельник 467,7
36d3d4dd-b2b7-4c03-bfb9-b88d6a48d4e9,НПУ,121,На розыске,2024-10-07,,Опер #43,Гр. Коваленко 709,10
72553885-0a61-4c14-813c-be7e398a9da2,НПУ,307,Передано в суд,2025-10-24,2025-12-17,Опер #55,Гр. Коваленко 458,12
0d5ad6a1-006f-4625-a23b-2d8dbf0dbd2a,НПУ,307,На розыске,2023-02-22,,Опер #129,Гр. Петров 725,14
c62b5788-08b7-47e9-b5d7-0b876af2375d,Прокуратура,194,Ожидание экспертизы,2022-09-23,2023-07-02,Опер #55,Гр. Коваленко 623,7
31aca664-9166-4928-883e-e8469d1507e4,СБУ,185,В работе,2024-03-02,,Опер #198,Гр. Гончар 320,14
4c99bc34-f44d-48e5-86f2-6363ec982b32,Прокуратура,296,Закрыто,2024-04-28,,Опер #92,Гр. Иванов 139,7
d0ff25a7-1343-42d6-a870-bcbd90c09bb2,Прокуратура,263,Ожидание экспертизы,2022-01-17,,Опер #11,Гр. Петров 771,7
446cdf86-32b2-4cbd-88b4-2780355575b4,СБУ,296,Передано в суд,2020-02-27,,Опер #72,Гр. Сидоренко 727,2
64537e8b-37c0-4cf0-b53f-c70d492f87e5,Прокуратура,296,На розыске,2023-11-16,2024-01-13,Опер #148,Гр. Иванов 171,12
c45bd5ed-ac6d-461c-9f05-942bfabd0f1e,НПУ,296,На розыске,2020-03-12,,Опер #136,Гр. Коваленко 469,7
ec9f32e5-0c5e-4712-9f35-3205b5a9a923,Прокуратура,121,Передано в суд,2023-02-27,,Опер #141,Гр. Иванов 614,6
ee6869f7-a212-44ca-a334-6bad260fd9be,НПУ,194,Передано в суд,2025-04-30,,Опер #37,Гр. Петров 862,14
9c9174cc-8de9-4ab4-8d43-6e37eeadde1b,НПУ,187,На розыске,2025-01-06,2025-01-17,Опер #38,Гр. Гончар 539,9
ff34b820-07ad-401d-9adb-5682e07bf180,СБУ,121,Ожидание экспертизы,2021-11-02,,Опер #32,Гр. Иванов 616,6
1cd26ace-288b-4fc9-841b-5f936880d73e,Прокуратура,185,Ожидание экспертизы,2022-03-31,,Опер #41,Гр. Петров 944,5
bad5016a-ffdd-41a2-879a-ce15175ab57c,Прокуратура,296,Ожидание экспертизы,2025-05-31,2025-10-23,Опер #136,Гр. Гончар 973,6
19684cfb-2a32-42e8-a865-2b2195d8be20,НПУ,307,Ожидание экспертизы,2023-02-21,,Опер #6,Гр. Иванов 728,8
67cb0e95-9952-4407-91fd-c0e278347e60,СБУ,185,Передано в суд,2025-02-18,2025-09-07,Опер #75,Гр. Коваленко 727,10
a112e657-cabd-49e9-a317-b1b3a62eb823,СБУ,289,На розыске,2023-11-22,,Опер #59,Гр. Гончар 136,2
f05f0a4f-43cf-47bd-a6cd-c3c3c83df15a,Прокуратура,194,Ожидание экспертизы,2023-01-13,,Опер #66,Гр. Мельник 893,3
76ebc20f-c5b9-464b-a089-cf3a3e940325,Прокуратура,194,В работе,2020-07-11,,Опер #149,Гр. Сидоренко 899,13
573a5d37-7533-4909-8fb4-0ebf184705cf,НПУ,309,На розыске,2023-07-01,2024-01-01,Опер #43,Гр. Гончар 951,9
e54de3b6-dadd-4876-8fe1-324d24a22a94,СБУ,296,Закрыто,2020-11-15,2021-09-20,Опер #142,Гр. Иванов 100,12
f2273996-2d8a-4669-af21-ec4928f55e00,НПУ,263,В работе,2022-05-03,,Опер #70,Гр. Петров 193,9
a473368d-8457-4eaa-844b-f07f4185dad2,СБУ,121,Ожидание экспертизы,2020-08-17,,Опер #144,Гр. Сидоренко 306,0
cff9c4b8-0070-45b7-9cab-2b053cf3a2ab,СБУ,263,Закрыто,2025-07-22,,Опер #177,Гр. Мельник 523,12
d193ab9d-0f6c-4e92-9c8a-8b005473ae9d,СБУ,121,На розыске,2020-11-17,2021-05-22,Опер #164,Гр. Иванов 689,1
698ce91e-cde0-4e1a-99d4-a183aa712c7c,НПУ,263,В работе,2022-05-23,,Опер #112,Гр. Коваленко 987,8
fbc4d2c8-232b-4ba7-89ac-eb8b276a174c,СБУ,289,В работе,2022-06-06,,Опер #177,Гр. Коваленко 418,9
eeee094f-4b5c-4204-a3de-2d035d706be6,НПУ,289,Закрыто,2022-11-16,,Опер #2,Гр. Гончар 383,10
0fce30b5-354d-42e7-b1c8-1c2e490c725f,СБУ,115,Закрыто,2020-04-04,,Опер #132,Гр. Сидоренко 737,5
db1ed02e-cc7f-41a5-a442-9a5f03ee80d9,НПУ,185,Передано в суд,2023-12-17,,Опер #184,Гр. Сидоренко 165,13
060d1111-0ce8-4421-93c2-af5a09508e00,СБУ,309,Закрыто,2024-09-17,2024-11-18,Опер #60,Гр. Гончар 998,6
e09ef6a3-f2d5-47b6-b400-99bf3a57ad74,СБУ,187,Закрыто,2024-08-14,,Опер #146,Гр. Иванов 830,15
11af73a9-7f00-4212-ab7d-5cb5beb83c64,НПУ,121,Передано в суд,2022-10-03,2022-10-21,Опер #130,Гр. Иванов 881,2
3c44fe4f-f565-4b29-b32a-d1909a8dae48,СБУ,187,На розыске,2020-07-08,,Опер #186,Гр. Петров 811,13
c3a1521f-47ff-446d-8e6b-5c6b429ce0e2,СБУ,289,Закрыто,2024-11-17,,Опер #135,Гр. Гончар 279,14
813f9069-5617-45c0-a461-52565362e21d,НПУ,185,На розыске,2025-09-06,2026-10-09,Опер #179,Гр. Коваленко 906,5
2d38d786-8f2a-4cc2-834a-949f44ef48a2,СБУ,115,Закрыто,2020-06-28,,Опер #144,Гр. Гончар 828,11
73ca6d5f-5411-4442-8ed0-f2ea266afdc3,СБУ,263,Передано в суд,2020-02-22,2020-09-28,Опер #96,Гр. Гончар 669,8
17b2c4ac-e0aa-4f8b-ab8b-3ff0a8d89a8f,НПУ,115,Закрыто,2020-10-03,,Опер #72,Гр. Петров 110,1
e4586c1a-d231-4351-9fbc-93e92180bd54,Прокуратура,289,На розыске,2024-12-26,,Опер #112,Гр. Петров 235,12
fcb7b86d-0267-4850-9790-5959edf9dba6,Прокуратура,296,Передано в суд,2025-01-17,2025-06-29,Опер #14,Гр. Иванов 431,3
8739ad15-f842-4570-bbf0-b00fe1a4c40a,СБУ,194,Ожидание экспертизы,2021-05-27,,Опер #95,Гр. Иванов 557,11
69b588a8-8fa8-45d7-8f74-95ec3e22d729,НПУ,121,Ожидание экспертизы,2024-02-26,,Опер #13,Гр. Сидоренко 887,12
18593376-96c5-4255-b6b1-fafac08e6bbe,НПУ,187,На розыске,2021-05-03,2021-05-30,Опер #135,Гр. Петров 209,11
8de498f0-be84-4abc-899e-d8e48d34316c,Прокуратура,307,Ожидание экспертизы,2023-02-02,,Опер #176,Гр. Петров 187,6
06f277f6-c84e-4ed9-9bcf-f0f374e27bc1,СБУ,115,На розыске,2022-04-25,2023-03-20,Опер #53,Гр. Петров 444,15
0b06dfea-1775-4b87-abc1-ecd7cdecc724,НПУ,115,На розыске,2024-01-22,2025-02-18,Опер #38,Гр. Петров 356,9
ee444c78-2182-46b5-88f5-adf0d229ea7e,Прокуратура,296,В работе,2020-11-12,,Опер #145,Гр. Сидоренко 979,13
867ba1df-8f3f-4af5-a493-4ba919203f52,НПУ,307,В работе,2021-09-02,,Опер #17,Гр. Сидоренко 996,2
3155e81c-6c57-4e2c-bde5-2d7bf167e633,Прокуратура,115,Закрыто,2021-12-29,,Опер #76,Гр. Петров 547,7
df8ba9da-4900-4682-9566-e492305d2f12,СБУ,185,Ожидание экспертизы,2024-06-27,,Опер #106,Гр. Гончар 479,5
6e48246e-02ce-4351-89b7-9fbbfb82365d,СБУ,296,Ожидание экспертизы,2024-10-07,,Опер #78,Гр. Иванов 404,6
97c75adb-2466-4ba0-bc40-21a4db6b110e,НПУ,194,В работе,2023-11-08,2024-05-26,Опер #122,Гр. Петров 724,8
5041acd6-84f1-423f-b8fc-5c592002c64e,Прокуратура,185,В работе,2023-07-19,2024-04-18,Опер #18,Гр. Сидоренко 302,10
a3f0385c-980e-4eb2-8fe8-46483b58e64b,НПУ,121,В работе,2023-03-24,,Опер #168,Гр. Иванов 907,5
5d29747a-639c-4bc5-8275-02b48188ecd8,Прокуратура,185,Передано в суд,2022-06-19,,Опер #153,Гр. Иванов 716,5
af1b7575-553e-4442-98db-e77457061695,СБУ,263,Ожидание экспертизы,2023-08-26,2024-08-19,Опер #23,Гр. Петров 786,14
380b2b4e-38d2-4e83-b344-3b532a215452,СБУ,263,Закрыто,2022-04-07,2022-07-10,Опер #143,Гр. Иванов 806,5
e9b12e97-95b1-4079-828d-840709a6861c,СБУ,115,Ожидание экспертизы,2024-02-25,,Опер #98,Гр. Коваленко 457,5
791c7d8c-f21b-4993-b948-57c893f4731f,НПУ,309,На розыске,2023-04-24,2023-11-13,Опер #57,Гр. Петров 850,6
15300fe9-44c9-445b-96e3-53ba89e40943,НПУ,121,В работе,2023-09-17,,Опер #64,Гр. Иванов 760,10
bc38699a-8d72-4dc2-b9f5-f3c414194baa,Прокуратура,185,Закрыто,2020-09-14,2021-09-11,Опер #69,Гр. Петров 879,4
fe5c77e8-6a32-49f6-a380-8f913f83dbd4,СБУ,307,В работе,2023-04-10,,Опер #18,Гр. Сидоренко 337,11
d9518392-e3d7-40aa-8857-004ec718b252,Прокуратура,307,Закрыто,2024-01-16,,Опер #135,Гр. Мельник 231,13
28c1962f-ce6d-4f70-87e8-ca73a6e00745,СБУ,121,Передано в суд,2021-09-27,2022-10-19,Опер #119,Гр. Иванов 375,6
fe49b4cc-85ab-41db-aa20-33285e29ec49,Прокуратура,289,На розыске,2024-08-28,2025-06-24,Опер #41,Гр. Петров 689,12
9f02b5d9-26a4-484d-8eb8-71d2bd7918d3,Прокуратура,289,Передано в суд,2023-04-17,,Опер #191,Гр. Гончар 367,1
9c25e949-0733-4d0a-8faf-eddea4e4cebd,Прокуратура,309,На розыске,2023-02-28,,Опер #186,Гр. Коваленко 746,0
b514892f-1b00-4be5-8cbd-3004946f1e84,НПУ,187,Закрыто,2023-10-15,,Опер #103,Гр. Сидоренко 294,6
a11592d1-e4cd-476c-bc9d-a29e635d6131,НПУ,187,Ожидание экспертизы,2020-08-09,,Опер #124,Гр. Гончар 349,5
e50e3020-0b08-4ebc-9afc-93f9eae618ea,Прокуратура,194,Передано в суд,2023-06-20,,Опер #196,Гр. Коваленко 965,0
2b0c3280-7c1f-4d74-82aa-6fe73428a0a0,СБУ,307,Передано в суд,2021-11-06,2022-01-16,Опер #18,Гр. Петров 584,14
c1b4f467-68a4-4130-b8d7-dced7778d043,Прокуратура,289,Ожидание экспертизы,2021-08-03,,Опер #103,Гр. Иванов 845,14
42eb7fe9-7955-4497-9cfd-0c3c6c75ad64,НПУ,289,В работе,2023-04-20,,Опер #118,Гр. Сидоренко 660,13
52ceeaf4-775d-449d-a341-f5fec3622510,Прокуратура,115,На розыске,2023-04-18,,Опер #152,Гр. Коваленко 877,11
c27b2fd6-2884-40d5-831e-bfa12b2d3886,НПУ,289,В работе,2021-09-01,2021-11-16,Опер #199,Гр. Мельник 204,10
76521806-54b3-44d6-982d-4b4bfd20dcff,СБУ,307,Передано в суд,2022-01-11,2022-08-11,Опер #68,Гр. Петров 662,14
5dc116ef-2817-48e3-93cd-cddc49b088d0,Прокуратура,185,В работе,2021-12-14,2021-12-17,Опер #117,Гр. Иванов 865,6
3163f03c-fcda-43cb-b8ac-c7ebf56c448d,НПУ,309,Закрыто,2020-05-06,2020-12-09,Опер #100,Гр. Иванов 332,11
ff7273a6-9ded-4b54-8dbf-61835723f70e,НПУ,121,Ожидание экспертизы,2024-05-18,2024-11-24,Опер #77,Гр. Коваленко 631,1
abcd421f-161d-4751-a50c-ff925c5c7551,НПУ,309,В работе,2020-08-31,,Опер #15,Гр. Иванов 879,15
c2df83ec-cd9d-440f-979c-df72dd3f49f1,Прокуратура,289,На розыске,2025-04-21,2026-02-13,Опер #129,Гр. Мельник 934,14
d283596d-9e25-48f6-95b3-27db15faf7aa,СБУ,187,Передано в суд,2022-05-29,,Опер #28,Гр. Иванов 114,10
c8d24059-5f1f-447a-873f-bae60888eabe,НПУ,263,Ожидание экспертизы,2024-01-13,2024-12-28,Опер #194,Гр. Сидоренко 897,4
a7eed813-a027-42dc-87e1-e23f65421bd6,Прокуратура,307,Передано в суд,2022-07-26,2023-07-16,Опер #33,Гр. Петров 100,8
c37cc123-f38e-45d0-9b51-83d89f55e9b4,НПУ,289,В работе,2023-04-21,,Опер #63,Гр. Гончар 585,9
d1fdf35b-e724-480c-b2e6-d975f0f7c356,Прокуратура,115,На розыске,2023-01-22,2023-06-01,Опер #104,Гр. Иванов 379,12
17c4a268-4d74-475f-9034-ec334aff37f3,СБУ,115,В работе,2024-08-19,,Опер #177,Гр. Гончар 297,2
d88f5046-54c3-451e-9d5a-ac73b3ed12e7,СБУ,194,Передано в суд,2024-06-09,2024-11-21,Опер #83,Гр. Сидоренко 217,10
2c3e8a36-480f-4194-a403-deffc0586447,СБУ,194,В работе,2020-02-29,2020-09-06,Опер #2,Гр. Сидоренко 737,13
f536cb2c-77e0-4e70-8f70-1b3e01ed533e,НПУ,289,В работе,2025-02-10,2025-04-09,Опер #119,Гр. Гончар 463,6
6112149d-ce3b-404a-b850-555ad96768d2,Прокуратура,185,На розыске,2024-02-02,2024-04-22,Опер #155,Гр. Петров 301,13
a71d10d1-23a9-4fa4-84e0-6070b5be3e68,НПУ,115,На розыске,2020-11-21,,Опер #189,Гр. Гончар 211,9
f7140fef-a1a4-47d5-a78e-b536b25e6368,Прокуратура,309,Передано в суд,2025-11-04,,Опер #146,Гр. Гончар 449,11
baff192e-ef1f-4fd1-897f-8ecb50b0731f,СБУ,185,Передано в суд,2025-08-12,2026-06-07,Опер #120,Гр. Сидоренко 308,11
de0063a4-fee1-4062-ac9e-6a17024cbab1,НПУ,121,Ожидание экспертизы,2024-12-15,,Опер #166,Гр. Сидоренко 762,10
3c594b34-d807-425b-b6ff-d41c86d48684,Прокуратура,296,В работе,2022-08-18,2022-11-19,Опер #200,Гр. Петров 877,13
375475f1-d115-4dfb-a6a9-f5422d482236,СБУ,185,Закрыто,2021-02-18,,Опер #10,Гр. Коваленко 485,9
940450f9-1e59-48ab-a963-151403431513,НПУ,289,Передано в суд,2022-04-04,,Опер #28,Гр. Сидоренко 168,2
77be63ba-74a2-48b9-828c-c2a9be999008,СБУ,115,Ожидание экспертизы,2021-07-31,,Опер #171,Гр. Коваленко 920,6
b9e7d197-7589-4ac1-b0d8-f557775c7520,Прокуратура,296,В работе,2020-04-17,2020-12-19,Опер #111,Гр. Иванов 764,12
f3305aea-70c5-4c20-8d8f-5bdb599a32df,Прокуратура,307,Ожидание экспертизы,2023-04-17,2024-05-12,Опер #154,Гр. Иванов 681,12
08394c94-e4f4-40e7-baae-2705669c5f4a,Прокуратура,296,Закрыто,2023-07-19,2024-01-10,Опер #84,Гр. Петров 980,4
702b7eb7-eebd-4bff-b807-910fb2d57237,Прокуратура,296,На розыске,2024-09-02,,Опер #124,Гр. Сидоренко 493,15
d4f0e750-5799-4df3-bc48-c659cf9e49ef,НПУ,115,Передано в суд,2021-10-12,2022-08-30,Опер #47,Гр. Петров 254,13
2cb11d9f-97f9-4328-aecb-dcc06a4710b1,СБУ,185,Передано в суд,2020-03-23,,Опер #55,Гр. Иванов 456,4
1bb53256-df57-4d2f-8481-e932748f069a,СБУ,194,Ожидание экспертизы,2021-09-25,2021-12-15,Опер #36,Гр. Сидоренко 316,8
4e293e3d-cd9a-42bf-a452-bdf451fb97e4,Прокуратура,296,Передано в суд,2020-06-28,,Опер #116,Гр. Иванов 786,13
ef0190dc-1d2b-4c94-9288-f29d44d5678c,Прокуратура,296,Ожидание экспертизы,2025-01-22,,Опер #191,Гр. Мельник 940,5
04241159-2226-498c-8072-cb09d3fa5ef9,Прокуратура,307,Ожидание экспертизы,2021-01-04,,Опер #14,Гр. Иванов 534,10
0c778b25-bd9a-4ca5-9c3f-7044586f6878,Прокуратура,185,Закрыто,2021-06-10,,Опер #113,Гр. Иванов 854,5
0bb7a8e9-9183-448d-91d3-a94e93e02e48,Прокуратура,185,Передано в суд,2022-08-24,,Опер #24,Гр. Коваленко 240,7
1ab722de-c034-4df9-b62f-e4435d0aa498,Прокуратура,187,Передано в суд,2025-10-19,,Опер #165,Гр. Сидоренко 118,8
2728e449-eb44-486e-8ef0-66470a322ab5,Прокуратура,187,На розыске,2025-01-09,2025-12-11,Опер #177,Гр. Гончар 575,12
0b27c8c0-373a-40fe-9384-cd07ae2ea49d,Прокуратура,296,В работе,2021-03-18,,Опер #57,Гр. Коваленко 592,2
2e53b0f9-b51e-4477-a5b4-ec54cfadf685,НПУ,121,На розыске,2023-03-07,,Опер #58,Гр. Мельник 901,15
9731afb3-1394-4ce4-a4cd-be9c03bc3916,Прокуратура,309,В работе,2023-05-07,,Опер #186,Гр. Мельник 502,7
9e515f8e-2b76-4729-b0fd-6a8789c13ba8,Прокуратура,194,Ожидание экспертизы,2021-07-21,2021-09-27,Опер #5,Гр. Гончар 529,5
38bc3a22-8058-4c07-bd0f-dbea9ae9918a,НПУ,121,В работе,2024-03-20,2024-04-14,Опер #13,Гр. Гончар 470,4
ee2b9f99-2bf8-475f-bfb0-e6927b91b0c7,СБУ,115,В работе,2024-01-21,,Опер #81,Гр. Мельник 368,11
1a69be72-f758-4ded-a6b7-d8d8a9d1f8ba,СБУ,263,Передано в суд,2024-01-05,,Опер #18,Гр. Мельник 593,11
c1fade5b-8505-4983-aba8-e53c0941b763,НПУ,263,Передано в суд,2021-04-25,2022-04-14,Опер #94,Гр. Мельник 375,2
398f6ac9-7b74-416b-ba35-4baff0a79ddf,НПУ,289,Ожидание экспертизы,2020-02-10,,Опер #200,Гр. Коваленко 861,5
6c0a3464-fcfb-4b08-ae0a-3c8532b75c34,Прокуратура,194,Ожидание экспертизы,2021-10-07,,Опер #7,Гр. Коваленко 551,4
ad82255b-cff8-4cea-8819-7c87e55dea0a,НПУ,185,На розыске,2022-04-02,2022-07-02,Опер #183,Гр. Петров 369,6
f41a71dc-9c5c-40e0-b9be-d225cbaea33c,Прокуратура,115,Передано в суд,2022-05-22,2022-09-19,Опер #184,Гр. Иванов 744,8
cc47e062-853c-46fe-b286-e8c910440f96,НПУ,115,В работе,2022-11-21,,Опер #112,Гр. Коваленко 149,4
5ccac9ac-4fcf-4601-913d-19e51e7d063b,НПУ,187,На розыске,2023-03-24,,Опер #184,Гр. Петров 100,15
98e96be2-ae7e-4a29-89d6-ec97e8363879,НПУ,187,Ожидание экспертизы,2022-07-31,2022-09-07,Опер #178,Гр. Иванов 282,15
5d87c7f9-e951-4b6d-8b4d-584889b58ec2,НПУ,307,Передано в суд,2022-12-30,2022-12-31,Опер #60,Гр. Сидоренко 698,9
e2cbc1a9-5bf1-43e2-ad51-d76e96b24009,Прокуратура,194,Передано в суд,2023-09-17,2023-09-23,Опер #3,Гр. Сидоренко 296,3
119be11f-ec45-41e7-a206-2c92d0a5a86f,НПУ,115,Закрыто,2020-05-10,2020-11-04,Опер #9,Гр. Гончар 422,8
a344f4a9-4430-40c0-a7fd-e9fc38d7cade,СБУ,115,Передано в суд,2022-04-26,,Опер #127,Гр. Сидоренко 816,3
5314d65d-7a98-4f42-9a30-96cc734cb046,НПУ,309,В работе,2020-10-04,2020-12-05,Опер #137,Гр. Иванов 930,6
3b01ecc7-3ead-4a39-a972-1ca248801096,Прокуратура,309,На розыске,2020-06-15,,Опер #200,Гр. Сидоренко 731,7
6ae54f33-e654-4938-a886-3940b2aa0d87,Прокуратура,289,Передано в суд,2023-11-10,,Опер #138,Гр. Мельник 319,5
784d9125-237f-428d-a8f7-a8ae9470e7dd,СБУ,185,На розыске,2025-10-31,,Опер #166,Гр. Коваленко 884,12
b207c0d5-405c-44a8-a266-324ead146a2d,Прокуратура,263,На розыске,2023-07-15,2024-02-20,Опер #116,Гр. Гончар 322,9
f621861f-c487-420a-967f-bbbae6fcd259,НПУ,185,На розыске,2024-11-10,,Опер #75,Гр. Петров 868,5
8cf4cf01-f423-4314-930d-2062c85e478c,Прокуратура,263,Передано в суд,2023-07-02,,Опер #116,Гр. Иванов 836,7
3ea68036-718d-4f08-bbed-3e4bd02b2730,НПУ,296,Закрыто,2020-09-11,,Опер #180,Гр. Сидоренко 679,10
c7943a12-83cc-4cdb-9eff-a7f29214b45b,Прокуратура,263,Ожидание экспертизы,2021-10-05,,Опер #176,Гр. Коваленко 789,15
7147baca-937f-42e9-9456-b09ecaf64142,Прокуратура,296,В работе,2025-03-12,,Опер #149,Гр. Гончар 261,8
690e547b-f4e9-442e-9d78-84523f76cc28,Прокуратура,289,В работе,2022-11-25,,Опер #107,Гр. Коваленко 762,2
de02759c-226c-4099-aae6-5fc3d74b0699,СБУ,121,Закрыто,2024-05-06,,Опер #128,Гр. Мельник 700,8
1888446a-b809-4425-a7a0-b1d491b1b7de,Прокуратура,194,Передано в суд,2025-05-17,2025-09-07,Опер #48,Гр. Петров 733,0
625fb366-031c-486a-a1a4-56d87fcdf3b7,СБУ,121,В работе,2022-10-24,2023-05-27,Опер #75,Гр. Гончар 862,11
bbe929f4-bd4d-4def-92aa-9ce9027084e2,НПУ,309,Ожидание экспертизы,2020-01-24,,Опер #73,Гр. Петров 431,5
ceb0b3b9-3328-43fb-969a-b6fdd6735636,НПУ,187,На розыске,2024-12-21,2025-11-10,Опер #191,Гр. Иванов 511,12
8298cf19-a6a5-4e24-bf3a-063eb94c9f08,НПУ,307,На розыске,2024-10-19,2025-10-21,Опер #195,Гр. Коваленко 552,3
b719f70f-4cb6-4b50-8adf-bcbc2fca2844,Прокуратура,309,В работе,2021-10-02,,Опер #90,Гр. Петров 963,6
fe04b5af-bb8c-40a4-aadd-4f60cd1b107a,Прокуратура,289,Ожидание экспертизы,2025-11-11,,Опер #10,Гр. Коваленко 984,14
99267dd8-0ed8-431d-9baa-54d2874ca5e6,Прокуратура,194,Закрыто,2025-05-13,2025-08-12,Опер #44,Гр. Иванов 514,2
9b997b96-9292-43a6-985d-5a560cf4aa84,Прокуратура,115,На розыске,2020-04-05,,Опер #141,Гр. Петров 502,5
df338cc9-b7a8-4a44-b859-666cc3ec3acb,СБУ,296,В работе,2023-12-17,,Опер #67,Гр. Сидоренко 758,5
5a10b720-da81-4f1b-9166-73accde152ad,СБУ,185,На розыске,2021-01-12,,Опер #9,Гр. Мельник 341,10
820a999f-bb97-4af1-9b95-0a558c0f0ac3,НПУ,263,Закрыто,2025-11-04,,Опер #149,Гр. Петров 701,6
4a3fa7a9-e082-4c33-928e-cb32f223d000,Прокуратура,187,В работе,2024-06-20,2024-10-04,Опер #40,Гр. Гончар 515,2
ff469a44-6dc1-4ff6-8312-c45c898bfa82,Прокуратура,194,Закрыто,2020-10-05,,Опер #83,Гр. Сидоренко 597,12
68dcab45-f113-4e83-89d2-d71bd1e39861,Прокуратура,309,Ожидание экспертизы,2024-07-08,,Опер #80,Гр. Сидоренко 439,14
464d6802-3fb0-4a2f-b0eb-84551f9a0f6f,Прокуратура,187,В работе,2023-01-05,,Опер #107,Гр. Коваленко 565,10
eba8f3ed-932f-409a-b6c8-4d254f99b829,СБУ,185,На розыске,2023-06-17,2023-07-22,Опер #15,Гр. Гончар 645,0
07e30b00-e2d5-42fd-8167-8d73135a66db,Прокуратура,309,На розыске,2020-07-14,,Опер #138,Гр. Петров 380,8
0a82bcc8-ca3b-4551-8b57-f5838ed54751,СБУ,115,На розыске,2020-03-05,2020-05-11,Опер #93,Гр. Мельник 948,11
cb0c0022-9c24-46d5-80f6-cbb6cb6ccc14,Прокуратура,185,Закрыто,2025-05-05,2025-10-18,Опер #154,Гр. Петров 298,4
778f7c5e-19d3-4b11-a428-0d1b8fa73232,Прокуратура,115,Закрыто,2023-03-29,2024-03-23,Опер #64,Гр. Мельник 829,2
e4dd2036-42c3-428c-861d-9d50f7075f9d,Прокуратура,309,Передано в суд,2024-10-08,,Опер #97,Гр. Гончар 911,14
3b29ab95-3818-4bf5-8bfe-4af209243d78,СБУ,307,Ожидание экспертизы,2023-09-02,,Опер #119,Гр. Иванов 865,12
62dcef82-465a-43ca-8cba-bf28354d4621,Прокуратура,121,Передано в суд,2023-02-26,,Опер #109,Гр. Иванов 418,14
637c28fc-6b59-4fb5-adca-a41131b7775b,НПУ,263,На розыске,2022-11-20,,Опер #167,Гр. Иванов 997,15
8f1f39e7-fbd1-4cdd-9651-8699986fda67,СБУ,289,Передано в суд,2024-02-09,,Опер #130,Гр. Иванов 689,2
eef8821b-4323-4b13-a071-95ac3312b98e,НПУ,296,Передано в суд,2023-08-01,2024-07-23,Опер #94,Гр. Коваленко 431,6
fde0e821-fe59-4e07-9556-35efbb3cf2aa,НПУ,187,Ожидание экспертизы,2025-10-31,2026-04-09,Опер #196,Гр. Гончар 799,2
5b545c11-0c8b-4bb5-8651-4ed9b5753028,Прокуратура,296,Закрыто,2023-08-08,,Опер #146,Гр. Иванов 425,1
08510d7d-e1c5-4083-aedf-14e1f75c366d,СБУ,194,На розыске,2023-01-13,2024-02-17,Опер #121,Гр. Петров 130,14
1f819324-77f1-42fe-a83b-a4d22c09c3e6,Прокуратура,296,Закрыто,2025-01-30,2026-02-10,Опер #171,Гр. Коваленко 409,5
1a458aef-c407-4848-bb11-7efa604e55e9,Прокуратура,185,Передано в суд,2024-02-15,2024-07-30,Опер #188,Гр. Коваленко 548,4
b10d2b31-9bca-4cc9-9e78-17f2176757a2,НПУ,309,Ожидание экспертизы,2020-11-13,,Опер #116,Гр. Мельник 131,3
3287ba2c-0b60-47f3-ae9c-fe13a88f35f2,НПУ,115,В работе,2023-03-22,,Опер #75,Гр. Петров 650,7
af9cc5a6-9b7d-4b6a-960f-66e77f03429f,НПУ,187,Передано в суд,2020-05-27,2020-07-10,Опер #120,Гр. Петров 735,7
e075197e-9012-4818-ae95-7336e0bf8374,Прокуратура,115,Закрыто,2020-03-24,2020-10-15,Опер #78,Гр. Иванов 369,3
a00d0464-6eb7-4f09-8fdd-c359518bad62,НПУ,194,Передано в суд,2023-05-15,,Опер #5,Гр. Гончар 968,15
372a6564-8933-4823-b2eb-a718cc155c85,СБУ,309,Передано в суд,2023-01-07,2023-09-09,Опер #73,Гр. Петров 392,3
8c0984ba-0767-4fbf-a9a1-d24deb9a7971,СБУ,263,Ожидание экспертизы,2024-03-01,,Опер #80,Гр. Коваленко 353,2
3bb23ab0-e05e-4f6a-9720-dea2ad5e00a5,СБУ,194,Передано в суд,2021-04-10,2021-05-06,Опер #23,Гр. Гончар 151,1
56f22e20-a353-451e-b33f-15c920b7266c,СБУ,115,На розыске,2020-11-26,,Опер #9,Гр. Петров 414,12
8d06fed4-2652-4cce-adfa-b4b43463f350,НПУ,185,На розыске,2020-09-17,2021-09-04,Опер #45,Гр. Гончар 759,3
1f3d6c6a-c006-4da0-b7af-d762bd9cf7c0,Прокуратура,307,В работе,2022-06-03,,Опер #142,Гр. Сидоренко 777,5
756c0a52-8e1d-4457-a73d-923b63f5ea6e,НПУ,296,Передано в суд,2020-11-11,2021-08-04,Опер #84,Гр. Мельник 603,11
410c7b9e-f4d6-41ab-836e-c7f37651c8c6,НПУ,263,Ожидание экспертизы,2024-04-18,,Опер #182,Гр. Гончар 931,1
0abc0c6e-22bc-454c-bf2a-462896af6cfa,СБУ,296,В работе,2025-02-04,,Опер #157,Гр. Гончар 376,8
125eaa75-2f6d-4632-b858-08b06202b6bc,СБУ,309,Ожидание экспертизы,2025-11-19,2026-05-02,Опер #109,Гр. Мельник 331,12
30cfc1b2-2468-4059-b51b-ab3c253d5521,Прокуратура,263,Ожидание экспертизы,2022-01-26,,Опер #71,Гр. Сидоренко 975,8
014bf4e1-aa0d-44b5-a260-3620c21b3d46,СБУ,121,Закрыто,2021-10-29,2022-09-12,Опер #136,Гр. Мельник 859,10
8549fbad-50c8-49fa-b35b-83a3f53950cb,НПУ,307,В работе,2020-12-28,2021-09-25,Опер #64,Гр. Гончар 387,11
0e0bc72f-42b2-4872-bc09-d223a914b4a0,СБУ,185,На розыске,2020-08-22,,Опер #8,Гр. Иванов 814,6
8916f3fa-4b15-4c46-8804-2f3eb1533505,Прокуратура,115,Закрыто,2021-08-13,2022-02-19,Опер #64,Гр. Иванов 225,8
e4a05699-db10-4a80-94ab-e8c37be239ab,СБУ,289,Ожидание экспертизы,2021-09-20,2021-10-15,Опер #55,Гр. Петров 717,10
21ba16f9-bfa2-4163-9d4d-21cc126ededd,НПУ,309,На розыске,2025-05-13,,Опер #98,Гр. Гончар 644,5
67d578bb-ac4a-4d96-aada-bf3995ff3f83,СБУ,194,Передано в суд,2023-03-24,2024-03-01,Опер #90,Гр. Мельник 893,2
ed8b4603-1a07-464e-a563-ba3864662148,Прокуратура,296,Ожидание экспертизы,2020-05-08,,Опер #67,Гр. Гончар 247,6
96f87b60-5d81-4a2f-b7c8-824cca8021e4,Прокуратура,121,Закрыто,2023-02-18,,Опер #82,Гр. Мельник 455,0
dac6d169-83ac-409f-998a-a34dcb293f9f,Прокуратура,115,В работе,2025-09-24,,Опер #34,Гр. Мельник 892,3
91519320-3656-4157-bf66-eb44225d9e8e,Прокуратура,121,Закрыто,2025-08-30,,Опер #135,Гр. Коваленко 795,1
ed44ae30-5809-4d23-bef7-112ab7ddbbe5,НПУ,296,Закрыто,2022-02-21,,Опер #77,Гр. Мельник 827,15
38ccbb46-330a-4939-974e-6f10fe2787ea,НПУ,194,На розыске,2021-06-21,2021-10-22,Опер #171,Гр. Коваленко 525,15
8ab09ff9-0156-4bb6-a31c-58122ceaecc6,НПУ,185,Передано в суд,2021-01-20,,Опер #49,Гр. Мельник 839,0
6654d5f1-72ae-476e-921a-04629ab87f04,НПУ,263,Передано в суд,2020-04-16,2021-05-15,Опер #53,Гр. Гончар 829,5
f56d230e-e720-498c-9900-ca3986f7efda,СБУ,307,Передано в суд,2025-11-06,2026-09-27,Опер #132,Гр. Мельник 290,15
e8891b08-67af-4c79-8461-8b5f0d0c5e93,НПУ,263,В работе,2025-10-28,2026-11-23,Опер #191,Гр. Иванов 908,11
06b3ba0e-8d05-4bcb-b1d7-9cc6e90efe83,НПУ,194,В работе,2021-09-25,2022-07-31,Опер #141,Гр. Коваленко 158,0
49038bd2-6729-4592-be1d-e82562315640,Прокуратура,289,Передано в суд,2024-02-07,,Опер #154,Гр. Сидоренко 839,0
7c6db723-bb45-428a-b5e0-11329ba886c3,Прокуратура,185,Ожидание экспертизы,2023-09-10,,Опер #17,Гр. Иванов 267,14
a31bc039-00ef-4631-9e62-85874f6fbd95,Прокуратура,307,В работе,2024-06-09,,Опер #25,Гр. Петров 212,11
0cbf354e-b90b-48ef-9fe6-0734a7316571,СБУ,187,Ожидание экспертизы,2021-09-04,,Опер #57,Гр. Иванов 553,5
173535ca-f56a-4a99-95ff-21f858b4cd07,НПУ,187,Ожидание экспертизы,2022-01-28,2022-07-13,Опер #6,Гр. Иванов 623,1
5a5de976-94a4-4201-a8e2-94825783a24f,НПУ,185,В работе,2021-06-23,,Опер #38,Гр. Коваленко 214,2
27c3f781-8e56-46a9-9fa7-448d3d40df38,НПУ,309,Ожидание экспертизы,2021-01-09,,Опер #187,Гр. Гончар 458,5
1868ecd4-59ee-495d-b441-b98f8ea66a01,СБУ,289,В работе,2022-05-19,,Опер #129,Гр. Гончар 176,3
d2fa49e6-ea68-41e3-b250-abc099ea7521,Прокуратура,263,Ожидание экспертизы,2020-07-08,2020-12-04,Опер #14,Гр. Петров 646,12
7c95c7e2-38ea-4d5b-8001-a19bad79805c,Прокуратура,187,Ожидание экспертизы,2021-02-24,,Опер #51,Гр. Иванов 164,8
a90e68e5-87e4-4870-bd53-ff00f4068725,СБУ,194,Передано в суд,2021-03-15,2021-07-27,Опер #58,Гр. Петров 836,9
5fa8b2fa-a963-4fc3-9e03-04597aae1ace,СБУ,307,Ожидание экспертизы,2022-02-08,,Опер #71,Гр. Мельник 329,8
dbce60d9-6b3a-4719-86d3-62235df255ca,НПУ,296,Закрыто,2022-02-23,,Опер #187,Гр. Петров 216,0
61542e9f-28fa-48cf-a113-0ade308be0af,НПУ,263,На розыске,2021-06-06,,Опер #101,Гр. Петров 590,15
ec2cdb33-a1b2-4457-bd38-6c7a21390b18,СБУ,121,На розыске,2024-05-20,,Опер #159,Гр. Коваленко 949,1
e290490d-eab7-4464-8927-2a5c9edba7cc,НПУ,309,В работе,2020-06-01,,Опер #74,Гр. Петров 565,2
03f2444d-15d4-4859-8d18-8fdf983448ec,СБУ,263,Закрыто,2020-04-21,,Опер #122,Гр. Гончар 669,13
064d1cc1-19b0-4830-9c8e-1b9d18bda46b,НПУ,187,Ожидание экспертизы,2021-08-11,2022-05-07,Опер #88,Гр. Иванов 838,7
51bb86a1-2ef2-4859-adfd-2b2199a65c90,НПУ,263,В работе,2025-03-17,,Опер #83,Гр. Петров 601,11
13495356-bba3-4bcb-ac47-b3f3115045fe,НПУ,187,Закрыто,2025-01-11,,Опер #164,Гр. Петров 536,0
d7446743-9931-419f-9f3f-c7ce642fc68e,НПУ,309,Закрыто,2021-03-02,,Опер #108,Гр. Сидоренко 657,11
73b5e2fd-2aac-4ace-a914-dd6b0380ab5a,Прокуратура,309,Закрыто,2025-08-05,,Опер #30,Гр. Гончар 127,8
70f4265c-76ca-4ffa-add9-357743546945,НПУ,194,Закрыто,2021-08-29,,Опер #131,Гр. Коваленко 731,0
954a0bc4-387b-4d5b-b58d-3838489d72fe,Прокуратура,263,На розыске,2025-05-26,,Опер #101,Гр. Сидоренко 878,10
8593e5eb-d9f6-4e2c-9bef-5a6be05d2e93,Прокуратура,296,Передано в суд,2023-11-20,2024-06-06,Опер #94,Гр. Сидоренко 592,8
34dc068f-4775-4eb4-814e-1bd43f25b869,НПУ,115,Закрыто,2023-07-18,2024-08-14,Опер #156,Гр. Коваленко 552,14
82d0cbe8-6fac-4f57-97aa-8a9c2a50bbfa,СБУ,187,Передано в суд,2024-03-06,,Опер #171,Гр. Гончар 993,6
ebe58323-44cc-4f88-b1e7-8156cc5b2759,СБУ,185,Закрыто,2024-07-28,,Опер #35,Гр. Иванов 241,14
2a6a8ca9-4b36-4c2b-be2b-a11f658015cf,Прокуратура,185,Ожидание экспертизы,2021-09-19,,Опер #146,Гр. Мельник 818,8
d85e021a-553f-4e33-993f-067f8bfd3136,Прокуратура,187,Ожидание экспертизы,2024-01-10,,Опер #115,Гр. Коваленко 408,2
6772fa73-8771-4b47-af27-3704fb8d28b7,НПУ,194,Передано в суд,2021-08-08,2021-11-28,Опер #67,Гр. Сидоренко 226,15
299f699b-c53c-4ec0-bf87-9026d140bdb8,СБУ,121,В работе,2020-03-24,2020-12-12,Опер #9,Гр. Гончар 338,11
217371f1-972a-41d6-ba22-fe14c40a2f8e,СБУ,187,Ожидание экспертизы,2021-07-31,2021-10-30,Опер #28,Гр. Коваленко 825,7
bdcf1db8-78cb-40bc-95f9-6ef58418ea85,НПУ,289,Передано в суд,2023-01-01,,Опер #127,Гр. Гончар 692,15
fdd2950a-ec48-46f1-9778-e2143b63cf3d,НПУ,121,Закрыто,2023-03-02,,Опер #150,Гр. Сидоренко 754,14
13dbecb3-6780-4537-929a-25cdc4fe47e0,НПУ,309,Передано в суд,2023-06-16,,Опер #148,Гр. Сидоренко 556,2
b5b63266-6469-42f1-af01-54701d451a3c,Прокуратура,309,В работе,2021-04-09,,Опер #150,Гр. Иванов 555,2
b4def003-f5ed-4b2e-ac91-bef9dc21e6fb,НПУ,187,На розыске,2025-07-19,,Опер #35,Гр. Коваленко 286,0
8a8006e3-6140-494d-8282-e7d0a32b063e,СБУ,263,На розыске,2025-04-04,,Опер #87,Гр. Гончар 621,2
10e831d0-8c25-471e-992f-a0ef75ed3139,СБУ,309,Ожидание экспертизы,2022-03-06,2023-03-19,Опер #95,Гр. Иванов 104,5
9a844cde-9d86-4fd1-8659-79f1c805f605,Прокуратура,296,В работе,2024-09-03,2025-01-30,Опер #78,Гр. Иванов 390,9
7ccee30b-2089-4a50-9dd6-b0bfeb6678ac,НПУ,307,Закрыто,2025-06-06,,Опер #5,Гр. Мельник 865,5
72a71fa8-c6cc-46b4-91fc-62cbd70adb8d,СБУ,289,На розыске,2023-06-24,,Опер #129,Гр. Иванов 767,3
9f3535f8-c907-46c6-8d07-d6109b2af95a,СБУ,289,В работе,2020-12-29,2021-02-23,Опер #83,Гр. Иванов 258,10
81f727d9-e206-498b-8adb-411b9e9d03bc,СБУ,185,Ожидание экспертизы,2024-12-14,2025-05-18,Опер #159,Гр. Коваленко 736,10
902296ca-7302-4941-8646-978b273d1279,СБУ,307,В работе,2022-08-24,2023-03-22,Опер #69,Гр. Коваленко 153,8
fa1c55ec-16f5-454b-92c4-78e86bb87d21,Прокуратура,115,Передано в суд,2023-11-17,,Опер #181,Гр. Мельник 680,3
fc79cb66-eb6e-46ce-b97e-d6374700c23e,СБУ,307,На розыске,2024-05-02,2025-04-26,Опер #63,Гр. Мельник 240,0
f065d877-df66-448b-8034-eb73fec29081,НПУ,263,На розыске,2025-06-29,,Опер #30,Гр. Сидоренко 638,6
0d918492-96f5-4acc-bbf4-2759c0824d1a,СБУ,309,Передано в суд,2021-04-17,2021-06-15,Опер #160,Гр. Гончар 730,11
e24e1385-7d94-4bc8-8abf-43b333f5c33a,Прокуратура,121,Передано в суд,2023-10-24,,Опер #170,Гр. Иванов 713,8
cb0bf9eb-e21e-4651-b9bf-58026668ba86,СБУ,307,На розыске,2025-06-29,,Опер #50,Гр. Иванов 697,8
b77a2669-32c0-4f80-ade5-03ae15c4d70a,НПУ,194,В работе,2025-09-09,,Опер #43,Гр. Коваленко 792,1
bea6013e-b1c7-48e6-bc15-94ada0f74807,СБУ,307,На розыске,2023-04-17,,Опер #166,Гр. Гончар 106,10
6d755f9c-47dd-42a3-a976-256b940d07e7,НПУ,115,Передано в суд,2023-01-03,,Опер #20,Гр. Петров 676,12
71749f05-31f4-4b40-b78a-4cb8b07b1deb,Прокуратура,121,В работе,2021-07-06,,Опер #55,Гр. Мельник 235,12
957f5ebe-5036-407d-91a2-f3c95bae04c0,НПУ,296,Передано в суд,2020-06-23,2020-07-19,Опер #155,Гр. Мельник 639,15
302ac217-f824-48ae-b371-a5036721d288,НПУ,115,Передано в суд,2022-03-21,2022-08-29,Опер #33,Гр. Гончар 781,12
c570c85b-8b42-4812-a479-0b4f94f546b5,Прокуратура,115,Передано в суд,2020-04-05,,Опер #170,Гр. Коваленко 691,9
8a1a17c3-1482-47c6-ac56-04dbf3420db4,НПУ,121,Передано в суд,2023-12-25,2024-06-28,Опер #24,Гр. Гончар 578,7
195e49e2-5c59-4551-810c-b3dc4a83017a,НПУ,263,В работе,2020-07-23,,Опер #55,Гр. Петров 686,14
ddf6d4a2-bb4d-4288-9ac8-9986bc40572c,Прокуратура,263,На розыске,2023-08-08,,Опер #65,Гр. Петров 989,12
60646475-dd1a-4a07-880a-445f754ff78f,СБУ,185,Передано в суд,2020-03-31,2021-04-02,Опер #197,Гр. Коваленко 378,6
bf555c07-1a5d-4d1e-8370-bf86cfc4f8b3,НПУ,121,Закрыто,2024-04-10,,Опер #36,Гр. Иванов 821,4
341056da-62c2-4c47-8e21-5b4787971075,СБУ,307,Ожидание экспертизы,2023-05-05,,Опер #56,Гр. Коваленко 214,9
c40ed655-36bb-4049-a7e9-c5550deef7ed,НПУ,121,Ожидание экспертизы,2023-04-14,,Опер #44,Гр. Коваленко 823,6
f77fc3ed-2244-402c-84e4-e8bad4e44812,СБУ,309,В работе,2024-02-19,,Опер #36,Гр. Петров 956,8
ecfee4ea-2231-4b82-ace9-fe1fd350c90a,СБУ,115,На розыске,2022-03-02,,Опер #42,Гр. Иванов 288,6
d5797c18-3c55-4982-85ea-e43c9a00afd5,СБУ,307,В работе,2024-07-11,2024-10-27,Опер #165,Гр. Петров 675,1
3df9dd49-b8c5-4848-b167-d1dbcc6a1f24,СБУ,307,Передано в суд,2021-05-21,,Опер #63,Гр. Мельник 108,1
27dbe839-7eac-4543-bcf5-dacc81fd5e69,Прокуратура,309,Ожидание экспертизы,2022-03-16,,Опер #139,Гр. Гончар 385,14
c52e35fd-63c8-4d98-b85f-9c78b1484db0,НПУ,289,Закрыто,2022-11-20,2023-09-21,Опер #20,Гр. Сидоренко 475,0
54d88931-e0ca-4681-b14e-f1a588785ae6,НПУ,187,Передано в суд,2020-06-11,2020-10-24,Опер #90,Гр. Петров 885,4
76a7e0ee-b098-45b3-a48e-96744e64fce1,Прокуратура,307,Передано в суд,2020-05-10,,Опер #139,Гр. Иванов 588,3
7ced77d7-9099-4f30-a371-e41ab4f41569,СБУ,263,Ожидание экспертизы,2023-01-22,2023-03-30,Опер #25,Гр. Сидоренко 478,2
50dc6fd0-54c2-4d8a-a999-684d8b837b6c,СБУ,194,Ожидание экспертизы,2021-01-02,,Опер #148,Гр. Коваленко 145,2
3eadf2eb-9a65-4f72-847c-b1ba2bb99665,Прокуратура,289,В работе,2022-12-23,2023-09-06,Опер #178,Гр. Иванов 694,12
58527b66-4896-4337-8465-4bed3af8a010,Прокуратура,115,На розыске,2021-01-19,,Опер #67,Гр. Сидоренко 254,4
e9faca44-0080-4108-8a5a-3fa6945f0d08,НПУ,121,В работе,2023-02-12,2023-12-02,Опер #175,Гр. Петров 495,9
68112469-7287-41b0-8ed4-5e27b9af895a,НПУ,115,Закрыто,2025-08-25,,Опер #76,Гр. Петров 916,5
fc52018d-5d26-4728-8f29-0a3aed89efaa,Прокуратура,307,Передано в суд,2021-12-25,,Опер #152,Гр. Петров 152,8
d0e5f91d-ad7d-4e93-98d1-f3951eb8c1d4,Прокуратура,309,На розыске,2023-11-12,2024-11-26,Опер #145,Гр. Иванов 801,6
ec00ccca-f6ee-4592-89c3-3948fadb0440,НПУ,187,На розыске,2023-11-26,2024-10-26,Опер #104,Гр. Иванов 641,9
6c9cca75-c81a-426b-8eb9-a912637657c9,СБУ,307,Ожидание экспертизы,2025-04-24,,Опер #35,Гр. Сидоренко 184,4
0cc3f627-9b65-40e7-bf2d-62c99737af38,СБУ,115,В работе,2025-02-24,,Опер #21,Гр. Петров 991,11
7c3b60f7-dea8-45e8-9739-b8e9e2d851ac,Прокуратура,307,В работе,2023-05-17,2024-05-17,Опер #53,Гр. Гончар 558,9
f95f6326-3fae-4547-88a9-f4876363355a,НПУ,121,В работе,2022-03-10,,Опер #94,Гр. Сидоренко 292,14
f2cd8150-668d-42d4-b1d6-bb16974ede2a,НПУ,121,На розыске,2024-02-05,2025-02-19,Опер #53,Гр. Сидоренко 798,14
b2e4ed69-020c-4b4d-95cf-7432a0979ee5,НПУ,296,На розыске,2020-01-20,2020-03-07,Опер #7,Гр. Гончар 350,14
4a5855b3-c292-4218-b37d-d4ac2c98c811,Прокуратура,187,Закрыто,2023-02-25,2023-05-26,Опер #151,Гр. Гончар 409,14
7edc8ef9-5daa-4199-b347-a58dd45d6f75,СБУ,309,Закрыто,2024-09-25,2024-10-03,Опер #19,Гр. Петров 555,3
26048fbc-d39f-439e-baea-521eeb4dff94,НПУ,289,На розыске,2021-09-01,,Опер #172,Гр. Иванов 869,14
4c232856-b06e-40aa-b3fa-3e0cba2c1a4b,НПУ,307,В работе,2024-10-08,2024-12-22,Опер #25,Гр. Гончар 400,15
f37d4e0f-8b14-4100-9207-27e6d90f1ec4,СБУ,194,В работе,2021-05-04,,Опер #114,Гр. Коваленко 340,4
6d94b6cb-a402-486a-8587-9ea86c7789ca,НПУ,307,Передано в суд,2022-12-07,2023-03-23,Опер #15,Гр. Иванов 551,14
f4a49636-2938-46d4-8bd4-b2dd5ca9e881,Прокуратура,296,Передано в суд,2022-07-04,2022-11-01,Опер #167,Гр. Иванов 460,6
e72711df-929c-4cca-b06c-09dffb744851,СБУ,115,Передано в суд,2022-06-02,2022-06-18,Опер #62,Гр. Иванов 212,15
0da25f39-cb41-4324-bc81-e382f925b74b,Прокуратура,194,Ожидание экспертизы,2020-04-13,,Опер #42,Гр. Мельник 241,12
3d864f39-088e-4c2f-85c8-b25e6d44f31b,СБУ,309,Ожидание экспертизы,2023-01-24,2023-01-25,Опер #55,Гр. Иванов 397,11
160e7760-74d9-4047-95af-3ae079f70361,НПУ,263,В работе,2020-08-05,,Опер #200,Гр. Петров 336,6
e9514043-79c1-4c98-bf14-c62bd9177b4e,СБУ,309,Закрыто,2025-05-15,,Опер #66,Гр. Мельник 136,15
c4ecf638-8a95-4973-b8bb-d841600c3575,НПУ,307,На розыске,2021-02-12,,Опер #79,Гр. Гончар 971,12
f0a69fbe-8762-4929-8036-12a919e8e1e6,СБУ,309,Передано в суд,2022-12-15,,Опер #47,Гр. Сидоренко 315,12
8187b01b-a6ab-4dd8-b919-0656167dd647,Прокуратура,296,Закрыто,2022-08-11,,Опер #93,Гр. Гончар 119,5
9b6e2d49-63c8-4321-a6a6-7a952c3185a2,СБУ,187,В работе,2023-05-09,2023-12-19,Опер #35,Гр. Гончар 370,10
91de0675-1a67-40cd-9fdd-554f79dfecab,СБУ,187,На розыске,2024-08-24,,Опер #161,Гр. Гончар 823,5
5910bfb6-afb4-4632-a946-1b885e5b4d1f,СБУ,309,На розыске,2022-04-16,2022-05-10,Опер #35,Гр. Мельник 329,10
a0277f9a-19bc-4737-a1ff-88326e8cf99d,Прокуратура,296,Ожидание экспертизы,2020-05-31,,Опер #172,Гр. Мельник 556,7
d282fe0c-58da-42ad-ab43-9366e1c3d3ac,СБУ,115,Закрыто,2020-10-29,,Опер #177,Гр. Сидоренко 849,6
b6e4f946-c1ef-4a59-ad0b-7e863b535370,НПУ,121,Ожидание экспертизы,2025-08-07,2025-09-07,Опер #11,Гр. Коваленко 535,14
6b3b05ad-a41a-4dce-9a31-7657941b0870,Прокуратура,115,Ожидание экспертизы,2023-03-10,,Опер #20,Гр. Гончар 247,14
9568bb33-cf0a-4650-a47e-53be9073ff59,СБУ,309,В работе,2021-03-15,,Опер #21,Гр. Сидоренко 154,5
d0085704-b9d6-42c3-8499-be79abcac834,НПУ,187,Ожидание экспертизы,2023-10-20,,Опер #141,Гр. Мельник 180,3
8e745d75-2a98-48a3-9005-6ed25e8b91ff,СБУ,115,В работе,2021-06-21,2021-08-14,Опер #9,Гр. Иванов 300,9
8c6c0185-496d-44f3-aad3-f2a5aca700f0,НПУ,309,Закрыто,2025-01-15,2025-04-26,Опер #70,Гр. Мельник 635,13
9d9072fe-1105-4a86-be53-18e3074cb0cd,НПУ,185,На розыске,2020-12-13,2021-01-26,Опер #166,Гр. Коваленко 495,13
4a4d4b03-0f0d-46d2-8e93-7f31acc3f749,НПУ,296,Ожидание экспертизы,2020-01-27,2020-06-25,Опер #60,Гр. Иванов 208,11
e59c577c-0a8c-47d1-990a-d8de8a347923,СБУ,289,Закрыто,2021-08-18,,Опер #28,Гр. Иванов 894,0
bc909185-f25e-487b-82a5-57ece7d32227,Прокуратура,185,На розыске,2021-10-10,2022-07-04,Опер #42,Гр. Коваленко 655,0
75c81912-48cb-4fe4-8a9a-48133668f7e2,НПУ,115,На розыске,2021-09-25,,Опер #173,Гр. Гончар 160,12
34259d44-196f-4edc-8091-77b363aad67f,СБУ,115,На розыске,2020-10-17,2021-09-21,Опер #80,Гр. Иванов 624,8
478ce5a8-57ee-4517-9f49-3f33883cbdd4,СБУ,309,В работе,2021-09-17,2022-04-05,Опер #74,Гр. Сидоренко 126,8
2b79cf4f-e23a-4c2c-a7d6-2eb207fa9530,НПУ,309,Ожидание экспертизы,2022-01-21,2022-05-29,Опер #29,Гр. Коваленко 404,14
610b383e-7bf1-45bd-84a5-5bd2f6828db9,Прокуратура,307,Ожидание экспертизы,2022-02-28,2022-06-13,Опер #183,Гр. Гончар 710,4
320556b5-6654-429c-ae96-d839497ebaa1,НПУ,289,Ожидание экспертизы,2021-01-07,2022-01-21,Опер #125,Гр. Коваленко 799,4
b06a9060-995a-4f34-81b1-4e3836648085,НПУ,185,На розыске,2025-02-03,2025-09-20,Опер #182,Гр. Гончар 781,10
bde3f62f-22ad-4b9a-a7b1-227c2441f0a6,Прокуратура,185,Ожидание экспертизы,2025-01-28,,Опер #120,Гр. Мельник 902,14
2ec40789-e405-4e6b-94d0-d40811a9174c,Прокуратура,115,В работе,2022-09-05,,Опер #28,Гр. Мельник 436,15
fc0db61d-d4e8-4a1f-92dd-ad1fccbba2b7,СБУ,263,Передано в суд,2020-06-14,,Опер #161,Гр. Коваленко 264,10
62cc74d0-b162-441f-84f7-4e6745e2651f,Прокуратура,307,Закрыто,2023-08-16,2023-08-27,Опер #57,Гр. Гончар 460,4
be777731-6e3c-42b3-a90f-fbdbcf72ba51,СБУ,194,Передано в суд,2022-10-03,2023-03-23,Опер #73,Гр. Коваленко 657,12
f73d0d67-058a-4b9c-96a1-48a514365bb4,СБУ,185,Закрыто,2025-09-12,,Опер #5,Гр. Петров 201,5
71a7bad3-d9c6-4974-8bd7-0a31ec86f6cc,СБУ,307,Закрыто,2023-06-17,2024-06-16,Опер #94,Гр. Сидоренко 789,14
f49e37fb-2c7f-41b6-8af3-d633c9ec0145,СБУ,187,Ожидание экспертизы,2025-05-14,,Опер #90,Гр. Коваленко 621,2
9db8c0b1-d743-40a2-b882-f5b18755a390,Прокуратура,307,Ожидание экспертизы,2020-09-18,,Опер #107,Гр. Коваленко 282,10
1573254c-41c8-4549-a746-0d0d206b968b,Прокуратура,187,В работе,2024-10-12,2025-01-24,Опер #100,Гр. Коваленко 477,0
32b4abea-ea6d-4885-a06d-0ace48fa1476,СБУ,309,В работе,2022-11-01,2023-08-07,Опер #96,Гр. Гончар 213,13
e088aab8-a242-4e91-be45-ce64cefe973e,Прокуратура,194,Передано в суд,2025-09-09,,Опер #129,Гр. Гончар 174,6
bce4a142-4e7e-43c1-a473-826a839c18a7,СБУ,187,На розыске,2023-01-22,,Опер #200,Гр. Гончар 307,7
66297501-3aad-47f1-ba01-cb2918e2e452,НПУ,309,Передано в суд,2023-12-19,,Опер #53,Гр. Гончар 836,6
09da10b4-1078-4592-a9e4-26b34ef0d478,СБУ,309,Передано в суд,2021-03-27,,Опер #140,Гр. Гончар 557,3
58ac1e97-2dd2-4f5c-bac4-64b86f8b23b8,Прокуратура,309,На розыске,2025-01-23,2025-10-23,Опер #84,Гр. Гончар 726,9
810f58a6-176f-4407-9b01-c8b4497f8183,НПУ,185,Ожидание экспертизы,2021-03-19,,Опер #129,Гр. Иванов 224,6
33ca8e37-6682-4c12-a774-41512becbcbd,Прокуратура,307,На розыске,2023-11-07,2024-07-30,Опер #133,Гр. Сидоренко 562,14
706962fb-8212-4be8-9919-688349aa279b,Прокуратура,289,Ожидание экспертизы,2024-04-05,2024-06-10,Опер #106,Гр. Коваленко 121,9
7d29fa97-15a3-434b-b254-37a9b2e2ff2b,СБУ,115,Закрыто,2021-09-12,2022-07-31,Опер #187,Гр. Сидоренко 245,9
c027bf52-9246-4329-aee9-f144299a2ec0,НПУ,194,Ожидание экспертизы,2022-06-18,,Опер #189,Гр. Петров 174,9
222aa504-3c0e-4254-81ed-685b8b14451f,НПУ,263,В работе,2020-08-25,,Опер #34,Гр. Гончар 769,3
eec9029f-1a1b-4fb2-bb35-a1ac77e276e5,НПУ,115,Закрыто,2024-12-30,2025-11-25,Опер #53,Гр. Гончар 815,11
2b5449de-2690-4ab3-b94c-f2dd0abb9529,СБУ,309,Ожидание экспертизы,2022-12-03,,Опер #115,Гр. Мельник 175,7
5ce61ce6-0364-43d4-83c4-871b2fe45697,НПУ,115,Закрыто,2020-03-18,,Опер #93,Гр. Мельник 683,12
72e19909-5fe6-4daf-a737-a1c3d9430475,НПУ,185,На розыске,2024-05-04,,Опер #138,Гр. Иванов 407,5
24119fb7-ce77-43b5-907f-8fd804beae51,Прокуратура,289,На розыске,2023-09-15,2024-03-11,Опер #8,Гр. Сидоренко 339,12
2186a510-34ff-448d-9c37-a90add8bafca,СБУ,309,Передано в суд,2024-11-02,,Опер #159,Гр. Петров 904,10
b9e61608-b4b9-4406-8964-602a362c0046,СБУ,194,Передано в суд,2020-02-29,2021-03-28,Опер #103,Гр. Петров 404,2
d0eab88d-5d0f-41d7-94dc-8d00e8a347d4,НПУ,121,Закрыто,2022-08-30,,Опер #2,Гр. Иванов 217,1
23df2c99-ec9e-4790-8450-9a154246eea8,СБУ,194,Передано в суд,2022-09-08,,Опер #76,Гр. Петров 802,13
6bebc6fa-e88a-4edc-a04c-ffb0d5e3d30c,Прокуратура,185,На розыске,2022-07-25,,Опер #190,Гр. Гончар 882,10
706ea269-a10a-42fc-bc8a-af46dd8e975a,Прокуратура,185,Передано в суд,2021-07-16,,Опер #195,Гр. Коваленко 267,2
a9a76469-e7e4-4536-ac11-ca7ab46625df,Прокуратура,185,В работе,2025-03-05,,Опер #105,Гр. Иванов 520,1
d83fefdd-50ad-45c4-a942-f3bd374bf662,Прокуратура,194,Ожидание экспертизы,2024-07-01,,Опер #48,Гр. Иванов 923,14
a56ee429-2967-47df-a1d1-6bb17acf7021,НПУ,296,В работе,2023-06-24,,Опер #123,Гр. Петров 173,6
f8d1f125-af16-4dfa-9f63-f38f82fcc753,СБУ,307,Ожидание экспертизы,2024-10-28,,Опер #101,Гр. Гончар 527,6
b898acca-2356-437a-bb9e-e2df06075086,Прокуратура,289,На розыске,2025-07-02,,Опер #50,Гр. Коваленко 535,9
137b0af6-54e3-487d-b560-dc82641a3160,НПУ,185,На розыске,2023-09-11,,Опер #80,Гр. Мельник 138,1
9696d2e7-e229-498d-a2be-92430dc34c39,Прокуратура,289,Передано в суд,2020-07-18,2021-03-01,Опер #153,Гр. Гончар 957,12
10d6dbaf-f851-49ed-81d1-d8a322bbe511,СБУ,296,На розыске,2021-11-07,2022-06-28,Опер #61,Гр. Петров 545,14
ff889665-56f0-4f53-b217-1c8e099c5845,Прокуратура,289,Ожидание экспертизы,2024-11-03,,Опер #172,Гр. Мельник 605,14
3b6baca7-159b-450e-b56c-0cb7ea5c7cd5,Прокуратура,115,На розыске,2020-11-17,,Опер #18,Гр. Гончар 733,5
34ab2f7b-9c6b-42b5-b123-7bad351eff3e,НПУ,121,Передано в суд,2020-11-10,,Опер #143,Гр. Петров 460,10
9aaaf344-b33a-4438-a679-9df8d6059ff2,СБУ,263,Закрыто,2022-06-04,2022-09-10,Опер #115,Гр. Петров 672,3
dfda8ef2-1c83-4e06-80ea-c542f2ee1dcc,НПУ,296,На розыске,2022-08-01,2023-04-18,Опер #171,Гр. Мельник 100,15
69273fc5-be29-460e-b3c0-f8251c68a9c2,НПУ,263,На розыске,2024-03-13,2025-03-24,Опер #77,Гр. Гончар 878,5
43061b07-e62f-471d-af59-22b317dc351f,НПУ,307,Ожидание экспертизы,2022-08-09,,Опер #88,Гр. Иванов 235,1
7c9b02f3-17fc-42d5-9964-423ab38c53d1,СБУ,309,В работе,2022-01-15,,Опер #28,Гр. Гончар 213,13
1c2a2d6f-188b-4204-a2c7-ffe4dda324ee,Прокуратура,115,На розыске,2022-10-02,,Опер #180,Гр. Иванов 541,7
b31a1bb8-d057-487d-ac7a-0efd0904710a,НПУ,263,В работе,2021-08-17,,Опер #187,Гр. Гончар 329,9
2b08de2f-6113-4a04-95ec-d2084be562dd,Прокуратура,263,На розыске,2023-08-13,,Опер #23,Гр. Петров 978,9
d1e1e318-4706-4cc9-a9b6-f0aa452a594e,Прокуратура,309,На розыске,2025-06-15,,Опер #140,Гр. Мельник 457,4
f30f793d-5910-41ab-a92c-b576515c9e9f,НПУ,296,Передано в суд,2021-01-11,,Опер #187,Гр. Иванов 240,11
5c907d98-2435-41f9-a9c8-ef004a8caa8b,Прокуратура,263,Закрыто,2022-03-07,2022-10-25,Опер #94,Гр. Иванов 586,11
bd981c11-5251-4acf-b5b1-1c06e11fc461,СБУ,185,Ожидание экспертизы,2024-12-30,,Опер #36,Гр. Мельник 409,3
23e3bc1c-0227-4935-a57e-019c6eff18e8,Прокуратура,309,Передано в суд,2021-08-16,,Опер #115,Гр. Гончар 885,9
8a3e8ecd-e79c-4c33-bfec-8c9b79e9103a,Прокуратура,115,Ожидание экспертизы,2022-09-06,,Опер #152,Гр. Коваленко 898,9
ad01586a-a999-43a2-aeb3-f7288067ae01,Прокуратура,121,В работе,2020-12-30,2021-10-07,Опер #161,Гр. Коваленко 949,5
f3da6231-1123-4cf7-9542-71b99712736a,СБУ,289,Закрыто,2024-11-14,2025-01-07,Опер #11,Гр. Коваленко 223,13
e682b09d-d6f9-499e-a80b-f203c8f11a32,СБУ,263,В работе,2022-09-11,2023-09-25,Опер #27,Гр. Сидоренко 558,13
23f37d34-0bd9-4c32-a286-cbdebb3a75e4,СБУ,309,Передано в суд,2024-12-25,2025-11-24,Опер #124,Гр. Коваленко 416,15
7e23bf25-76cb-47f6-8790-095aa1ecbc4a,НПУ,263,На розыске,2023-05-02,2023-12-20,Опер #33,Гр. Мельник 816,5
8c463368-a352-4a1b-b39f-f57675af821e,Прокуратура,307,В работе,2024-07-18,2024-12-13,Опер #158,Гр. Коваленко 565,0
e8de8d2d-2a82-456b-9f4f-0c2ad141f1f5,НПУ,309,Закрыто,2021-10-15,,Опер #131,Гр. Иванов 368,6
517f87fd-ac35-4982-aa94-32c1f83fede4,СБУ,309,Передано в суд,2022-09-12,2022-12-27,Опер #124,Гр. Петров 841,12
331423af-a14e-4aea-aea4-dad129d12c67,НПУ,309,Передано в суд,2024-06-09,,Опер #165,Гр. Мельник 332,7
a67bb995-40e1-40fa-81eb-d6a6a062e7fd,СБУ,289,На розыске,2023-04-30,,Опер #25,Гр. Гончар 620,0
7e04ec40-1460-4f09-b8d2-5d508b88a805,Прокуратура,121,Передано в суд,2024-03-07,,Опер #168,Гр. Коваленко 268,7
e8faa650-f05f-44bc-aeaf-ac02c08386e8,СБУ,307,Ожидание экспертизы,2022-11-10,,Опер #25,Гр. Петров 925,13
dd5b07e2-d106-464f-9925-76918413d919,СБУ,194,В работе,2024-10-29,2025-01-16,Опер #65,Гр. Мельник 455,0
b4d288d4-ece9-4b5f-bb30-3bda2bca36b6,СБУ,309,В работе,2021-08-20,,Опер #9,Гр. Коваленко 730,11
060984e0-b92c-4650-9387-996ca9853be2,СБУ,296,В работе,2021-05-14,,Опер #149,Гр. Мельник 539,0
418c57b6-9d65-48d7-a063-e3e720fb7506,НПУ,309,Ожидание экспертизы,2022-01-29,2022-05-02,Опер #198,Гр. Гончар 616,10
d5177780-82a7-4758-bdfc-5e876a5ea0c3,СБУ,185,На розыске,2021-05-01,,Опер #190,Гр. Иванов 683,9
0cecaf51-b1c8-41cd-bef8-a92214b95d3c,НПУ,115,Ожидание экспертизы,2020-03-25,,Опер #164,Гр. Петров 531,13
3cafa765-69e3-40c9-8575-dfafd27b6dcc,Прокуратура,121,Закрыто,2023-01-12,2023-03-19,Опер #41,Гр. Иванов 865,11
a511dc94-8641-42d6-a20e-484c4a2e2443,НПУ,296,На розыске,2022-12-17,2023-03-13,Опер #159,Гр. Иванов 789,11
50228162-9002-4f14-9ae7-fe4392ba3e90,НПУ,263,Закрыто,2022-01-27,,Опер #68,Гр. Мельник 987,4
d676c5f3-c0c1-4d67-8fcd-df044f8aeae5,СБУ,289,На розыске,2020-03-20,2020-12-09,Опер #50,Гр. Мельник 150,14
0bda56e8-b031-48a5-a918-96259bf70d73,НПУ,187,Передано в суд,2021-02-21,2021-12-01,Опер #99,Гр. Петров 509,3
17d30abb-0593-4995-8956-08eecc24d89c,Прокуратура,263,Закрыто,2023-04-14,2023-09-14,Опер #194,Гр. Гончар 738,11
770b6bcc-df26-43a1-84b6-461b42f71e81,СБУ,263,На розыске,2021-07-12,,Опер #77,Гр. Коваленко 107,13
f4164bbb-17af-4c33-9bd3-dc7b1a46be7f,СБУ,307,В работе,2022-06-25,2023-06-15,Опер #190,Гр. Сидоренко 916,4
09453fd1-7b15-45e6-9499-24b47cf66ca0,НПУ,115,На розыске,2020-02-08,,Опер #130,Гр. Иванов 260,12
9a859845-adb9-48eb-8ead-7a080121c011,Прокуратура,187,На розыске,2021-08-18,2022-05-11,Опер #39,Гр. Сидоренко 879,1
5a8b2bea-8c3c-4f89-bde9-14b877d05831,Прокуратура,115,Ожидание экспертизы,2021-06-05,,Опер #30,Гр. Петров 967,4
98a5885c-efce-424e-80bc-58991b08c2e3,СБУ,307,В работе,2023-10-17,,Опер #133,Гр. Мельник 474,7
0b5f4f16-26b3-4630-bd6f-54fcc6e04907,Прокуратура,121,Ожидание экспертизы,2021-03-25,,Опер #50,Гр. Гончар 672,5
46a7328a-7a72-49ef-893d-5709b407731f,СБУ,263,На розыске,2025-03-22,2025-04-04,Опер #10,Гр. Мельник 684,14
eaf03961-7a58-4c2a-8b7d-7fc83845c788,Прокуратура,185,Закрыто,2024-04-17,2024-07-11,Опер #178,Гр. Коваленко 618,13
79045df2-208f-4c98-afff-ca656cae5b5b,СБУ,309,Передано в суд,2024-03-07,,Опер #192,Гр. Сидоренко 714,4
07a103e9-7a12-483a-908d-7119e16b6a8b,Прокуратура,121,На розыске,2023-02-02,2023-10-06,Опер #192,Гр. Иванов 661,12
1635df02-ceb1-4d2a-9bf7-f1853c8d9fd5,НПУ,296,На розыске,2020-08-26,2020-09-23,Опер #146,Гр. Мельник 296,15
c83a2813-161d-44d8-931f-0156ccdf0da7,СБУ,309,Закрыто,2021-10-05,2022-03-31,Опер #67,Гр. Сидоренко 335,8
7009a9be-f83b-4566-ba3e-90a10a381839,СБУ,309,Передано в суд,2025-03-02,,Опер #167,Гр. Петров 204,7
5d3fed11-7fe4-4bc5-8359-48c43497d534,Прокуратура,194,Передано в суд,2023-02-01,,Опер #184,Гр. Петров 315,8
11d99b46-c783-4329-be0d-ab5e3bee9e1e,Прокуратура,289,Передано в суд,2025-09-09,,Опер #36,Гр. Коваленко 847,10
9946a97f-51f5-42e0-818c-9e6e9419a4f7,Прокуратура,121,Передано в суд,2022-11-17,,Опер #2,Гр. Мельник 403,11
0b31acbd-c42a-4d00-98a2-594fd6083cc0,СБУ,289,На розыске,2023-03-02,,Опер #177,Гр. Иванов 150,12
2c5404ee-ea2a-4c76-aa85-974e96b6e20e,СБУ,187,В работе,2022-12-08,2023-04-12,Опер #62,Гр. Петров 552,6
ff7432de-733c-4004-9cd5-7756f6158793,НПУ,121,Передано в суд,2021-08-09,,Опер #42,Гр. Гончар 727,3
3a6983be-69bd-40b4-92d2-1a7d220ea1c5,СБУ,296,Ожидание экспертизы,2020-01-26,2020-07-10,Опер #182,Гр. Коваленко 251,13
156f33b6-45d0-4457-a6da-d15465565acb,НПУ,307,Закрыто,2025-06-09,,Опер #150,Гр. Петров 571,13
6ae836e5-077a-406e-96b5-d9648cec4edd,Прокуратура,121,Закрыто,2023-06-27,,Опер #70,Гр. Иванов 914,3
76992cd8-ecda-4f30-9440-6927d4d044f9,Прокуратура,194,На розыске,2020-07-11,,Опер #144,Гр. Мельник 277,15
6a8f7069-c585-4a49-8b82-042004005be3,Прокуратура,296,В работе,2021-09-26,,Опер #19,Гр. Мельник 939,0
0719480a-2337-42f3-b902-9557c8efc54e,СБУ,289,В работе,2025-09-29,,Опер #115,Гр. Сидоренко 907,1
4be09291-a83c-4330-ad52-8f86a1ea5010,Прокуратура,307,На розыске,2025-06-15,2025-09-28,Опер #169,Гр. Мельник 621,11
7209a485-9a42-43a5-80a3-684262b57390,Прокуратура,263,На розыске,2023-09-21,,Опер #132,Гр. Коваленко 687,14
bd508657-898c-4a63-871e-e3e7c2b67154,Прокуратура,194,Ожидание экспертизы,2021-09-20,2022-03-01,Опер #47,Гр. Коваленко 354,6
55a1871d-8bab-44b9-b9e2-2ccb6a75fea7,Прокуратура,309,На розыске,2024-07-30,,Опер #49,Гр. Коваленко 688,2
703cb6ae-371f-4770-b69a-005e9b934471,Прокуратура,185,В работе,2023-06-12,,Опер #6,Гр. Коваленко 689,4
a9bf49b9-ede8-49c0-9c88-5b4bb7d850f7,Прокуратура,185,На розыске,2022-01-27,2022-04-08,Опер #68,Гр. Гончар 142,9
1fc732a4-c9c5-4081-80c9-85e6a70c5d48,СБУ,194,В работе,2022-11-09,,Опер #136,Гр. Коваленко 259,1
bbfa40b1-a6bd-4fc3-bbd8-0add53f7e4f8,СБУ,307,Закрыто,2022-10-25,,Опер #179,Гр. Мельник 997,10
5629ea41-ef4d-4277-90d6-4d0072e3e10d,НПУ,263,В работе,2020-11-19,,Опер #98,Гр. Сидоренко 410,11
9ccd0566-629a-4427-9f4a-cba93fc6066a,НПУ,309,В работе,2023-01-22,,Опер #23,Гр. Мельник 343,2
86cfb32a-fb66-47b2-b3ac-956966354b12,СБУ,309,Передано в суд,2023-05-10,2023-12-11,Опер #32,Гр. Коваленко 373,10
3625bb29-faa5-4f97-8623-e3748f545512,Прокуратура,263,Ожидание экспертизы,2020-11-04,,Опер #135,Гр. Иванов 822,10
46502711-f1fd-4740-8126-d81ab1287167,СБУ,263,Передано в суд,2021-06-25,2021-10-14,Опер #176,Гр. Мельник 975,15
fb57e55d-f2a0-49fb-b64e-4fe90db8ccda,НПУ,289,Ожидание экспертизы,2022-10-21,2023-11-04,Опер #37,Гр. Коваленко 219,15
6483c459-e9e7-4a7d-bfd9-f047537a8ee4,НПУ,263,Передано в суд,2021-04-24,,Опер #57,Гр. Коваленко 101,6
99649c36-26d8-4414-94f5-2fc0cf34199f,Прокуратура,185,В работе,2023-06-14,,Опер #80,Гр. Иванов 290,14
155cb7a5-29c1-4a91-bd8f-5bc0dd29239e,НПУ,289,Ожидание экспертизы,2021-02-10,2021-03-07,Опер #70,Гр. Петров 211,8
d799d4cf-0bc3-40c4-bc92-6fec3428bb51,НПУ,185,Передано в суд,2022-10-10,2023-04-29,Опер #51,Гр. Мельник 616,15
3d35f2fb-f198-44d1-bfe1-53c600cf1c4d,НПУ,296,Ожидание экспертизы,2021-05-11,2021-07-31,Опер #80,Гр. Сидоренко 275,12
c4ce5bfe-acac-4c8d-8810-5c07c6f71efc,Прокуратура,194,Передано в суд,2020-01-17,2020-12-06,Опер #81,Гр. Петров 903,7
b01ffbb1-053d-44de-9a93-a6881b202117,Прокуратура,307,Ожидание экспертизы,2025-10-19,2026-07-01,Опер #186,Гр. Петров 639,1
80ee60b6-da67-421b-90b9-0e68517afed5,СБУ,289,Ожидание экспертизы,2020-04-16,,Опер #21,Гр. Мельник 462,8
3445b7ea-51e7-4ce6-b66d-18c796a9100a,Прокуратура,289,Передано в суд,2023-11-19,2024-09-06,Опер #164,Гр. Коваленко 968,0
a769da2b-14dc-476d-9a84-7f5a63fae28d,Прокуратура,115,Ожидание экспертизы,2024-12-09,2025-10-06,Опер #142,Гр. Иванов 785,8
e45a67b2-92b2-4e2c-ab37-d47575cdc293,НПУ,187,Ожидание экспертизы,2024-02-23,,Опер #34,Гр. Сидоренко 506,0
de9305da-5cdc-4568-a2df-91f0f041617a,СБУ,296,В работе,2021-07-13,,Опер #161,Гр. Иванов 718,15
cb4ff4e0-bbdb-47c9-87cc-d4914e5f0767,Прокуратура,296,Закрыто,2024-10-31,2025-10-26,Опер #87,Гр. Мельник 131,5
76f1a45f-024d-4ade-906a-ce639a174f1d,Прокуратура,263,Ожидание экспертизы,2023-07-19,,Опер #174,Гр. Гончар 398,13
793a3932-37bd-4c1b-b5c3-cb128abd1279,НПУ,263,Ожидание экспертизы,2022-05-24,2022-10-06,Опер #166,Гр. Мельник 989,10
13e5ecc0-a2c6-4dae-abbd-2cd34c20451c,НПУ,121,Передано в суд,2023-03-08,,Опер #52,Гр. Гончар 524,12
56d5e9d2-d4e1-4ddd-9310-87751981c0ce,СБУ,185,Закрыто,2023-01-25,,Опер #67,Гр. Мельник 882,11
d22d472a-4e3f-45ee-a5b9-e06e160c8937,СБУ,307,Передано в суд,2020-05-17,2021-02-10,Опер #84,Гр. Сидоренко 462,0
4151763b-49e0-431d-8959-0a12516376fc,Прокуратура,194,Закрыто,2021-09-27,,Опер #185,Гр. Коваленко 827,14
bae203dd-cc3e-4611-a3e0-6586a896ba7d,НПУ,194,Передано в суд,2022-03-14,,Опер #199,Гр. Петров 115,10
f1df89fa-26a6-4a5a-8b46-0e1e1095a1b8,НПУ,185,Закрыто,2020-05-24,,Опер #79,Гр. Сидоренко 457,7
c7322800-40a6-455b-b7d2-a585bebd6694,СБУ,115,Передано в суд,2022-02-12,2022-09-24,Опер #27,Гр. Иванов 789,0
d232257b-96c4-4bd6-b528-27e396e691f0,Прокуратура,307,Закрыто,2023-06-02,2024-05-06,Опер #1,Гр. Петров 181,14
3a787b68-a3f3-4de2-a3a0-1e46c26feafc,СБУ,121,На розыске,2020-01-11,,Опер #53,Гр. Мельник 979,6
ac5d60f5-4f97-4f6e-8f41-99681140c196,СБУ,185,На розыске,2022-01-05,,Опер #81,Гр. Мельник 146,2
b4b7d74f-4603-4b02-921c-37670da24157,НПУ,194,На розыске,2025-11-23,2026-05-04,Опер #55,Гр. Иванов 232,7
76441340-2632-4131-ae68-b21ae7088dbf,Прокуратура,194,На розыске,2024-11-22,,Опер #127,Гр. Петров 664,9
d191d8bc-020e-4047-a0d6-3117961dc1c8,СБУ,263,Передано в суд,2024-09-08,,Опер #107,Гр. Мельник 604,4
21210375-4ee5-4114-a89a-1ca4983aa4cd,НПУ,194,Передано в суд,2024-09-03,,Опер #6,Гр. Петров 853,5
acb7ec1f-af62-4cb1-b778-de90919f89d5,Прокуратура,194,Ожидание экспертизы,2023-11-25,2024-12-28,Опер #57,Гр. Иванов 251,4
a166a304-d766-4492-a821-75b62e27bbdb,Прокуратура,115,На розыске,2022-01-30,2022-11-01,Опер #4,Гр. Гончар 102,14
dc98409e-84e1-4571-8165-f9d027d6a53e,Прокуратура,307,Ожидание экспертизы,2024-09-23,,Опер #76,Гр. Мельник 965,4
5073400c-24c7-460e-8548-e6bf474d3df5,Прокуратура,289,В работе,2020-12-20,,Опер #133,Гр. Коваленко 876,0
d08923ea-a87b-454b-a26c-204b73585173,Прокуратура,309,На розыске,2020-03-02,2021-03-10,Опер #91,Гр. Мельник 846,3
b17eff78-004b-4874-b1f8-86ec2bea442f,СБУ,185,Передано в суд,2023-05-02,,Опер #176,Гр. Сидоренко 599,4
d0c05c33-cf9a-44cf-b120-0157be0e3919,НПУ,187,Закрыто,2024-09-20,,Опер #144,Гр. Коваленко 167,3
a69358fa-dce4-40c6-abd2-ce7e7b9ca45d,Прокуратура,263,В работе,2024-09-06,2025-07-01,Опер #35,Гр. Мельник 843,3
43ab9283-f5fa-409b-9d0f-2475660d3946,СБУ,263,Передано в суд,2021-01-16,2021-04-02,Опер #40,Гр. Гончар 151,11
c7a2071e-8772-4d9c-b268-a0c5b953f4d0,НПУ,309,В работе,2021-09-03,2022-03-02,Опер #182,Гр. Мельник 786,11
eff0b34b-aef4-4ee5-bb6d-4dc24814f18d,Прокуратура,121,Закрыто,2020-04-19,,Опер #89,Гр. Иванов 776,0
e56624f4-aab3-4f85-9368-6a83259e8550,СБУ,296,Закрыто,2020-05-02,2021-03-14,Опер #85,Гр. Сидоренко 853,8
a637a5fc-0186-44bb-8105-3c7d81470182,Прокуратура,309,В работе,2020-08-09,,Опер #70,Гр. Мельник 317,2
9129e79a-53b6-4b37-a7ec-25e5132ea344,НПУ,289,В работе,2020-11-03,,Опер #196,Гр. Сидоренко 683,2
94fcfaa5-ff3f-4430-a074-3253d6e79b29,НПУ,115,Ожидание экспертизы,2022-06-24,,Опер #175,Гр. Сидоренко 518,1
822f7398-9dd8-4591-a345-c2c9dd488d09,СБУ,307,Передано в суд,2020-08-24,,Опер #104,Гр. Гончар 887,9
944d1b73-ba30-49e5-947a-a7c9511c4dd5,Прокуратура,115,Закрыто,2022-07-11,2022-10-20,Опер #10,Гр. Петров 952,11
11c21258-7e57-401d-b9cc-3bc6dccb2227,НПУ,194,На розыске,2025-01-21,,Опер #62,Гр. Гончар 677,11
07f0610d-2e84-4dbb-a930-1b14412a8e78,Прокуратура,194,На розыске,2020-09-11,,Опер #110,Гр. Мельник 146,15
54e80006-91e8-4b92-9ce4-077010316191,СБУ,263,Передано в суд,2021-08-03,,Опер #21,Гр. Петров 843,3
b11ea687-7eeb-48cf-9393-4c7345fa9e1f,СБУ,194,В работе,2025-05-31,,Опер #110,Гр. Коваленко 708,10
33e20b2c-dc73-4319-9f66-b5cfdd3eddbb,Прокуратура,296,Ожидание экспертизы,2023-07-12,,Опер #24,Гр. Иванов 415,9
4bd204d5-ccd8-4b14-9fa3-1220c77287b5,Прокуратура,185,Ожидание экспертизы,2020-06-19,2021-06-25,Опер #92,Гр. Коваленко 243,13
de0a09df-116d-4147-81da-e037291274d8,СБУ,185,На розыске,2021-08-15,,Опер #115,Гр. Гончар 979,6
14d255f1-ec5b-4404-9d2f-ef13bb2ebdad,Прокуратура,187,В работе,2022-01-03,,Опер #185,Гр. Мельник 715,1
9db1e495-d2ab-4160-874c-7f702bd444e8,СБУ,307,В работе,2023-03-03,,Опер #91,Гр. Иванов 201,10
673b797d-7d25-46b2-91f8-958d29508fe7,Прокуратура,121,Закрыто,2022-11-19,2023-08-09,Опер #72,Гр. Сидоренко 435,14
eff005ed-6d0d-429c-8077-62d44836055e,Прокуратура,296,На розыске,2020-08-26,2021-04-20,Опер #169,Гр. Мельник 558,2
4846d9b0-3031-4c1a-b04c-abcb14968ec1,СБУ,187,Закрыто,2021-07-01,,Опер #30,Гр. Гончар 634,1
90c8e9b2-411b-45ed-bc38-0e4ee950135f,СБУ,194,Ожидание экспертизы,2025-05-20,,Опер #121,Гр. Иванов 744,8
8fefc606-c976-4f3e-b24e-f9d2f6c0234e,Прокуратура,296,Закрыто,2023-06-07,2023-12-24,Опер #73,Гр. Мельник 297,11
7c62f415-5ada-4336-b214-4bb42d38f1cc,Прокуратура,289,Передано в суд,2024-05-23,,Опер #155,Гр. Мельник 684,7
f508f953-b06b-45a5-8db3-aecc32ed3c3d,Прокуратура,309,В работе,2024-02-11,2025-01-05,Опер #192,Гр. Мельник 893,10
c5a80a8b-7881-4427-bc30-830afe47e3e1,Прокуратура,289,Передано в суд,2020-02-23,,Опер #199,Гр. Сидоренко 867,8
0fefa025-573f-423b-99cb-248bf11b3102,СБУ,296,В работе,2021-09-25,,Опер #8,Гр. Петров 129,5
22090ea2-c032-4b85-a3d4-a32276a6d54b,НПУ,121,Ожидание экспертизы,2025-05-06,2025-06-10,Опер #147,Гр. Мельник 150,9
9e5b8ac0-052c-4a11-9869-20bf455e97de,СБУ,309,В работе,2020-08-18,,Опер #85,Гр. Коваленко 636,0
166cb323-b44c-47ba-9ba9-c8e17a2d9277,СБУ,194,В работе,2020-05-21,,Опер #188,Гр. Петров 642,3
fcfe05d3-25c5-4a56-acc0-1e290a6038b3,НПУ,121,Закрыто,2021-05-21,,Опер #53,Гр. Петров 546,7
4b171f68-505e-4604-904d-fae763fadd38,СБУ,296,На розыске,2021-10-05,,Опер #149,Гр. Сидоренко 244,10
919a2add-af8e-4c65-b351-a8bd20fae654,НПУ,263,В работе,2025-01-25,2025-01-31,Опер #167,Гр. Петров 375,1
13b21606-306f-43be-8865-26d227baeeb3,Прокуратура,115,Передано в суд,2020-11-12,2021-03-29,Опер #145,Гр. Мельник 715,4
f7f10173-af90-4911-97e9-9827acb2630a,Прокуратура,289,На розыске,2024-07-14,,Опер #17,Гр. Иванов 497,11
f22731ba-3338-4a20-984b-635a8e92dcdb,СБУ,194,Ожидание экспертизы,2025-11-11,,Опер #136,Гр. Коваленко 743,13
3449e121-4a6f-4b23-9a76-48e95a95ff5f,СБУ,289,Закрыто,2022-01-16,2022-05-16,Опер #53,Гр. Сидоренко 113,8
41f11c94-4d57-4ca8-a9f1-c1f4eacdd3e7,Прокуратура,307,На розыске,2024-09-07,,Опер #132,Гр. Гончар 930,10
03f92fe2-ccae-415e-a47c-e239ca222ad0,Прокуратура,309,Передано в суд,2020-06-26,,Опер #183,Гр. Гончар 152,4
0744447f-cf7c-423b-8a2a-23399f3fda3b,СБУ,263,Передано в суд,2020-06-04,,Опер #42,Гр. Сидоренко 745,8
0053a0e4-7d88-4fd2-9034-c2f78d9036ce,Прокуратура,289,Передано в суд,2021-09-09,,Опер #49,Гр. Сидоренко 277,4
3c87ce48-9733-4354-8a99-4af7adc1566b,НПУ,307,Закрыто,2024-04-19,,Опер #113,Гр. Сидоренко 653,12
ca671fe3-f9c3-4ccd-b644-5771c5995ef5,НПУ,194,На розыске,2024-09-23,2025-02-24,Опер #16,Гр. Мельник 402,11
f5d291a3-dba0-48ee-9a1a-e747971db939,НПУ,187,На розыске,2023-12-25,,Опер #134,Гр. Гончар 950,8
fd49534c-b391-4c78-b72a-4f77219c7bdb,Прокуратура,307,Закрыто,2025-05-31,,Опер #190,Гр. Мельник 519,8
0bf43788-d449-40aa-b965-2961dec9497e,НПУ,296,Закрыто,2025-09-25,,Опер #178,Гр. Сидоренко 210,4
8b839f95-a624-4d40-9044-4223fbf38d01,Прокуратура,307,Закрыто,2022-01-18,2022-02-17,Опер #54,Гр. Коваленко 298,5
b38e57d4-0adf-4474-8f5c-bf46ce165f1d,НПУ,187,На розыске,2022-11-11,,Опер #156,Гр. Гончар 236,10
f5db27e9-8316-4041-8a19-a21a643398ea,НПУ,194,Закрыто,2021-03-21,,Опер #101,Гр. Мельник 422,10
06d9ceb7-1991-4b04-8c51-ee7f3e0431c3,Прокуратура,194,Ожидание экспертизы,2025-02-02,2025-03-31,Опер #199,Гр. Гончар 572,1
7ce75682-5754-449d-b0f0-3ecb8f4053d4,СБУ,307,Передано в суд,2025-10-25,,Опер #62,Гр. Иванов 291,6
134ff3b2-1069-4da2-9c47-9cb04cd24b9e,СБУ,309,Ожидание экспертизы,2024-04-22,2024-07-17,Опер #13,Гр. Мельник 761,14
74b34097-fef1-4388-9e73-2c06c88bcb9f,Прокуратура,296,В работе,2022-05-25,,Опер #43,Гр. Петров 310,13
253810d2-5c48-4199-9506-9614442d4849,Прокуратура,185,На розыске,2020-09-21,,Опер #193,Гр. Гончар 850,4
dab3ed57-55a8-487f-943f-d14b10677835,СБУ,194,В работе,2025-05-22,2026-05-13,Опер #55,Гр. Иванов 795,13
927e8143-bc04-40b3-b269-bf5e9661dcc6,НПУ,263,На розыске,2021-10-20,,Опер #165,Гр. Мельник 555,0
288a78d3-ae84-46a9-8e6c-049b1224ce29,Прокуратура,296,На розыске,2023-05-23,2024-04-07,Опер #15,Гр. Коваленко 817,4
ef88df1b-7fb7-4083-bdac-a292ceb92ac7,НПУ,263,Передано в суд,2025-06-28,,Опер #88,Гр. Сидоренко 234,15
6eb3f86a-2e23-4de5-9af4-8acb0ff9e326,НПУ,309,Закрыто,2021-02-05,,Опер #196,Гр. Мельник 515,5
4c677c7b-edf0-41c0-b8ed-1645b981ed60,СБУ,296,На розыске,2024-03-26,2025-04-18,Опер #177,Гр. Сидоренко 135,7
008f1ca4-c9e2-4c85-8949-6b5dec07267b,Прокуратура,185,Закрыто,2023-05-24,,Опер #108,Гр. Иванов 177,7
b9b37bf1-e98d-469c-9fb7-12c89ae80837,НПУ,263,На розыске,2024-07-07,2025-02-03,Опер #38,Гр. Петров 768,5
01b04fea-0524-4d55-bcb6-66fcfff45d41,НПУ,309,Передано в суд,2023-12-14,,Опер #200,Гр. Иванов 358,10
be1ee4aa-8622-4888-8604-23b8623b51fc,НПУ,194,Передано в суд,2021-08-10,2022-03-19,Опер #14,Гр. Иванов 286,9
c8cac4c8-dd2a-4fe9-ba89-c24aeaae9fb0,Прокуратура,263,Закрыто,2023-06-21,2023-09-27,Опер #103,Гр. Сидоренко 805,14
90931e62-5436-4419-9233-ed5e3fc5c953,Прокуратура,194,В работе,2020-12-10,,Опер #154,Гр. Иванов 341,7
40043834-ac84-46ec-a4d2-095a0038280f,НПУ,121,Ожидание экспертизы,2021-09-09,,Опер #5,Гр. Сидоренко 829,10
327416f1-e277-4f61-bd35-249931214b3f,НПУ,185,В работе,2022-02-08,,Опер #185,Гр. Коваленко 246,14
e84076b0-0ec8-4afc-a736-2661eeb3a11c,Прокуратура,289,Ожидание экспертизы,2020-11-28,,Опер #19,Гр. Гончар 499,8
fb1b8d85-b0fd-4603-b342-400f7276d6b4,НПУ,185,На розыске,2025-02-18,2025-04-11,Опер #190,Гр. Мельник 345,4
a48018f6-c78d-41ce-898e-3708c5f9046d,Прокуратура,296,Передано в суд,2021-06-21,2022-04-11,Опер #128,Гр. Петров 485,2
b0b99654-2a0b-4bdd-a18c-ab4401308f4b,НПУ,115,Ожидание экспертизы,2025-08-28,2025-12-20,Опер #162,Гр. Петров 438,8
b0d965ea-ac3b-44b2-9002-9eb85e9a245a,Прокуратура,194,На розыске,2022-08-26,,Опер #114,Гр. Гончар 439,14
584cbcf0-1a5a-48fe-8471-9454b3027264,Прокуратура,121,Ожидание экспертизы,2023-08-30,,Опер #19,Гр. Коваленко 155,9
352df457-2813-49f7-96aa-a46a52a59c45,НПУ,187,В работе,2024-05-08,2024-07-05,Опер #29,Гр. Петров 689,8
ff14b486-5f1b-4ab6-be41-c7209f988958,Прокуратура,289,Передано в суд,2024-07-11,2025-05-17,Опер #14,Гр. Сидоренко 657,4
b5855051-6923-431e-b6ae-2470e22abb79,Прокуратура,263,Ожидание экспертизы,2025-05-15,,Опер #107,Гр. Иванов 191,14
9b0a4f6d-38fe-4443-9d83-5830b73c35e0,НПУ,121,Закрыто,2021-04-07,,Опер #52,Гр. Коваленко 168,13
6db87cf0-25dd-48c8-8828-d7c57abea81b,Прокуратура,121,На розыске,2022-05-11,,Опер #129,Гр. Петров 252,2
b3ba2aa2-bc0b-4ded-a5ba-23062ab76f45,Прокуратура,296,На розыске,2021-03-03,2021-09-26,Опер #36,Гр. Иванов 486,7
90e26a83-42f1-4289-a731-01980d8a1a6c,Прокуратура,185,Ожидание экспертизы,2025-04-16,2025-08-11,Опер #189,Гр. Коваленко 844,2
0591c3b6-ae3d-4edf-978e-f1ca8e203de8,Прокуратура,263,Ожидание экспертизы,2025-09-15,,Опер #105,Гр. Коваленко 891,5
47a59f99-984e-4910-a1d8-9d6b1755bbc5,СБУ,115,Ожидание экспертизы,2024-03-27,,Опер #69,Гр. Коваленко 781,0
6e1893d7-7042-4dee-a59c-485196c332bd,СБУ,194,На розыске,2021-12-10,,Опер #121,Гр. Мельник 941,6
9d8406be-98fc-48a3-aca9-90d6a77f240c,СБУ,289,Закрыто,2021-11-09,2022-07-04,Опер #197,Гр. Сидоренко 113,13
a23c7e78-b665-4460-8f5e-540673b20196,Прокуратура,185,Закрыто,2021-09-03,,Опер #195,Гр. Петров 878,4
cec69afc-393d-484a-9d9e-ef406bbe73be,Прокуратура,115,На розыске,2025-08-06,2026-01-16,Опер #137,Гр. Коваленко 950,15
a6d04730-f9ed-4722-8a58-3048de35bd3a,НПУ,194,На розыске,2023-05-04,2023-09-09,Опер #132,Гр. Петров 633,7
91ed43ec-c829-4691-a2c3-b9b236baa9bb,НПУ,296,На розыске,2020-10-18,2021-10-21,Опер #164,Гр. Коваленко 719,9
1939041d-4eef-4653-8fcc-19e26f92e275,НПУ,296,Закрыто,2022-03-28,,Опер #67,Гр. Мельник 392,14
13680d9a-7e15-4f1f-bd74-8190afbbe610,Прокуратура,263,Передано в суд,2022-09-17,2023-08-01,Опер #175,Гр. Мельник 493,13
c37c7533-83b3-4533-9c0e-04757348f1a1,СБУ,115,Передано в суд,2023-09-01,,Опер #81,Гр. Мельник 775,4
fac26f12-9fa5-45e0-b314-94fe4b8a27fc,Прокуратура,115,На розыске,2024-11-26,,Опер #116,Гр. Сидоренко 212,12
74ae9fd5-71f1-4a14-ae0e-281a22917931,СБУ,194,Ожидание экспертизы,2025-11-12,2026-12-10,Опер #63,Гр. Мельник 391,5
cbbb134d-4b62-4033-af8a-0f4a8ece90f1,НПУ,307,Закрыто,2020-08-14,2021-07-09,Опер #119,Гр. Петров 699,8
ab4f124d-a0e3-4d70-9cb8-4dceb3abe7cf,СБУ,121,В работе,2025-10-26,,Опер #115,Гр. Петров 497,15
21a248cd-017c-4766-87ae-b00ca7970fc8,НПУ,289,На розыске,2020-04-15,2020-05-08,Опер #200,Гр. Коваленко 233,3
3a208067-af91-4443-9d2e-00770d614e2a,Прокуратура,187,Передано в суд,2022-09-18,,Опер #132,Гр. Петров 731,0
f55037b9-b024-4c9c-b9e9-af1d13f2d323,СБУ,115,Закрыто,2021-09-22,,Опер #58,Гр. Коваленко 381,3
41b88c25-59c7-4cb4-a5dc-aacf709da8c1,СБУ,289,На розыске,2024-07-10,,Опер #67,Гр. Иванов 831,11
0dc45068-392e-4022-8603-88e42af61029,Прокуратура,296,Ожидание экспертизы,2022-11-17,,Опер #152,Гр. Мельник 635,14
07dd4a47-b6bc-496b-9f17-b0d3c8c6f971,Прокуратура,309,Передано в суд,2020-08-02,2020-08-27,Опер #194,Гр. Коваленко 440,3
08dbbe05-a2ad-4fe7-8e3f-9f20fcaae961,СБУ,185,Ожидание экспертизы,2021-05-30,2021-11-03,Опер #172,Гр. Сидоренко 589,9
10dc77e0-a15a-4398-a047-4cdb83aa5591,НПУ,309,Закрыто,2021-11-03,,Опер #164,Гр. Петров 132,5
f4f022a1-988a-47ae-9822-a22d9ff9568c,НПУ,289,Передано в суд,2021-11-20,,Опер #93,Гр. Гончар 982,10
5a9e8a3c-48ec-4b65-b996-b87d6a99e2ee,Прокуратура,307,Ожидание экспертизы,2025-01-16,2025-11-11,Опер #85,Гр. Иванов 485,13
d09a0d55-4324-4759-9b1f-11d75412a697,Прокуратура,307,Закрыто,2020-07-20,,Опер #31,Гр. Сидоренко 327,13
9271b137-3953-4726-96d0-7eb3ec792d22,НПУ,185,На розыске,2021-01-22,2021-12-15,Опер #57,Гр. Мельник 873,14
76cb112b-1f69-4a0e-8f0b-9029b5c54498,Прокуратура,187,Передано в суд,2021-12-14,,Опер #65,Гр. Сидоренко 742,9
522f8039-9254-4ff5-a8bb-80f9447f8ace,СБУ,263,Ожидание экспертизы,2023-10-31,,Опер #50,Гр. Сидоренко 905,3
c1e055b5-631b-43e6-a16a-70871e69c02e,Прокуратура,121,Ожидание экспертизы,2021-04-01,,Опер #57,Гр. Иванов 224,1
c0ffd7ca-8c90-482f-a7ac-2739972e060b,НПУ,187,Закрыто,2024-01-23,2025-01-16,Опер #79,Гр. Коваленко 774,10
5c5ff1f6-1aca-4112-bdff-cb0add12d3bc,СБУ,185,Передано в суд,2023-02-26,,Опер #143,Гр. Иванов 975,14
bd058b87-4e83-4490-bd24-b5a6ba3044e5,Прокуратура,296,Ожидание экспертизы,2020-05-14,,Опер #93,Гр. Иванов 649,7
f7c7aec8-8269-4fa6-b9dc-01d244412761,СБУ,296,Передано в суд,2023-01-19,2023-10-14,Опер #3,Гр. Гончар 803,0
98abfb5e-d1ca-4308-9977-77b73a212431,СБУ,115,На розыске,2021-04-04,,Опер #31,Гр. Коваленко 131,5
50c81472-1b7e-49b2-8e4a-158df4ffa79e,СБУ,307,На розыске,2021-09-15,,Опер #7,Гр. Иванов 140,8
bac3a885-b7e0-439b-b126-75953adf0be6,СБУ,121,Ожидание экспертизы,2022-08-04,,Опер #45,Гр. Мельник 458,7
059f6327-7242-4ef5-a076-eba113a65cb3,НПУ,121,Передано в суд,2025-03-31,2026-04-24,Опер #130,Гр. Сидоренко 183,13
bdcdf048-bf68-4604-bc8d-059c03aa4e65,СБУ,187,На розыске,2020-01-22,,Опер #184,Гр. Иванов 715,14
8a22a9dd-eb4a-4849-9616-0b01ea2e44a7,СБУ,115,В работе,2020-10-15,,Опер #104,Гр. Сидоренко 752,0
8ded15c4-77b6-4d1c-a23c-fe65c50c80e0,Прокуратура,121,Передано в суд,2024-04-10,,Опер #67,Гр. Иванов 821,13
324acb74-9984-4329-bfc9-513a77f38ac3,СБУ,194,Ожидание экспертизы,2020-08-12,2021-04-27,Опер #71,Гр. Петров 263,7
d1b254ff-674a-43e1-8deb-d5c89c55f938,СБУ,121,В работе,2025-04-06,2025-11-30,Опер #182,Гр. Иванов 290,4
78da86c5-b3f3-4b2b-a627-3dc9bc5ed263,Прокуратура,307,Закрыто,2022-10-24,,Опер #99,Гр. Петров 686,14
92372241-bc01-4fc8-8676-e773c280d41c,СБУ,307,Закрыто,2022-10-10,2023-06-20,Опер #8,Гр. Коваленко 303,1
9bb16b59-5ed6-47b0-9187-9430626ee803,СБУ,194,В работе,2024-01-02,,Опер #98,Гр. Мельник 177,10
10992fe8-cca5-40e7-92f8-fa2c5bc56aaa,Прокуратура,185,Ожидание экспертизы,2021-02-21,2021-03-01,Опер #103,Гр. Сидоренко 540,14
18096549-483b-4a4c-bf56-8324f8c02efe,НПУ,263,Закрыто,2025-03-29,2026-01-08,Опер #49,Гр. Мельник 444,0
a6d6fb9e-c3df-4175-b50b-3deb5d1775bf,СБУ,187,Передано в суд,2022-05-18,2023-03-20,Опер #39,Гр. Коваленко 995,7
f06eb347-4302-4a2a-aedc-a600971c0567,СБУ,307,На розыске,2023-04-06,,Опер #24,Гр. Мельник 426,0
2d607130-391c-4360-b236-c291d713dddd,Прокуратура,185,Закрыто,2023-02-23,2023-05-19,Опер #88,Гр. Мельник 676,4
dba80768-19a3-4ab5-8cae-24f8af619165,СБУ,121,Ожидание экспертизы,2021-09-12,,Опер #84,Гр. Сидоренко 218,11
d0846ae3-22f0-4bbd-bafe-0e73af0b8d4a,НПУ,263,На розыске,2024-11-03,,Опер #107,Гр. Петров 998,12
fa1042b0-1617-4945-8c72-ef1e5362f312,Прокуратура,115,Передано в суд,2021-01-15,,Опер #183,Гр. Коваленко 852,8
41ed2bc3-7c0c-4390-821e-38b7da743083,СБУ,289,Закрыто,2021-04-10,,Опер #51,Гр. Иванов 674,12
ee946fb0-dab5-47b6-91bc-209fa1b6f687,СБУ,194,Ожидание экспертизы,2020-08-22,2020-11-13,Опер #35,Гр. Коваленко 184,7
221997d9-5468-4fea-9b4a-d122ce5199a0,НПУ,309,Закрыто,2021-10-29,,Опер #45,Гр. Мельник 314,4
fde7ec6d-d778-47e2-ab58-2f14309fda62,НПУ,121,На розыске,2022-01-24,2022-05-15,Опер #194,Гр. Коваленко 616,1
7cd1f143-1776-43eb-a640-8c6d13c12231,СБУ,194,Ожидание экспертизы,2021-09-14,,Опер #84,Гр. Петров 150,10
27c7fb74-1826-4bcd-9e37-ca7f97ca3d5a,СБУ,194,В работе,2024-05-07,2024-07-01,Опер #59,Гр. Иванов 448,15
ee409ffb-f0a1-478a-ab12-6c48fd3a59b8,НПУ,115,Закрыто,2023-02-02,,Опер #116,Гр. Коваленко 278,7
7898d9c8-09e2-47a7-a6e1-314fbe764327,Прокуратура,289,Ожидание экспертизы,2021-07-19,,Опер #53,Гр. Петров 618,5
89af015f-a7fa-4513-a3a1-62d230d71030,Прокуратура,263,Закрыто,2022-04-29,,Опер #23,Гр. Мельник 535,3
544ab26d-1a01-4ff9-b3f7-254e12bbb2e7,Прокуратура,194,Передано в суд,2025-05-08,,Опер #122,Гр. Коваленко 949,11
ab294bbb-fb1e-4bd2-a0e5-b36a8f10d428,НПУ,307,Ожидание экспертизы,2021-03-03,,Опер #163,Гр. Гончар 359,3
1e25243c-c54a-46d0-b6bb-792485900ae4,Прокуратура,121,Закрыто,2021-05-15,2022-06-01,Опер #14,Гр. Иванов 274,15
1839ec6f-e709-421b-bc5c-3aeec3a88b97,Прокуратура,296,Закрыто,2021-12-25,,Опер #169,Гр. Гончар 472,1
d0625602-4854-463f-b346-46cbdfb51e4a,СБУ,263,На розыске,2025-01-08,,Опер #118,Гр. Мельник 777,4
e5c706e3-d6e0-421d-94dd-9757b5a45942,Прокуратура,263,В работе,2022-05-06,,Опер #116,Гр. Мельник 960,11
60c0ac1d-44f6-4bac-97ac-529564c1795c,НПУ,263,Передано в суд,2022-09-28,,Опер #160,Гр. Сидоренко 342,5
b7f718ce-9e89-4aef-8cd2-5d1aa4078827,Прокуратура,115,Ожидание экспертизы,2020-03-06,2020-07-20,Опер #191,Гр. Мельник 522,1
35942141-5a81-46ed-bbfe-7ea09c25953c,Прокуратура,263,Ожидание экспертизы,2024-12-12,,Опер #87,Гр. Сидоренко 961,1
4c3ac6cf-1cb1-4bb8-bbad-466119e28713,СБУ,121,В работе,2023-12-26,,Опер #39,Гр. Гончар 999,15
d842bdc2-3b62-4ede-b5c0-ad072f45a69e,НПУ,296,Передано в суд,2024-05-07,,Опер #78,Гр. Сидоренко 474,3
0c93dcf5-c3cf-4ce8-ad9a-c8d7d62c9054,СБУ,115,На розыске,2022-09-28,,Опер #135,Гр. Иванов 609,8
c4ecd616-56ef-4423-be98-88a9d89fa49c,СБУ,115,В работе,2021-03-12,,Опер #71,Гр. Коваленко 627,3
e921d2ec-3d45-44b8-a083-85248fe1a888,НПУ,115,Закрыто,2025-06-08,2026-07-09,Опер #42,Гр. Иванов 968,4
45398375-87f1-4918-86da-9c479031ad20,СБУ,121,На розыске,2025-05-14,,Опер #97,Гр. Коваленко 821,0
57b95f63-7db2-41d0-9f1e-db7805af590d,НПУ,296,На розыске,2020-07-18,2020-11-22,Опер #112,Гр. Сидоренко 314,14
3edb6dc3-f651-45af-b698-9a27ced3a94e,СБУ,194,В работе,2021-05-12,,Опер #21,Гр. Петров 104,15
a9d14b33-cbfd-4222-865f-7dd5971028b3,Прокуратура,289,В работе,2025-10-26,,Опер #176,Гр. Петров 986,10
e065fd37-a7cd-4477-973a-1a47ed2e4e62,НПУ,187,На розыске,2025-09-14,,Опер #21,Гр. Мельник 515,12
51ac3202-bf0e-45ab-89bc-4650d075eba8,Прокуратура,307,Закрыто,2025-07-09,2026-01-29,Опер #93,Гр. Гончар 563,6
b16f1c01-ed6a-4ff3-b5a2-23a2ee127b7e,Прокуратура,263,Ожидание экспертизы,2022-10-30,,Опер #154,Гр. Мельник 143,13
17cd4b81-0bf2-4272-b7bb-b45e083f9d94,СБУ,121,На розыске,2024-10-31,,Опер #140,Гр. Петров 775,9
512cbaa6-1b98-4ff4-ba90-3dba68d16d02,Прокуратура,185,Закрыто,2024-08-07,,Опер #128,Гр. Гончар 520,8
b15fecba-c4d6-473b-9471-96ef4a2704e9,СБУ,121,В работе,2022-05-18,2022-10-15,Опер #129,Гр. Иванов 565,5
787ac264-fb18-4cb1-a187-3dafa4c57b61,НПУ,296,На розыске,2021-01-06,,Опер #71,Гр. Гончар 739,1
3261cf26-4c57-4830-ab67-66733479190b,НПУ,187,Передано в суд,2025-05-28,,Опер #185,Гр. Коваленко 883,7
7ac52c26-9b8e-4aae-aa7d-03a80fcb6068,СБУ,307,На розыске,2021-09-15,,Опер #174,Гр. Иванов 754,8
be6c0b71-d6c0-426f-818c-130da56a9c0b,НПУ,309,В работе,2025-01-26,,Опер #27,Гр. Иванов 498,15
cf1758ee-49ef-49db-a89a-8c02db2cafc7,НПУ,194,На розыске,2024-11-10,,Опер #13,Гр. Петров 230,15
f27e22ca-e9cb-4d81-aaed-c08782f4f4f2,НПУ,194,Ожидание экспертизы,2024-06-26,2024-08-25,Опер #23,Гр. Петров 200,8
7466c5a8-785a-4302-b26f-ab3fe41767a7,НПУ,185,Ожидание экспертизы,2023-07-17,2023-10-24,Опер #133,Гр. Иванов 711,15
1483d3ca-b79b-4753-9c6e-8e5edc209bbe,СБУ,194,В работе,2025-04-25,2025-09-10,Опер #85,Гр. Коваленко 341,10
93cefbac-0d53-437d-b594-c6f33ec82ef3,Прокуратура,296,Закрыто,2025-10-06,,Опер #105,Гр. Коваленко 553,6
a8b6cbba-5696-4519-8c92-91b7a23cbf91,НПУ,121,Закрыто,2021-05-13,2022-05-28,Опер #87,Гр. Мельник 344,8
4654282d-5b21-40ac-9560-162f0d98daeb,Прокуратура,296,В работе,2023-08-10,,Опер #151,Гр. Иванов 994,7
4b9b09ff-99dd-4334-a388-00bb495b2569,СБУ,121,Передано в суд,2021-03-03,2021-05-12,Опер #30,Гр. Иванов 629,1
82780812-c8dc-4d69-8068-db03274a6c04,НПУ,115,На розыске,2020-09-21,2020-11-23,Опер #143,Гр. Коваленко 837,13
ea758f34-3b91-4d7a-9891-ac3c7991a485,Прокуратура,115,Ожидание экспертизы,2021-01-15,2021-10-09,Опер #189,Гр. Мельник 339,2
37983d80-14de-4f0f-87db-184dc4a7e027,Прокуратура,296,Ожидание экспертизы,2023-06-11,2024-03-30,Опер #196,Гр. Петров 690,4
c49c4f1b-4fc3-49a9-bfe0-4d704469b14d,НПУ,121,Закрыто,2020-04-29,,Опер #136,Гр. Гончар 285,14
